date,min_temp_c,max_temp_c,mean_temp_c,mean_humidity,mean_wind_speed,mean_solar_irradiance,max_solar_irradiance,day_of_week,lmp_opr_hour_01,lmp_opr_hour_02,lmp_opr_hour_03,lmp_opr_hour_04,lmp_opr_hour_05,lmp_opr_hour_06,lmp_opr_hour_07,lmp_opr_hour_08,lmp_opr_hour_09,lmp_opr_hour_10,lmp_opr_hour_11,lmp_opr_hour_12,lmp_opr_hour_13,lmp_opr_hour_14,lmp_opr_hour_15,lmp_opr_hour_16,lmp_opr_hour_17,lmp_opr_hour_18,lmp_opr_hour_19,lmp_opr_hour_20,lmp_opr_hour_21,lmp_opr_hour_22,lmp_opr_hour_23,lmp_opr_hour_24,lmp_opr_hour_25
2023-01-26,7.2,17.6,11.579167,62.208333,9.8875,165.166667,630.0,3,124.58233,124.11442,123.12204,122.74371,126.55367,154.41914,190.27396,156.2759,124.56427,106.7325,93.97264,84.16893,73.41,69.97709,77.01465,106.66743,144.18121,174.56174,169.96637,162.21233,159.03587,155.25044,147.48724,139.36267,
2023-01-27,5.4,16.5,10.120833,67.791667,9.945833,169.083333,643.0,4,82.8972,77.98443,75.6748,74.82669,83.58872,103.06221,119.39131,100.81588,73.07154,60.41281,53.64116,45.53,39.32,33.8,34.31983,58.05645,82.19873,104.11482,100.10359,92.03284,90.51087,87.72114,82.58601,78.66116,
2023-01-28,6.5,15.8,10.808333,81.958333,10.741667,150.958333,598.0,5,86.99934,89.11712,87.58338,88.98645,93.28994,103.2047,112.90202,95.41607,70.92211,54.10032,46.64077,30.77286,19.70961,17.85542,21.40416,50.69519,96.27152,114.81895,111.68921,106.19556,100.52577,99.41429,95.78344,91.91899,
2023-01-29,9.5,12.6,10.804167,83.583333,13.541667,77.25,278.0,6,98.46892,97.35806,93.72275,92.87672,95.00076,94.91542,99.7332,92.06571,71.37999,51.91063,45.95302,43.59345,45.96,49.67423,54.50083,79.821,111.16067,128.62433,128.92125,123.23693,120.07957,118.67859,112.96082,101.46,
2023-01-30,8.5,12.2,10.0625,84.0,10.2875,64.416667,236.0,0,102.10571,98.6783,98.19431,98.69412,108.02547,127.39701,160.0794,162.64638,122.31,102.37792,93.36845,91.65465,88.1268,85.8494,88.34542,96.21441,136.07079,170.28725,165.1,157.46738,154.90979,147.92282,130.93,120.04999,
2023-01-31,5.6,17.0,10.545833,50.958333,11.216667,175.75,665.0,1,102.46857,96.46568,91.14206,95.50608,102.40547,123.48999,145.80174,136.36333,85.42622,68.4,53.77839,45.7026,33.9853,31.83492,38.82733,66.90684,98.6457,136.16573,135.20856,133.13,129.69,121.73209,106.30678,98.07899,
2023-02-01,4.5,16.2,9.7375,56.833333,10.083333,177.833333,668.0,2,110.20166,106.61,104.87,106.25412,111.89663,132.05614,155.49948,137.01518,101.05629,79.43479,65.73932,57.0,40.0,30.87115,42.07984,84.2578,111.48507,141.75932,144.6276,135.8751,122.37686,119.4404,111.30039,107.99959,
2023-02-02,5.8,16.8,10.654167,64.625,10.483333,148.75,538.0,3,139.94562,139.84428,135.87,140.57793,147.52963,166.88606,191.22163,173.19218,133.39864,118.96527,110.78572,108.50058,110.22812,108.04713,116.28622,133.51726,161.11316,178.56831,180.40675,177.51,166.82787,158.42184,146.30103,146.75156,
2023-02-03,7.5,16.8,11.733333,66.208333,9.325,151.25,645.0,4,70.43804,64.02931,60.44133,60.60726,60.87238,75.07316,93.91994,89.66766,67.69406,57.89435,52.98314,49.66296,46.70971,44.46366,45.27477,47.70241,60.0,85.28897,87.80681,81.53,77.70077,68.8974,59.18767,61.75022,
2023-02-04,7.2,17.7,11.95,73.041667,11.370833,175.041667,653.0,5,65.31238,58.09465,57.462,57.32574,59.36499,59.99814,71.61299,55.45962,37.93721,18.59399,5.51787,3.44615,1.91371,1.84748,5.53,28.03794,55.37158,75.79412,76.62654,67.5455,60.71652,57.86133,54.40675,53.18947,
2023-02-05,9.7,16.4,12.791667,79.125,15.575,152.625,641.0,6,51.22543,49.39693,49.10875,47.94854,48.50491,48.43473,53.806,45.70946,9.50615,-3.01134,-6.94618,-6.36369,-7.24862,-7.29258,-5.27854,1.17137,43.35417,67.53153,68.5012,64.1931,57.97289,53.38799,51.21769,50.81047,
2023-02-06,9.8,19.5,13.516667,49.166667,23.554167,184.25,683.0,0,44.16077,43.06307,42.90959,43.03909,46.66256,58.05331,80.0,65.87,39.2493,19.96908,13.67952,9.98172,6.92,4.19901,6.87875,22.65,55.47768,82.26232,82.84269,80.23876,74.11309,73.47,59.85,56.64438,
2023-02-07,6.6,18.2,11.616667,59.416667,9.220833,184.541667,684.0,1,53.04924,50.55618,45.966,45.93928,50.77026,63.33766,78.19621,59.09561,40.69088,19.99258,12.28449,11.03,10.1391,9.8327,12.74127,28.97039,53.67194,73.99891,72.69104,67.96805,64.56603,60.03,53.96,51.04357,
2023-02-08,7.1,18.8,11.833333,65.083333,10.9375,184.958333,684.0,2,52.13492,51.1658,50.31316,50.29085,53.08635,61.64407,83.77,61.43866,42.71042,22.07559,13.15988,10.50583,5.97814,5.50269,8.72388,29.76014,56.09026,80.17298,77.52242,71.43599,68.05,63.53994,54.3768,53.31336,
2023-02-09,7.8,22.8,14.358333,53.708333,10.241667,186.625,687.0,3,57.2042,56.11962,52.89,53.28963,55.27847,66.2369,85.0015,61.52389,34.93934,16.1,9.08481,6.86441,5.62165,4.67473,8.79,26.76942,54.61143,76.81471,77.88454,71.00329,68.3971,64.3987,57.34325,54.59199,
2023-02-10,8.4,22.6,13.9125,52.458333,11.179167,188.375,697.0,4,56.18206,54.6723,53.46682,52.36882,61.15948,69.89602,83.51532,64.61346,48.35746,30.7036,24.34214,23.4,22.59286,24.73032,28.59998,43.02168,63.65362,78.52677,76.83274,70.87855,68.77689,65.05518,62.57767,58.92844,
2023-02-11,7.6,14.6,11.195833,72.875,14.925,182.208333,696.0,5,58.48962,57.44559,57.44679,54.29602,54.93134,58.0558,62.9398,55.99313,47.41976,33.1835,23.90604,20.0,17.1059,14.30662,17.16098,27.43,56.08917,75.77613,78.65762,72.48561,71.2033,67.8067,63.65419,60.16611,
2023-02-12,7.0,13.2,10.0,79.958333,12.220833,136.541667,656.0,6,59.06012,57.41703,56.73304,54.87474,58.48371,60.74958,62.41287,55.88411,47.73912,39.00834,25.69417,17.97074,15.2602,14.12195,21.77774,38.3872,61.97,71.81873,71.38059,70.36794,68.33947,65.03171,58.64377,58.13201,
2023-02-13,6.7,15.6,11.291667,80.375,13.316667,151.125,561.0,0,53.88114,55.9896,55.46841,56.087,60.77203,73.81863,89.95427,72.74379,50.80493,41.82908,30.07992,20.7794,13.0957,10.38739,10.73165,22.19235,57.63906,75.83491,76.5826,70.14618,65.99989,63.95,58.86194,57.3943,
2023-02-14,8.6,14.2,12.0125,59.916667,20.404167,135.708333,545.0,1,56.15219,52.91654,52.32542,52.24627,53.73133,63.70349,81.90891,65.15285,50.53651,43.24198,31.46,22.2676,15.02,14.18029,14.78466,35.60078,60.08187,81.66562,82.3,81.45459,80.41478,78.50179,74.56315,69.95,
2023-02-15,6.5,16.6,10.3625,43.5,20.85,206.541667,745.0,2,53.09364,52.07523,52.12,55.0705,56.84993,75.87855,90.65714,70.46506,43.58733,35.90793,25.7652,18.95,9.53537,11.83675,15.36273,29.18315,58.64682,82.899,92.2558,82.31176,79.70654,76.05421,70.07579,60.91974,
2023-02-16,3.5,16.5,9.433333,42.916667,11.35,174.958333,673.0,3,77.17758,75.50879,75.36263,81.08891,90.39714,98.45673,108.13556,88.5792,61.03147,50.11996,50.16051,46.79868,43.72876,45.03048,45.81479,54.49418,81.27607,101.62674,104.16054,99.55201,97.90222,90.44436,86.66732,79.5293,
2023-02-17,5.9,17.4,11.158333,39.083333,11.3875,163.958333,629.0,4,81.50078,77.26258,74.95873,75.00473,79.68844,88.25013,102.07155,87.05497,64.0363,55.9953,51.55199,47.03795,43.75183,43.52432,45.19183,59.24857,67.33455,83.33782,85.87961,82.29302,79.10435,76.22322,73.59074,70.31432,
2023-02-18,5.9,18.0,11.479167,44.458333,11.166667,162.708333,703.0,5,64.31585,63.90221,63.70331,60.44442,60.59424,63.73312,65.33378,58.21028,42.4171,26.20439,17.81411,14.9543,11.14431,10.44215,13.99271,28.51585,54.59881,77.921,83.36983,77.7926,73.1685,72.14104,67.00383,62.11014,
2023-02-19,5.2,16.6,11.466667,57.333333,10.545833,205.125,734.0,6,57.66875,57.11655,58.78696,58.22643,57.50148,59.23908,59.58394,51.48,34.33,14.00778,8.16623,6.51757,3.90956,4.60535,10.1522,20.51849,51.65356,74.15952,80.27731,73.2845,69.5414,67.25123,59.34573,56.9855,
2023-02-20,7.3,19.8,13.104167,59.625,10.825,206.166667,738.0,0,58.72003,53.85463,53.09,52.26257,53.01,61.77918,68.21028,55.70798,38.04356,22.24677,14.94381,12.6274,8.766,8.78124,14.93879,26.12345,52.47753,72.67445,81.77133,71.31512,67.84261,61.85708,58.43172,57.3514,
2023-02-21,8.4,16.9,12.308333,73.0,20.45,187.125,694.0,1,59.9403,59.08113,56.36785,53.92536,55.49238,65.50185,79.02317,62.6,40.26645,21.62099,19.49363,15.31078,14.48575,14.00295,18.72791,29.45319,48.43068,67.28361,74.99837,70.58986,65.75782,65.68388,61.39387,59.97992,
2023-02-22,8.6,11.8,9.945833,54.666667,38.7,207.25,717.0,2,69.0351,62.57631,60.37029,60.26475,62.4987,75.13431,90.35519,70.45868,46.5206,35.20086,37.38419,33.11419,30.281,29.03889,32.87339,44.87702,62.32919,87.06686,99.52172,93.98584,87.07339,80.39475,73.14043,69.03831,
2023-02-23,5.2,10.6,7.858333,73.958333,14.854167,165.375,618.0,3,78.81489,78.88013,78.68997,78.97745,88.85611,108.86523,131.41965,110.96119,79.55827,66.33468,66.87963,65.37552,64.2681,65.19068,66.62647,74.54393,101.29479,125.29386,137.84535,126.16352,120.77982,115.75311,95.52198,85.48545,
2023-02-24,4.9,12.6,10.3375,83.916667,31.1375,21.291667,94.0,4,142.89279,134.949,126.83926,130.94348,146.54353,157.93124,180.40117,155.7,127.72694,116.60378,112.75812,107.43567,107.16684,104.53593,109.78,120.06982,155.13326,171.01144,184.65512,170.11401,163.07077,156.3598,150.24753,140.18626,
2023-02-25,3.8,12.6,7.9875,83.333333,13.858333,82.875,441.0,5,124.88449,127.02277,124.91426,126.47095,141.09058,139.02213,142.80177,128.0622,111.69904,109.48144,101.97335,97.05247,89.69358,90.10113,90.47083,99.85367,123.31922,146.19281,158.71902,149.941,147.2629,144.08464,139.25906,130.48,
2023-02-26,2.8,11.4,7.795833,79.458333,10.425,185.333333,687.0,6,109.42201,107.23815,105.64459,102.44492,100.5294,109.86283,104.64,92.68495,74.433,61.17925,47.20586,43.30056,42.5868,44.40896,58.73205,70.36174,90.27637,122.02397,135.68779,133.66354,124.38565,120.36374,114.21555,105.58756,
2023-02-27,7.0,11.9,9.354167,84.916667,14.608333,47.708333,214.0,0,112.06342,107.76341,107.82234,107.04176,116.21361,137.52492,156.24477,123.10136,94.92425,87.61503,85.53725,83.70617,83.52603,80.40475,83.31542,87.75752,114.10374,153.9612,175.80804,154.2449,139.47253,134.71338,129.23637,119.65787,
2023-02-28,7.1,12.6,10.425,84.125,15.5375,193.916667,683.0,1,81.22847,72.3099,67.9904,68.21128,77.34255,94.12699,112.49189,82.57202,61.7309,55.31083,52.82039,51.2957,49.90396,51.02516,57.29948,60.4684,86.36547,108.09637,129.36469,115.03606,106.19071,102.16214,93.20166,83.57949,
2023-03-01,6.7,11.3,9.466667,67.708333,26.716667,175.5,766.0,2,92.83599,88.78248,88.17106,88.63716,91.40101,102.22444,120.64008,94.2879,71.8747,56.75,51.25557,45.78,40.0,37.0,39.32911,53.23934,71.3578,102.71793,116.04565,107.59068,104.20482,95.11523,91.32154,80.06577,
2023-03-02,4.2,13.6,9.254167,68.75,11.375,229.458333,795.0,3,96.51905,96.76275,96.6877,98.18298,106.75864,132.40749,156.02,113.62969,69.93616,47.38147,37.66241,35.24457,38.14684,36.69,34.09176,45.1653,91.15521,135.89346,151.73834,140.59242,133.70065,131.05035,113.32655,104.37972,
2023-03-03,5.8,13.9,9.508333,83.166667,9.3625,226.916667,790.0,4,100.59459,96.20808,94.99654,95.56684,113.92623,127.13929,146.66245,115.95856,76.79946,70.23355,51.85292,39.91608,40.28616,38.84053,40.10172,53.02439,88.06863,132.69376,141.40198,137.34644,132.61333,131.38773,125.82975,114.17847,
2023-03-04,6.2,13.9,9.904167,84.166667,13.254167,160.541667,633.0,5,95.0,91.9155,92.0,90.31529,90.06442,94.9952,97.94062,72.72138,48.23218,40.41322,31.07075,29.0,21.17331,17.31096,18.15414,29.0,60.0,102.62615,116.70739,107.32017,101.79764,97.81551,94.78631,82.10468,
2023-03-05,9.9,13.4,11.129167,78.708333,11.520833,100.125,565.0,6,82.46954,80.69642,78.56405,78.46567,79.59617,86.418,85.80395,64.6315,56.50568,45.33649,44.56448,40.86715,33.92914,36.14979,40.1676,49.57,68.85957,96.79939,112.71686,106.69932,97.58065,96.77957,92.86827,87.57633,
2023-03-06,9.1,13.2,11.108333,79.916667,12.945833,211.708333,723.0,0,88.6838,88.15863,86.56333,89.89137,92.83356,107.74883,134.26443,102.1,61.78,42.93,34.76848,31.30713,28.03,22.82443,22.44327,37.08875,78.88,123.8667,136.06506,130.42538,125.29046,117.29166,100.11208,97.23,
2023-03-07,6.2,14.4,10.366667,77.083333,11.295833,238.875,818.0,1,96.97172,91.3646,88.02,91.07922,97.59832,112.95222,128.34454,92.95024,47.8661,21.86486,16.34,14.28975,10.97798,9.32666,8.54718,17.6373,69.6163,121.2394,135.71579,129.39413,121.39272,117.13892,109.3709,103.45007,
2023-03-08,6.1,12.7,9.758333,85.208333,10.966667,206.708333,751.0,2,89.81398,85.13574,85.03438,85.47825,99.27396,113.63549,133.40295,85.60816,49.14798,16.31622,7.76939,7.25153,5.38006,3.9489,8.54792,14.56191,69.50182,114.93253,124.32286,120.33548,117.27055,113.36696,107.7842,92.02702,
2023-03-09,7.3,15.9,11.358333,82.833333,11.2125,223.958333,793.0,3,82.9285,82.55394,80.69577,83.20485,95.53095,105.22287,117.1329,89.21113,57.55,36.8772,22.77044,18.0,14.02032,12.81354,15.6658,35.28981,76.5,114.89765,121.63801,114.53208,102.97302,100.39875,85.16146,76.26,
2023-03-10,11.4,13.6,12.3625,90.041667,15.675,45.333333,291.0,4,63.37281,62.35273,62.17432,62.30075,66.64485,90.79196,98.93852,88.78504,79.11101,58.83192,57.93759,54.43749,54.24242,51.3518,52.17003,58.99395,77.76777,97.63877,100.12697,94.25,91.2402,87.83803,76.55492,68.75727,
2023-03-11,13.1,15.4,13.966667,97.0,9.870833,58.958333,210.0,5,58.90629,55.1952,55.37151,55.06002,57.59615,59.20745,58.69876,52.02,46.23214,37.64016,33.67471,26.4489,24.31931,20.15639,22.39707,39.3218,50.58019,75.84806,85.4989,79.05845,70.53181,68.58304,58.85948,57.6695,
2023-03-12,12.7,15.6,13.847826,95.043478,13.086957,189.695652,713.0,6,74.18083,68.6965,,58.34557,57.76294,58.1977,64.11909,71.17225,48.35182,27.84568,8.41427,6.36424,2.35028,2.0741,2.0733,7.28725,26.52211,49.90711,83.58828,92.93521,83.73839,76.83608,72.19999,59.94798,
2023-03-13,12.8,14.9,13.591667,91.333333,11.783333,186.25,755.0,0,67.21454,67.21041,66.71214,66.8662,69.42676,88.08108,105.05364,105.90698,67.14636,43.92683,29.80706,22.64935,21.76058,19.60235,20.09413,29.59055,42.48459,63.28828,94.63495,112.76363,102.05627,95.79431,92.01289,81.82083,
2023-03-14,12.6,14.9,13.570833,92.916667,12.95,47.916667,201.0,1,76.53672,74.37683,71.30829,74.24127,80.63227,88.28778,106.82399,110.90616,90.88151,75.0,69.38595,66.48079,66.33609,66.46078,66.12412,71.90147,83.76781,95.70524,108.47655,116.13515,107.83176,95.36771,88.14362,81.01578,
2023-03-15,12.2,15.0,13.654167,93.25,13.329167,106.833333,545.0,2,65.10843,61.45863,61.0658,61.31655,63.95584,67.72088,93.45333,107.38134,90.99703,70.3699,63.91302,56.68898,46.24683,42.93242,38.98,39.97747,51.32724,63.48348,90.0587,108.75592,94.59947,90.14337,83.29633,72.21329,
2023-03-16,10.0,15.0,12.416667,85.25,8.445833,186.291667,695.0,3,70.11017,67.936,67.3756,67.05677,76.34712,98.30461,107.3348,109.5275,70.6635,52.64631,43.81801,36.81541,30.87264,25.75392,24.18716,27.81272,37.43754,59.46953,97.92223,113.90306,103.49007,99.2338,98.42367,91.37498,
2023-03-17,8.3,15.1,11.670833,90.75,9.470833,225.25,781.0,4,71.26511,69.77477,68.97015,70.38156,79.05297,91.49245,103.95833,106.53548,60.95115,45.66066,35.03476,29.66255,25.09,21.04278,22.72945,26.63,33.13855,59.27762,91.00703,100.76595,105.59847,93.96674,91.05473,82.1002,
2023-03-18,9.1,21.0,14.233333,74.166667,9.654167,248.0,863.0,5,82.4832,77.54571,70.10161,68.39499,70.75296,78.51683,87.78518,76.80421,47.74861,27.31095,17.06335,7.42813,4.2,2.91697,3.99178,8.34007,20.49144,48.32307,85.94744,90.05291,89.52723,83.73,81.69719,72.66925,
2023-03-19,12.5,15.4,13.595833,81.583333,10.725,51.541667,199.0,6,71.15,66.16029,63.2847,59.11368,59.1273,63.25409,68.41752,67.48982,59.35111,52.56926,42.51187,34.51305,32.20878,30.53,29.9132,35.86634,35.9381,52.87117,75.04,88.54167,87.07976,76.07579,69.60107,62.13711,
2023-03-20,11.9,14.4,13.054167,86.5,13.141667,120.833333,474.0,0,56.72573,56.83766,56.49544,55.85365,56.51708,64.37308,87.54904,100.7795,68.60793,49.16348,40.4082,34.86793,30.92957,29.19171,25.70086,25.4755,34.21129,59.79433,90.97706,101.70716,100.5342,89.18907,77.92488,71.58029,
2023-03-21,10.1,15.1,11.954167,81.708333,26.258333,144.916667,814.0,1,80.2,77.02766,76.11173,76.67461,82.96156,100.50507,123.24767,130.33131,125.41167,108.52569,98.94527,82.88616,78.22989,65.98702,62.21958,63.147,72.86164,91.97453,110.36664,122.44925,117.57063,108.26942,99.4151,90.58939,
2023-03-22,8.6,12.5,10.4125,83.25,13.920833,139.083333,606.0,2,74.44322,72.21094,70.80706,69.71422,72.51457,92.29381,114.50259,115.55511,85.21031,67.47541,55.73064,49.70639,46.55371,42.01662,41.30449,44.901,54.26171,69.73386,105.01864,118.03434,112.7237,104.8332,96.23011,82.05865,
2023-03-23,7.6,13.7,11.045833,85.541667,12.729167,213.833333,737.0,3,74.76804,68.8395,68.01974,67.89519,71.23165,85.6,106.0,99.30069,64.1453,43.51463,26.42379,16.03206,11.52555,10.14514,6.28,5.7127,9.34236,37.94989,85.90011,102.25565,101.8841,89.83288,82.28799,67.49692,
2023-03-24,8.4,14.6,11.983333,67.625,21.9875,266.041667,884.0,4,58.77503,57.58919,54.73254,53.75146,60.22778,71.92052,102.07,89.35468,38.76813,14.83811,3.88836,-0.69193,-1.08496,-1.2301,-1.71724,-1.21302,-0.40419,16.86351,77.19573,91.2284,90.44954,84.18264,75.68917,72.46956,
2023-03-25,7.2,15.0,11.254167,60.25,20.570833,256.666667,878.0,5,70.39655,64.28429,62.84877,62.37772,65.47137,75.50767,91.18149,76.32108,28.22267,1.54645,-0.01022,-2.05392,-3.4934,-4.76376,-5.12016,-3.47418,-0.01019,10.30144,73.04672,88.4495,86.10987,80.87868,72.58153,65.32746,
2023-03-26,8.4,15.7,11.845833,53.083333,24.404167,258.875,877.0,6,64.33926,63.71,59.8107,59.36886,62.88,70.44196,80.68338,64.33348,20.0454,0.34567,-0.00992,-2.94495,-4.25499,-5.13161,-5.11664,-3.06124,-0.0101,12.86008,73.7,91.88774,90.69409,82.08685,76.95494,73.35599,
2023-03-27,6.3,20.0,12.0875,58.291667,11.291667,269.208333,900.0,0,93.95376,93.36135,93.07712,93.57111,98.8385,114.41742,146.43733,122.37239,60.80427,29.7889,20.93147,16.39685,12.83028,9.55016,9.26377,13.5908,20.24708,57.00035,105.80743,131.03291,122.79395,109.95421,104.41872,100.02258,
2023-03-28,8.2,17.5,12.25,70.208333,13.658333,277.208333,894.0,1,85.0,79.61082,79.61067,79.55136,82.28182,104.21092,138.68661,112.28258,59.32552,28.12321,15.0,11.54609,8.44783,5.27606,3.91251,5.39657,11.57612,59.58333,98.23404,116.92892,111.16243,102.56653,96.01066,80.2931,
2023-03-29,9.0,13.7,11.708333,78.708333,17.758333,189.5,868.0,2,71.92672,71.0444,71.07247,71.32359,77.40361,89.9301,112.54066,107.96982,69.53341,58.8712,46.47835,35.69689,29.61651,29.32778,25.22632,26.03261,44.2424,66.90549,103.11092,117.11819,118.01267,103.76,92.09226,82.18549,
2023-03-30,7.6,12.8,10.15,80.916667,9.5,211.458333,754.0,3,75.99937,77.26983,74.6015,74.2593,77.08846,95.70064,110.87357,104.85571,58.61887,39.63743,28.30759,19.30924,16.32064,12.39,6.8529,5.10088,6.69241,29.0597,76.88781,92.43804,92.21881,86.36811,76.59136,70.43067,
2023-03-31,6.7,14.6,10.9875,81.5,13.633333,250.375,870.0,4,65.67452,61.15766,61.02879,60.35413,62.76271,83.69633,105.55115,91.8915,37.58682,8.49858,2.78747,0.28551,0.33447,0.0,0.06695,2.0308,6.81408,44.00694,78.75126,98.06445,95.62646,89.02515,77.83523,74.25965,
2023-04-01,7.8,16.8,12.120833,83.0,10.883333,287.958333,920.0,5,66.84891,65.95632,63.06355,62.37582,64.28616,73.18803,83.17421,63.98476,13.41482,-0.61433,-3.64057,-9.02709,-10.72154,-11.41545,-12.20509,-12.21989,-9.11625,0.3092,59.6695,86.17721,86.32276,75.66192,65.84216,59.83178,
2023-04-02,8.7,15.6,12.029167,89.0,13.3,266.166667,881.0,6,59.89961,58.56064,57.97167,57.02,59.33,63.90714,66.70243,47.52255,6.38218,-11.81982,-12.50059,-15.01,-14.698,-16.10583,-15.57318,-15.0,-0.95008,9.61856,64.63,81.62097,85.04653,77.35466,65.74358,61.14401,
2023-04-03,8.6,14.1,11.825,69.75,18.533333,183.375,611.0,0,57.95589,55.10172,53.98741,53.20876,54.56438,60.39736,92.32114,74.05392,33.25336,19.95025,7.96,0.2151,-0.55979,-0.86685,-1.09749,-0.72086,0.76446,31.02051,74.95506,100.56954,96.50551,83.42341,73.81978,66.11238,
2023-04-04,6.7,13.6,10.395833,53.916667,21.9375,294.166667,943.0,1,69.93197,66.68658,65.98881,68.61662,70.93556,83.57711,110.73477,83.89063,24.83088,8.47862,-7.98915,-3.04587,-6.73786,-8.00166,-8.57,-10.34382,-2.6778,13.1971,71.49499,103.44698,103.38927,90.11398,74.81249,73.46093,
2023-04-05,6.4,16.5,11.395833,62.583333,13.120833,290.875,925.0,2,89.84297,89.98207,92.37952,92.36242,103.18049,121.50306,152.04607,119.20129,58.98264,37.33778,22.50447,11.30614,9.06703,9.11989,9.82074,12.92108,18.73434,61.45716,107.97835,132.78781,126.61705,117.39587,106.67805,102.51754,
2023-04-06,7.3,19.0,12.9,60.666667,12.683333,298.416667,940.0,3,97.2312,98.61098,91.58915,94.594,97.83592,113.66202,155.58125,112.55874,62.14,30.32974,20.30431,14.46395,10.3865,10.88157,10.77283,12.35506,18.67,68.86108,116.71536,139.16794,135.44981,107.53572,101.32036,91.39096,
2023-04-07,9.6,17.5,12.9375,77.833333,11.516667,290.458333,919.0,4,76.08504,73.27936,71.66575,70.71479,74.96235,84.14491,107.65129,90.99921,53.49565,29.37051,5.79679,4.84135,1.41996,0.0,-3.85687,8.09085,7.44129,52.42849,81.16974,98.12367,99.22186,88.98757,78.06505,71.78886,
2023-04-08,9.5,16.9,12.795833,92.083333,13.604167,268.125,905.0,5,64.15013,63.13423,60.57066,57.56576,62.39151,64.7007,70.77817,59.96636,34.60735,10.43565,-3.62447,0.01,-0.49468,-2.41705,-1.14818,-0.38992,4.9623,37.43439,80.66051,94.53216,94.12844,85.77702,78.55465,70.96374,
2023-04-09,11.4,16.7,13.320833,92.375,8.458333,269.666667,901.0,6,56.76399,56.53802,55.14561,53.75139,56.42422,58.2553,62.49324,44.80151,10.81903,1.89543,-0.321,-2.08,-3.14802,-2.56599,-2.03212,-0.01002,0.49931,31.78022,86.5554,101.466,93.52447,85.54422,80.79897,68.95777,
2023-04-10,11.3,17.0,13.470833,91.958333,7.025,264.166667,922.0,0,79.44969,72.76407,72.34414,72.31601,72.8807,87.24171,112.9344,89.28204,54.58736,37.93897,23.77575,16.44065,15.7679,17.97198,22.00786,28.14401,44.32461,68.50879,108.41742,135.41656,112.02601,103.66756,78.97271,76.26425,
2023-04-11,11.5,16.2,12.891667,93.333333,9.041667,262.5,892.0,1,58.98259,56.88451,54.38736,53.65533,55.9063,63.82804,93.94004,68.02743,41.21878,20.7151,12.30724,13.81543,11.20782,11.8386,11.84971,18.33086,36.75528,65.50135,96.3295,116.17983,100.05061,89.75965,76.91018,67.31069,
2023-04-12,11.7,16.5,13.616667,85.666667,11.691667,183.166667,744.0,2,61.09138,56.90858,56.20667,55.82045,60.21607,77.58049,100.16751,81.07953,58.00587,47.09582,35.23572,30.00265,26.45,29.84856,28.06511,34.66077,51.60737,74.27104,97.12,118.36017,108.77964,97.1053,81.48305,69.15125,
2023-04-13,11.8,14.9,12.875,83.041667,10.05,147.25,539.0,3,61.15,60.20902,54.20004,53.26572,55.53491,68.83692,96.78158,65.16041,37.2333,19.93934,8.16,7.23136,11.45959,11.98,9.8996,11.6129,8.5345,41.60854,80.41056,104.14639,101.44,87.38324,74.00708,65.69767,
2023-04-14,10.8,15.1,12.895833,80.041667,9.733333,206.833333,685.0,4,62.81164,58.32332,58.06768,54.30827,62.51149,71.05872,93.43096,60.91534,38.65383,22.60879,13.98313,9.49471,6.37241,5.31563,4.1673,3.91119,8.30646,31.0255,73.45657,99.37083,96.25256,80.34667,73.71128,66.42794,
2023-04-15,9.3,16.2,12.804167,86.833333,11.370833,302.291667,941.0,5,65.135,63.61088,64.95,64.95,71.61618,82.56406,79.5445,47.46582,10.0,3.3372,-1.86069,-4.04543,-5.54453,-5.98468,-6.14383,-3.26646,1.32858,28.13325,79.20999,103.87951,99.58237,85.58243,79.79229,74.34212,
2023-04-16,10.2,16.9,13.108333,88.25,9.816667,270.583333,923.0,6,79.76854,74.77232,74.9989,74.09681,71.4529,72.63119,69.02756,41.46752,12.51458,6.25872,-0.05707,-1.2594,-2.5,-2.65643,-4.70721,-1.04937,0.95476,25.96569,72.07495,96.2262,91.79464,76.21767,71.27129,62.93825,
2023-04-17,10.6,16.4,13.1375,86.833333,11.470833,228.291667,820.0,0,64.73196,61.13657,57.79992,56.392,64.99223,76.92563,99.44897,64.98946,40.56056,18.07237,4.82605,1.50496,0.21,-0.42024,-0.48304,1.57655,7.52427,39.33931,77.81031,103.32096,102.86874,83.8158,75.30659,67.88077,
2023-04-18,11.1,16.0,13.416667,80.208333,12.4625,265.375,898.0,1,56.99527,55.01487,51.6755,51.86292,56.6512,71.93996,97.94892,66.5434,37.36542,14.59471,6.57778,-1.72377,-4.81898,-2.71373,-3.69501,-0.10391,10.16144,42.62371,77.71606,112.48437,105.42562,88.50981,76.52868,66.43178,
2023-04-19,8.9,19.2,13.629167,65.333333,16.158333,313.708333,978.0,2,62.34513,60.08324,58.05473,58.02782,64.2632,79.93903,101.24422,59.50652,8.38191,7.22441,-0.27989,-1.57224,-5.61228,-5.70986,-5.66061,-1.42767,1.38668,29.49924,73.77,100.58745,102.60604,84.33122,72.74367,65.5474,
2023-04-20,8.8,19.8,15.0125,60.291667,13.333333,312.916667,964.0,3,64.87354,61.49161,59.91299,60.81369,63.96956,87.08751,104.1111,62.92843,27.12321,12.23488,9.38628,8.08656,8.66784,8.23743,7.8305,9.0,16.19,40.50505,86.07371,124.04744,113.22331,96.288,84.93563,77.91452,
2023-04-21,12.6,25.6,18.570833,48.041667,14.845833,312.666667,958.0,4,64.88021,64.3397,64.26188,65.05496,75.38423,90.42357,110.46686,63.33,32.73797,22.6389,14.03,17.36866,15.93976,17.69629,18.35911,21.69396,32.28059,54.58013,101.49505,130.0,119.36745,97.03058,87.32103,77.81321,
2023-04-22,13.8,24.8,17.675,62.583333,12.579167,303.5,952.0,5,68.37304,64.2412,61.08529,54.99386,62.02324,65.51694,65.76281,40.02973,12.49283,7.44879,5.85377,6.26572,7.34846,9.57367,12.86,20.1667,32.41964,52.61348,96.95661,107.91895,96.73122,92.05357,76.89,69.15888,
2023-04-23,13.4,20.3,16.104167,84.458333,11.4,304.75,948.0,6,53.6941,51.90157,50.00594,49.07543,51.83275,54.88838,51.84575,29.65219,0.26907,-5.8422,-5.00971,-5.47745,-6.29975,-6.42973,-6.06434,-3.86104,3.19124,28.91333,61.19343,81.81513,86.60467,70.83454,58.25356,53.55499,
2023-04-24,14.4,18.5,15.5875,82.958333,11.708333,268.083333,947.0,0,49.32214,47.02019,45.82179,45.71611,49.22608,56.3981,73.17643,42.34605,15.67341,9.62329,5.02,2.32814,0.72357,0.0,0.0,1.75,11.18815,37.7382,67.4092,102.80103,96.24904,80.34677,66.02508,60.37319,
2023-04-25,13.9,18.4,15.504167,83.291667,11.729167,261.458333,939.0,1,58.10214,53.24243,52.1,51.57468,51.42207,69.36437,84.16068,56.67631,25.86823,14.62371,10.05307,6.22,5.63323,6.59518,5.84808,13.92214,32.7826,50.74414,85.68133,115.48143,113.48048,91.65262,81.46,76.07406,
2023-04-26,13.2,18.3,15.258333,87.0,10.791667,296.916667,953.0,2,72.61209,69.55259,66.86595,64.46115,65.02431,78.07448,85.1317,51.39506,29.90129,20.0,14.33028,10.89601,11.04707,20.0,21.28489,27.06287,47.64254,66.6645,115.09256,176.0,157.46355,103.74148,83.62202,76.04,
2023-04-27,12.6,17.0,14.0875,89.458333,11.491667,291.625,964.0,3,60.50946,57.6979,55.73139,55.99154,57.2941,70.92466,86.14696,59.06077,37.17401,20.0,15.0,14.10553,21.54,26.72202,33.88645,44.78099,58.44849,78.67179,121.01582,194.22218,165.97491,101.05776,76.95951,70.94686,
2023-04-28,12.6,17.1,14.279167,86.458333,10.866667,301.0,954.0,4,60.13561,52.74573,50.3,49.12467,51.25878,60.68017,76.72057,47.86,28.93544,20.5955,13.57593,18.71354,18.72934,24.64828,31.39822,39.83323,51.80014,71.30089,102.5117,171.97893,124.33809,94.18,79.25445,68.73571,
2023-04-29,12.4,17.8,14.533333,87.416667,11.120833,305.916667,961.0,5,57.30826,52.41931,48.69745,48.99094,48.7479,52.89332,51.85502,34.37734,14.89759,7.11967,3.83086,3.83075,4.56334,8.74491,16.37,25.23322,35.655,55.54256,82.80607,109.99155,90.17894,72.59285,63.94171,52.33821,
2023-04-30,13.4,17.3,14.7625,83.583333,8.383333,259.416667,907.0,6,42.20875,42.10791,40.22,38.89639,36.85,36.59259,36.46578,13.67731,1.35445,-1.06501,-4.91306,-5.81946,-7.9093,-7.61931,-5.68385,-3.64043,1.36289,20.95841,51.36258,70.71718,69.1434,59.57358,51.94646,46.50871,
2023-05-01,13.1,15.6,14.1625,78.875,13.708333,188.208333,702.0,0,28.95511,28.92132,27.7446,26.26,30.0,40.0,57.33752,34.44754,20.46578,13.53,7.16786,5.31071,2.46999,3.7516,3.76086,9.21891,16.49973,33.78951,51.87598,71.07799,72.19191,57.66982,49.56211,43.43689,
2023-05-02,11.4,15.8,13.3625,71.208333,16.841667,249.25,814.0,1,36.20583,35.22478,35.08086,35.06102,37.95994,49.4524,66.8,44.24087,36.73517,31.76253,25.63332,18.75765,12.02196,10.24865,9.73975,13.8281,22.65453,37.42988,60.27911,79.78268,73.60259,61.8743,48.73122,45.0,
2023-05-03,10.8,16.8,13.591667,70.625,9.7125,265.791667,972.0,2,40.68607,36.59048,33.8106,31.19984,35.42737,52.82975,58.97305,39.89449,29.29645,24.47378,19.18258,15.0,12.06315,9.46889,10.49093,15.06309,23.13922,35.63282,46.68372,60.20296,65.46217,55.90714,43.56279,38.04964,
2023-05-04,11.4,15.6,13.470833,75.833333,11.6125,249.875,870.0,3,27.56287,25.54785,24.11341,24.1527,26.66477,39.11,43.35526,31.47861,19.70684,19.3172,13.19666,9.96964,4.25679,1.6343,1.95824,4.06323,8.11,22.27738,31.67237,41.78141,47.43426,40.96249,34.3503,30.68216,
2023-05-05,10.8,16.7,13.895833,76.291667,10.941667,281.0,927.0,4,22.83945,20.47971,19.76335,20.02485,22.10619,32.96013,35.07308,20.0,10.68607,5.5882,-1.19903,-1.60302,-4.85706,-6.21071,-5.45909,-2.29695,-0.78013,10.11,25.8381,36.70897,43.62109,37.84689,29.46475,27.30748,
2023-05-06,10.6,17.1,13.975,82.083333,14.570833,304.833333,938.0,5,19.24804,17.32768,15.96548,16.73887,18.05469,21.54064,19.1934,4.91255,-0.43933,-7.16142,-10.22,-11.92686,-12.96642,-12.93,-13.0,-12.15594,-6.59625,0.0,15.51,31.08298,36.30816,31.11,25.05383,21.44605,
2023-05-07,11.5,17.8,14.570833,81.875,12.9,309.916667,952.0,6,11.61486,10.98065,9.79645,8.34,7.03,9.34604,5.74132,0.0,-11.05046,-14.20097,-13.43622,-15.89954,-17.89881,-18.37984,-18.54614,-16.26644,-13.04208,-6.92354,14.02572,29.83522,36.11,29.86773,21.08124,18.72046,
2023-05-08,12.6,18.8,15.15,82.0,13.55,309.458333,973.0,0,16.24546,14.17,12.55162,12.50319,15.3026,20.69142,29.61527,7.90618,-3.05472,-10.4402,-11.6061,-12.12117,-14.66337,-14.79689,-14.71491,-11.65146,-5.34552,0.95717,25.15992,43.56,49.2212,35.54631,22.84987,18.1733,
2023-05-09,12.4,19.2,15.108333,78.708333,17.3625,263.375,854.0,1,15.96,15.78,13.72864,13.7455,15.64468,27.7338,30.54056,11.73267,3.51007,-0.45199,-1.3965,-3.10474,-4.36006,-4.13838,-4.04493,-1.81987,-0.0733,11.90366,30.56434,42.77986,47.31057,38.4341,29.9753,23.61877,
2023-05-10,11.8,19.5,15.0625,73.208333,14.020833,314.916667,938.0,2,11.54884,11.31555,10.0,10.33324,11.42562,17.8314,25.27417,6.60891,-5.02826,-10.09783,-12.43123,-12.53563,-12.52337,-12.48039,-12.52311,-12.67117,-10.66575,0.16913,24.05937,43.21441,48.79308,37.91105,24.30643,18.13,
2023-05-11,11.6,17.2,14.575,80.791667,11.925,286.458333,913.0,3,9.04885,6.95404,6.46499,6.9501,10.2004,17.89506,24.85414,5.93455,-1.20019,-4.94662,-6.73903,-9.98882,-10.39011,-8.74458,-6.84399,-5.08843,-0.49529,8.85169,29.32412,45.11,49.42003,39.2391,28.27,20.0,
2023-05-12,11.9,19.2,15.079167,83.625,12.325,294.041667,968.0,4,14.16278,12.35264,12.27,14.46,19.19004,29.88,32.315,13.39308,2.15082,-0.35566,-1.4661,-1.38373,-1.57592,-0.60759,-0.4242,2.89,8.7707,21.03369,38.90822,57.23385,55.11,41.04458,27.1126,21.61846,
2023-05-13,14.5,20.0,16.520833,82.541667,10.125,298.875,960.0,5,20.85339,16.99175,15.11,17.11,20.67009,24.66536,20.24481,1.68368,-4.09,-6.32399,-10.0,-9.85665,-9.85599,-6.35389,-3.15166,0.03425,4.26786,21.3194,41.28252,59.96294,54.91929,42.6818,37.7029,28.12,
2023-05-14,14.9,22.0,16.9625,80.041667,11.5125,279.5,951.0,6,20.04379,16.64802,15.26305,15.0,15.73938,14.52053,12.81852,-0.49629,-11.42983,-12.38244,-12.99266,-13.02365,-13.01852,-12.79108,-10.54445,-2.50038,1.71073,15.16884,39.20514,60.05186,56.13432,40.46676,29.80435,21.52808,
2023-05-15,14.6,18.5,16.2375,84.666667,11.583333,249.375,907.0,0,25.62542,22.53002,21.35124,21.39157,25.54,35.35772,42.88633,21.19581,9.86409,8.87063,5.59457,8.68844,9.39511,13.11882,17.09891,22.65281,32.55479,46.74255,58.78766,102.11,90.27422,53.00924,40.73827,35.81369,
2023-05-16,14.2,18.2,15.925,86.083333,12.804167,245.166667,752.0,1,32.16868,29.05977,27.8112,26.51108,28.37166,37.10967,40.53955,23.89928,12.10296,11.33,7.78341,5.95886,8.60691,11.80784,17.59216,24.11322,31.26465,39.7288,57.94986,98.46349,85.0,50.62526,40.12386,37.22664,
2023-05-17,14.4,17.9,16.033333,85.083333,11.254167,289.583333,909.0,2,31.21228,25.21291,24.07873,23.85407,26.75624,35.32147,39.38324,23.98085,12.04838,8.34218,3.98393,3.41371,5.7152,9.09646,14.63095,24.65459,28.01864,38.03365,52.44313,86.89181,75.22,50.99791,38.74891,30.99991,
2023-05-18,14.9,20.8,16.85,81.416667,9.779167,263.666667,916.0,3,27.00324,22.33779,22.26331,21.01516,21.9538,32.40313,35.15589,16.98538,7.71176,2.84949,-0.61674,-0.11716,1.1916,3.35166,6.35164,12.24545,19.54836,29.08375,45.4229,72.10712,66.57493,46.36618,32.32007,27.25224,
2023-05-19,14.3,20.4,16.6,83.208333,10.579167,247.541667,907.0,4,20.46186,19.96845,17.28252,15.15096,20.01324,30.07694,28.93816,14.94338,6.59006,4.79379,2.62663,0.77412,1.24755,2.59823,3.4918,8.6281,13.57415,24.54668,36.6721,51.16143,45.82029,39.0077,33.62469,28.0,
2023-05-20,15.6,19.5,17.129167,81.916667,11.391667,285.916667,933.0,5,20.61051,20.0,21.04347,19.62039,21.79464,23.36453,15.0,1.39873,0.00955,0.00088,0.0,-0.91265,-2.36632,-1.24,0.0,0.20819,3.01068,19.14343,31.57714,46.48315,42.41451,39.09,31.08835,27.06048,
2023-05-21,15.6,20.2,17.0625,83.0,10.75,285.208333,952.0,6,19.03,19.07115,17.13432,15.82427,16.58029,18.22175,10.14278,0.0,-5.08418,-8.32434,-9.7663,-10.52766,-10.17835,-8.36061,-6.12793,-2.37415,0.07112,15.65394,30.09801,49.35421,46.94015,39.28343,30.87864,27.991,
2023-05-22,15.6,19.6,16.875,83.291667,10.504167,262.666667,926.0,0,22.47323,17.96644,16.31534,16.15403,19.10924,30.09797,27.66528,13.08833,2.77934,-2.44975,-2.57208,-2.975,-4.47257,-0.19896,0.2622,3.00052,7.30649,25.67603,43.09764,68.1828,62.54762,41.66015,38.0,29.23,
2023-05-23,15.6,18.2,16.5375,80.416667,9.833333,198.083333,681.0,1,29.30123,25.66397,24.44587,22.65429,26.28525,34.14383,35.39963,24.94978,11.83513,9.66553,7.0,5.0,3.62,3.32906,4.52968,7.31774,11.37046,23.82295,42.25,62.81805,62.72398,48.51238,39.25352,31.27439,
2023-05-24,15.0,18.7,16.229167,76.041667,9.1875,191.25,781.0,2,29.57913,26.41739,24.74477,23.28473,25.63404,41.04278,34.71528,25.2419,10.06011,4.87562,3.06037,0.37764,0.2724,0.17361,2.42472,5.59059,8.46069,24.11,44.73872,62.64707,65.0517,48.8739,34.1635,28.77338,
2023-05-25,15.0,18.7,16.5125,67.791667,13.2625,262.5,819.0,3,25.45212,23.67853,20.0,20.0,23.8702,33.52639,38.47616,24.45122,8.52597,5.49537,1.98642,0.90168,1.07765,0.54741,0.68638,1.79778,5.0,18.54,37.18397,54.17711,53.35492,42.32268,30.49801,26.99514,
2023-05-26,15.0,17.4,16.054167,73.416667,16.245833,230.833333,723.0,4,27.78267,23.63053,21.59597,20.62777,24.15,25.26269,30.53901,16.508,7.85492,0.35192,-0.61134,-2.38664,-2.75253,-1.00941,-1.19,0.00139,0.56404,9.15143,28.86509,44.81411,46.13695,39.35815,27.06673,21.57259,
2023-05-27,13.1,18.0,15.641667,79.75,13.4875,230.958333,754.0,5,16.38324,13.54962,13.30723,10.38813,11.6693,13.04763,8.16656,-0.49724,-9.73394,-11.48269,-11.47479,-11.59052,-13.73284,-12.97731,-11.92864,-11.43834,-7.5717,0.0,16.3191,33.6769,37.73812,30.0,22.26129,16.80721,
2023-05-28,13.9,18.3,15.958333,80.958333,10.433333,205.166667,759.0,6,12.10755,10.7053,10.75,10.0,10.0,9.83581,5.10596,-2.04984,-10.75,-11.5205,-12.21522,-12.22061,-12.25154,-12.23003,-12.49592,-12.07708,-9.76956,0.01033,16.99656,31.48622,34.64688,27.24666,19.54401,16.40325,
2023-05-29,15.4,18.5,16.695833,78.458333,11.883333,168.625,555.0,0,22.0583,21.21877,19.19613,18.577,20.22364,19.20408,13.33504,0.04109,-3.02023,-6.70063,-9.54193,-10.05681,-10.64293,-10.71059,-10.75407,-10.04452,-3.05,1.14629,25.46234,34.89654,38.64468,30.09731,27.97178,23.47065,
2023-05-30,15.6,18.0,16.454167,76.291667,18.245833,215.458333,738.0,1,22.71474,23.24856,22.54179,22.91824,24.59416,22.99189,25.8051,14.92423,6.62022,4.63488,3.67595,3.02216,2.97865,3.09717,2.76984,3.00284,5.04454,16.33716,26.43041,41.60904,43.74507,34.07396,26.65431,21.51855,
2023-05-31,15.0,17.6,16.225,75.75,12.604167,182.666667,605.0,2,19.47345,19.20289,17.74032,19.05169,19.29813,23.63165,24.94348,12.94228,0.65518,0.0,-0.9811,-1.64542,-1.45607,-0.96429,0.00409,0.10425,0.72274,11.8174,30.9906,44.54,50.01065,37.86009,31.37688,22.9356,
2023-06-01,15.4,18.5,16.458333,77.583333,11.7625,179.458333,634.0,3,29.25924,28.0769,26.0604,26.38334,30.31118,36.82161,35.85572,21.45498,9.83433,7.85606,7.73,7.43444,7.3785,7.73178,7.93267,7.81605,10.74125,22.35762,36.25203,48.29953,51.19551,42.53613,35.65,31.24599,
2023-06-02,14.8,18.6,16.504167,77.625,15.979167,240.333333,835.0,4,28.30029,26.42162,25.49529,26.25375,28.48141,36.90966,27.94581,15.54698,7.47249,5.0,4.20586,4.72646,4.15642,4.76898,6.55928,6.55965,10.30689,17.40298,36.48615,44.14271,47.88197,37.85068,36.72399,33.83301,
2023-06-03,12.8,19.6,16.304167,81.416667,10.795833,281.291667,945.0,5,29.58537,27.51074,27.4167,27.40122,28.37,31.9696,25.01,5.34535,1.01212,0.73239,0.49332,0.69607,0.33185,1.0067,2.91483,7.58092,10.0,22.43516,34.56057,49.56286,48.15266,38.44391,34.70612,32.3239,
2023-06-04,14.9,18.9,16.4125,81.041667,10.716667,270.541667,961.0,6,28.57182,28.57121,28.07283,28.03173,28.41666,30.48109,26.24747,8.0,4.0,4.12184,4.28473,4.80624,4.351,5.52844,8.09136,14.81343,21.09357,30.48588,39.82539,61.04319,56.90006,45.10024,38.06272,34.85693,
2023-06-05,14.9,19.0,16.108333,74.458333,10.020833,190.625,674.0,0,29.88,28.15063,28.35832,28.20833,30.1,36.92955,42.65,28.35011,20.15,18.41923,17.67236,17.34639,17.5,18.74876,18.34781,20.30547,24.91187,34.90828,47.72838,60.27,60.25,48.10034,37.92418,33.99787,
2023-06-06,14.7,19.0,16.4,69.791667,11.95,194.833333,612.0,1,39.75374,37.6945,34.42247,33.92503,35.5923,41.19101,46.61489,33.53309,27.64148,24.33058,22.62967,20.30804,19.80158,20.18602,23.52244,25.2402,26.25278,36.42061,47.827,61.88131,61.75356,53.14813,42.59162,39.97615,
2023-06-07,14.9,18.9,16.575,75.916667,11.754167,217.458333,726.0,2,36.75346,34.85875,34.01041,33.56299,34.56998,38.6767,43.71159,34.02831,27.30856,26.64487,25.44546,22.29973,21.03735,22.13701,24.80159,26.18627,30.57785,36.69904,47.6345,60.96053,63.54,55.19356,43.78138,39.82962,
2023-06-08,14.1,19.6,16.958333,79.041667,15.5,314.833333,941.0,3,38.52336,35.18177,33.79898,33.63089,37.65749,43.06003,42.04174,32.73,27.40081,25.75529,25.15122,24.89,24.82577,25.52911,25.82435,27.73677,31.52535,35.69193,46.59442,58.08,59.4,53.07037,44.95219,38.70532,
2023-06-09,14.2,19.0,16.770833,81.041667,13.35,209.208333,745.0,4,36.10261,34.57753,35.19681,31.40396,33.50293,38.99981,36.25918,25.86122,22.6589,21.87399,21.58906,22.06616,20.59661,21.95229,21.93177,21.78843,24.74153,31.72228,38.90151,49.89332,55.97747,49.22243,41.53363,35.42516,
2023-06-10,15.5,19.5,16.995833,79.916667,8.670833,170.833333,707.0,5,33.52718,31.69951,30.61327,31.04447,30.32527,33.14233,33.25483,25.0,22.03717,22.78738,24.11758,21.87109,21.71318,21.43354,21.91881,23.29963,26.28532,30.92427,40.3092,46.23244,44.99816,41.61242,37.30433,35.30259,
2023-06-11,15.9,19.4,17.320833,76.0,12.15,195.5,592.0,6,29.5733,29.27558,28.59334,28.5661,28.11279,28.89853,25.8561,15.09023,12.59358,12.56406,12.0116,12.42446,12.5,12.45188,11.96343,12.5,14.17127,23.11944,33.83773,40.8202,43.22683,39.02,35.60121,31.9295,
2023-06-12,16.1,19.4,17.291667,77.5,15.675,227.583333,698.0,0,29.41744,29.68833,28.16163,27.76182,30.94121,36.92594,39.90047,29.28628,27.29781,23.07927,22.65485,23.27221,22.98562,22.60982,23.15084,21.1,22.86832,26.37582,38.66784,50.17055,51.16046,46.27571,38.25785,32.18516,
2023-06-13,14.6,19.5,17.079167,77.125,15.258333,283.916667,864.0,1,31.13379,29.29439,29.41169,29.33644,29.30204,36.43751,30.87834,22.36983,16.1242,11.40442,10.91935,10.62818,10.69,10.0,11.37078,14.41683,17.25506,21.99067,35.11862,48.49821,52.06107,46.36088,38.76409,34.72091,
2023-06-14,15.3,19.1,16.904167,79.166667,11.3375,202.541667,738.0,2,28.21721,27.51,27.28893,27.28904,28.65696,33.67967,28.51,17.58275,13.36504,9.79,9.62221,9.11,8.92153,8.55805,9.05,10.09445,14.0587,23.11958,35.35579,51.38832,53.19813,42.62842,35.26378,30.28652,
2023-06-15,16.0,19.5,17.520833,78.291667,11.791667,213.75,691.0,3,27.35699,27.9904,26.64608,26.65405,28.16855,31.70078,29.30956,19.71,12.5,8.5,7.08715,7.52986,7.07428,6.88398,8.15,11.23,15.22,25.40073,38.97044,54.14393,54.67941,45.67,36.83514,33.74894,
2023-06-16,16.4,20.1,17.8625,80.208333,13.745833,267.208333,933.0,4,28.32153,27.45465,27.31048,27.79383,28.66676,32.29,32.31788,25.35,20.11338,14.97014,14.38599,13.09619,14.41355,14.41963,14.93519,18.35395,20.0,27.86265,37.73646,56.64176,58.38516,46.22,36.7796,33.77738,
2023-06-17,15.9,20.5,18.116667,83.875,13.879167,328.916667,965.0,5,30.50457,29.08,29.76329,28.63,30.11711,29.42311,25.36932,11.3,4.48737,4.26979,4.03416,3.92127,3.03654,2.64,4.14088,7.49587,9.81713,19.9523,35.80114,57.20863,68.18067,55.08366,35.41109,30.88854,
2023-06-18,16.5,20.2,17.8875,78.833333,11.045833,285.083333,972.0,6,29.9787,27.29451,24.87067,23.54673,24.09803,23.96329,14.66665,0.12,-7.15917,-10.47,-11.02584,-11.59067,-11.59317,-11.16333,-10.42765,-8.02,-0.0468,7.31013,31.95585,52.44091,51.60671,50.42172,36.5843,31.61101,
2023-06-19,16.3,21.0,17.9375,76.458333,10.320833,242.833333,866.0,0,30.49664,29.14577,28.4982,27.05543,28.89469,33.07859,25.93758,8.84814,0.17538,-3.68797,-5.16454,-4.35374,-6.25443,-4.84037,-3.65951,-0.02,2.16934,11.51709,31.90975,49.76578,51.08,40.98,35.96457,33.77598,
2023-06-20,14.4,20.9,17.945833,79.541667,11.4125,338.791667,992.0,1,26.92214,24.63491,21.84467,21.66634,24.96889,30.47578,21.91,4.77333,-2.11192,-6.1991,-8.29632,-10.88,-8.06882,-7.67318,-6.99961,-2.9514,0.46721,7.76576,30.0,52.46561,65.72079,45.7458,39.16994,37.24729,
2023-06-21,14.4,21.9,17.791667,78.75,13.85,344.708333,996.0,2,35.81735,32.30678,30.21934,29.32262,32.45585,39.33966,32.48428,13.59,0.82688,-2.69312,-2.42509,-2.96722,-2.12154,-1.02805,0.4307,5.13959,8.4033,22.90218,40.0,61.21754,69.24221,60.95528,45.49596,43.65553,
2023-06-22,14.1,18.9,16.6125,77.0,15.429167,312.583333,997.0,3,37.85752,34.98176,33.0,32.11637,36.55533,41.44319,34.74711,22.55743,8.46752,0.794,-0.37763,-1.1881,-0.63182,0.14763,0.1739,1.64319,9.11147,20.57225,36.08419,59.19306,75.0,61.68202,39.54,36.22807,
2023-06-23,14.7,19.6,17.004167,71.625,16.629167,331.083333,991.0,4,34.81623,33.53619,32.2998,32.27071,34.66915,39.51641,33.70979,15.0,-1.51848,-5.32145,-7.32106,-7.82869,-8.0,-7.07044,-7.12184,-5.00151,0.62227,12.70442,30.88798,45.55845,52.05,52.3342,38.18207,36.13705,
2023-06-24,13.4,20.6,17.020833,79.916667,12.6375,323.833333,972.0,5,33.56658,31.15273,31.10583,33.83094,36.16705,37.21917,30.98397,16.10171,4.76356,0.99906,0.20991,0.3818,0.42968,0.3076,1.19932,4.57711,8.74966,22.42419,37.67036,51.51531,65.72891,52.78223,38.93017,38.19663,
2023-06-25,14.2,19.8,17.070833,78.708333,14.454167,338.333333,991.0,6,35.68213,33.40183,31.43172,29.95703,31.38352,31.32777,27.04851,2.96772,-3.53626,-4.94837,-6.3443,-6.31927,-5.53768,-5.04228,-3.45893,-0.10814,1.26801,13.52664,31.09,50.7295,64.72,44.45137,34.64847,34.35148,
2023-06-26,14.0,20.5,17.041667,80.166667,14.7875,337.875,982.0,0,32.30023,30.68392,29.92933,29.85725,31.22355,37.82426,34.16122,18.96008,2.05082,1.42981,1.1776,0.73226,0.87095,1.56282,1.62129,4.56566,12.15011,26.26036,40.19607,58.50038,65.53,58.96864,40.27974,38.65427,
2023-06-27,14.2,20.5,17.095833,79.583333,13.383333,342.333333,988.0,1,34.97606,35.64442,33.0478,33.21304,32.5895,37.47333,33.81629,21.11481,10.16,9.2188,7.62847,11.71467,11.72498,12.26242,13.79289,17.06272,24.37501,36.06939,52.06466,70.76102,82.19728,71.07255,51.9104,41.37498,
2023-06-28,14.2,20.2,16.7125,80.541667,12.2625,296.5,965.0,2,38.59718,36.39806,34.60604,34.26859,34.90322,36.62199,34.63502,26.58402,16.90693,14.35,12.9686,13.04869,13.06162,14.99441,16.48091,20.61567,24.4289,33.0851,45.17371,67.44,68.81836,66.33,41.8136,39.05574,
2023-06-29,13.9,21.3,17.208333,81.541667,13.179167,296.291667,975.0,3,37.65122,36.58541,37.6477,35.98556,36.75334,41.42301,42.82025,28.91,24.41224,23.60102,23.07175,24.26108,26.31363,28.42926,32.71862,38.10105,42.32588,46.62282,66.05379,82.62692,85.47818,73.59,60.39549,46.85201,
2023-06-30,14.9,21.4,17.766667,81.333333,11.9125,319.5,971.0,4,46.6658,43.76739,43.79929,42.95406,44.27031,48.40138,44.74168,36.9044,32.47912,32.02819,30.06766,30.73703,34.06121,37.14257,42.96382,50.31917,53.19934,66.33401,77.00835,100.87,91.18888,75.88,55.08708,50.96007,
2023-07-01,16.4,22.3,18.75,80.208333,11.583333,317.916667,970.0,5,40.5663,39.98317,39.40715,39.00351,40.61033,41.29266,40.04843,28.17739,23.81781,23.1033,23.03336,27.83856,32.265,36.58983,39.75093,42.39599,46.96058,52.71385,61.94544,79.42506,72.0884,61.20748,50.22421,44.40988,
2023-07-02,15.9,21.4,17.983333,83.416667,12.154167,320.75,969.0,6,42.62014,42.69272,40.1999,41.34752,40.19922,42.46245,38.08856,27.93524,22.14944,21.5,24.28355,27.58928,30.68,34.36046,37.60747,41.53112,46.53595,53.90449,62.50603,93.73847,77.56393,62.14638,55.59589,44.93705,
2023-07-03,16.2,21.0,17.991667,81.541667,11.704167,305.5,951.0,0,42.2317,41.03595,40.3026,40.30016,40.50811,42.73286,45.70859,34.26814,33.91008,32.01885,33.60524,33.84602,35.63361,39.48131,43.16114,49.11271,53.93502,60.43635,73.22218,101.20406,83.32567,74.01885,52.76984,50.63,
2023-07-04,15.1,20.6,17.366667,79.75,12.883333,323.0,983.0,1,42.64758,41.76,41.18073,40.31772,40.63,42.00579,37.83825,27.50672,16.44715,10.84143,12.07286,14.27148,16.5484,19.66381,25.30746,32.78184,34.10629,40.49,51.55172,68.02536,65.22541,57.01493,46.30993,42.73,
2023-07-05,14.1,19.8,17.191667,79.666667,13.4875,326.041667,987.0,2,40.02,39.14568,38.65502,37.61068,38.59397,39.39025,39.76793,31.0396,23.6835,22.16157,21.35835,21.51774,22.92534,27.66004,31.63719,36.1216,37.95929,45.97617,56.92638,70.76992,71.03879,63.56329,45.51394,43.75973,
2023-07-06,14.3,20.4,17.3125,80.583333,12.283333,309.666667,972.0,3,38.97256,38.21695,37.71462,36.73194,37.62506,39.78031,37.43,27.60451,17.82641,14.08028,15.61567,14.59975,15.64736,16.66,20.97464,27.84426,30.0,37.38617,45.70067,59.28644,59.83916,55.16289,44.90787,41.91515,
2023-07-07,15.2,20.9,17.304167,78.833333,13.808333,311.041667,982.0,4,39.80952,37.36637,36.29559,35.638,36.17276,37.41689,36.91933,28.50435,19.27667,17.81428,17.51789,16.25646,16.39299,17.68,21.32273,27.99091,26.1484,31.92306,41.69817,52.79117,53.80975,50.67999,42.00913,39.43346,
2023-07-08,13.8,21.4,17.195833,81.125,12.1375,310.708333,973.0,5,33.33876,32.08,31.42206,30.72428,30.80449,32.20027,30.82246,19.22864,10.0,9.88251,10.61,10.86023,12.64784,13.48036,17.55281,23.7601,23.48041,29.5226,38.11,50.17271,51.66038,47.0713,38.01495,36.95982,
2023-07-09,14.5,21.8,17.8,80.166667,13.820833,294.708333,970.0,6,33.10903,32.78557,31.88868,31.69792,31.84056,33.90654,30.55035,19.96072,10.68931,9.51758,9.43297,9.79444,11.25804,12.85706,17.24829,21.49,24.21545,28.47185,39.46913,53.97815,55.71485,49.92455,39.36584,35.94389,
2023-07-10,14.8,23.5,18.383333,80.0,12.416667,333.666667,998.0,0,35.79543,34.18949,34.10726,34.03674,35.30006,37.94072,39.39758,29.86874,24.75528,23.48,24.36241,24.43336,26.43322,29.68537,33.8939,37.55539,38.84934,45.0,58.66867,78.14167,74.39,64.99453,54.8583,46.0936,
2023-07-11,15.6,22.6,19.066667,78.458333,11.083333,323.791667,958.0,1,40.10517,38.7485,37.9595,37.80404,40.0,43.75178,43.83,34.83299,29.37722,28.03281,27.7732,27.96222,30.93722,33.33,39.22,41.34171,45.43399,52.27,67.32457,88.81571,87.65085,77.0,56.38108,48.14831,
2023-07-12,16.6,23.8,19.808333,72.083333,12.225,323.958333,938.0,2,42.88472,41.37871,40.7216,40.177,40.12975,43.04445,43.28219,35.34077,29.43453,28.89,29.31666,29.15837,30.0,32.40358,39.15181,40.95494,43.76326,55.25215,75.44652,104.48231,93.4773,74.90203,56.41,48.71777,
2023-07-13,17.6,23.9,19.941667,72.25,11.741667,329.875,954.0,3,47.07643,42.55493,41.99192,41.75536,41.60667,43.35,44.21368,34.63862,31.28,31.14447,31.46742,31.89187,32.95538,36.93543,40.24673,43.83213,46.93234,57.46,72.91396,101.85,85.5,73.85,56.96848,49.65394,
2023-07-14,15.9,25.9,20.308333,73.666667,11.304167,335.583333,976.0,4,49.01,45.70224,44.22,43.37597,44.0723,44.7367,44.95026,37.09544,34.53363,34.41511,37.10491,40.0,43.8163,49.23204,53.16,62.48507,68.56438,77.26609,105.34353,158.74478,122.13783,84.05089,68.32619,61.27077,
2023-07-15,16.6,25.8,20.554167,76.333333,9.529167,328.666667,960.0,5,55.05657,52.50905,51.47956,50.49157,51.24327,51.68796,50.71408,37.94843,34.95261,34.96867,38.06886,41.37065,47.94385,50.55642,56.08414,64.71862,75.42855,81.66999,123.96698,200.2,137.98338,96.11668,78.27752,71.9501,
2023-07-16,18.2,25.2,20.8125,78.0,11.225,317.375,935.0,6,57.89628,53.87289,52.17815,51.12648,52.55345,52.7419,51.35,41.40125,38.49704,39.23011,40.70577,44.3433,49.41197,52.29935,62.02118,70.46061,78.48,95.17055,148.08768,243.3437,170.05965,107.2522,78.17189,69.1017,
2023-07-17,18.8,24.6,20.895833,79.625,12.041667,308.291667,929.0,0,56.48,49.68085,50.53103,49.79376,50.6134,52.76688,63.36578,48.10591,45.56206,47.46589,48.2093,48.77439,53.93438,66.86895,76.71473,79.30816,88.98248,114.28,188.68835,283.3703,184.24,104.20764,81.11704,70.5,
2023-07-18,18.1,23.0,20.5125,80.0,13.35,315.041667,910.0,1,60.18623,57.90635,53.77011,53.27741,53.53357,57.56227,61.92724,49.89101,46.39119,47.87689,48.28201,49.64865,53.01908,64.23527,75.64,81.39115,89.0059,94.61715,133.44,210.92725,151.10492,110.76154,92.27427,82.68613,
2023-07-19,18.5,24.8,21.191667,75.625,12.604167,322.75,937.0,2,67.12572,58.46939,55.74838,51.89277,52.42422,58.38251,61.69776,50.2998,47.86175,49.64561,49.81968,50.69383,54.27293,62.16109,71.8,81.14397,82.46342,87.11474,125.71152,187.19858,142.0987,104.56,82.80954,74.73512,
2023-07-20,17.7,24.8,21.120833,76.958333,10.629167,327.625,953.0,3,61.32557,56.58,52.51314,51.50471,51.66751,52.97371,65.73586,51.07866,49.23095,51.26351,52.23091,58.0791,65.90632,75.0,80.92,85.23541,88.96,96.11,130.5,226.27274,174.39684,111.09238,82.88715,71.92924,
2023-07-21,18.7,26.5,21.095833,76.916667,10.2375,327.416667,952.0,4,65.64759,58.10874,56.65345,56.39826,56.42231,56.52606,62.94916,55.68489,51.67,55.23976,56.35441,63.57879,75.55066,85.97848,93.26468,99.91831,110.00467,113.92624,158.08966,266.61365,170.67,121.7599,99.83067,85.32015,
2023-07-22,17.6,25.1,20.75,77.625,11.25,308.958333,899.0,5,74.59127,68.6203,61.12625,58.57595,59.05605,60.89508,61.44826,51.26821,48.77233,49.50412,52.73829,56.58942,59.724,66.1,77.133,88.12153,92.75508,109.60207,160.19592,264.0181,167.49,114.23205,93.73122,84.79153,
2023-07-23,18.2,25.4,20.833333,79.75,10.508333,192.166667,601.0,6,69.83485,65.29606,59.31122,58.43216,61.7593,59.95881,64.44622,52.71529,49.33422,48.83598,49.47306,51.73425,53.75214,60.28375,73.91592,88.03357,98.94379,111.30414,152.90823,283.78873,163.88,114.61721,90.42898,75.90911,
2023-07-24,19.0,24.8,21.566667,81.375,12.308333,308.75,919.0,0,65.10881,61.9772,57.87128,57.73089,57.62875,62.05678,65.4384,57.01315,54.60378,52.94857,55.34796,56.9547,57.73028,71.12067,84.14356,91.83344,99.7254,114.95762,179.21526,310.25,201.03156,117.66963,90.88483,82.09,
2023-07-25,18.5,26.1,22.2125,76.25,10.258333,318.375,937.0,1,68.76551,60.9,58.77156,58.12307,60.42578,60.88994,71.39207,58.0,55.67072,56.23708,57.95956,60.03026,71.76564,83.52302,93.4668,97.5336,102.72878,115.40587,180.71161,334.38562,220.7302,127.61871,102.54,91.34252,
2023-07-26,19.3,28.2,22.929167,71.041667,11.958333,322.458333,954.0,2,78.25853,73.61114,60.69337,58.44789,58.36777,60.62038,71.0,56.45725,52.09374,52.69625,53.0102,57.07742,62.34,73.28008,86.0,93.26782,96.10754,107.28,150.65073,319.93732,181.67946,113.61324,93.35902,84.68332,
2023-07-27,19.2,27.7,22.770833,70.916667,9.758333,316.791667,935.0,3,115.20583,107.06769,93.78074,94.01149,91.92131,97.80595,117.99535,82.98212,73.91,77.48838,82.76433,95.56325,100.78935,113.23453,130.92319,145.0687,153.88744,169.30096,303.03156,507.70923,534.33,268.52075,161.21983,130.4336,
2023-07-28,19.2,26.9,22.133333,78.833333,11.4375,309.041667,937.0,4,78.86954,70.20595,70.53385,67.81168,69.09369,71.17338,93.77497,67.60071,57.67451,58.34398,67.15092,67.1722,78.9624,100.63638,118.08291,126.08673,128.13686,166.48302,320.41406,484.35822,373.9114,214.00417,130.26408,105.84199,
2023-07-29,19.5,27.5,22.391667,79.833333,12.725,306.166667,927.0,5,73.85076,69.34563,65.22666,60.1022,65.69776,65.26402,65.95,54.3188,48.47535,47.01358,49.49633,54.95548,57.17294,70.34,88.54,98.69423,106.92085,126.64,179.50645,331.7931,225.97,149.0,105.52,90.33685,
2023-07-30,20.4,27.4,23.125,79.708333,10.491667,273.291667,860.0,6,70.21275,62.42,57.00575,57.97577,56.57143,54.81989,58.64169,47.64958,41.00385,42.75348,45.35937,57.28,64.21542,76.34468,90.38,102.01063,105.61156,120.1628,160.47337,215.60336,162.36694,133.33656,98.61704,83.0,
2023-07-31,20.2,32.0,23.920833,73.916667,11.395833,244.791667,787.0,0,63.45738,60.81404,59.98041,54.2653,56.05194,57.37238,72.52124,62.49589,57.3889,62.13537,64.49773,74.16502,88.03732,89.27181,106.99907,108.48618,122.17066,135.8855,179.74768,247.0,211.10675,134.77908,102.8322,91.23633,
2023-08-01,20.9,26.7,22.891667,75.125,12.0875,309.833333,924.0,1,69.23452,67.22648,66.23576,65.96558,66.14905,70.11495,84.76458,66.06966,63.10809,62.86573,65.32018,65.6697,69.52707,80.0,85.16895,95.35339,103.63,108.70245,134.96616,200.49403,156.98463,120.77843,104.53132,86.94453,
2023-08-02,18.5,24.8,21.395833,74.041667,14.091667,321.708333,955.0,2,69.29254,69.86991,64.63409,59.02533,60.90623,66.35822,84.34416,58.0,53.93856,54.66,57.76633,60.45201,62.8108,66.08881,75.0,77.3203,86.26324,95.56079,124.3168,174.34389,133.01315,109.88363,89.0,78.39251,
2023-08-03,16.8,23.9,20.258333,76.333333,14.491667,326.333333,973.0,3,60.13749,57.08,54.16912,52.14197,52.6753,56.88824,65.68357,52.53958,46.97834,45.82,46.55233,46.91493,48.26336,51.63845,54.83285,65.16795,74.23613,89.79858,102.52834,133.23738,104.58778,100.08387,72.97,63.99199,
2023-08-04,17.0,24.5,20.575,79.625,13.995833,309.833333,963.0,4,57.2893,54.90608,52.05633,50.62514,50.90365,57.46084,61.67955,47.29,40.03633,39.51527,39.73509,44.43309,48.82654,53.42721,65.0,77.90729,77.72902,96.15173,106.81226,120.73573,107.81468,101.12245,78.25906,70.88,
2023-08-05,16.9,26.4,20.883333,80.958333,12.066667,307.166667,963.0,5,58.65923,57.52247,58.07306,54.9,55.9965,55.46862,56.54644,44.93455,31.77,30.59,32.73714,37.84644,43.90746,52.08049,59.41163,65.46,69.97,90.5915,102.751,139.54198,104.17863,96.8798,75.57678,65.0,
2023-08-06,17.4,26.2,21.070833,80.125,11.125,323.583333,966.0,6,62.53065,57.73808,58.68497,54.72233,55.07217,53.85859,51.39688,41.63764,32.34599,32.3171,36.18621,41.62807,47.44534,55.33824,67.28648,74.01855,85.17526,98.50112,120.74144,154.98824,131.8074,105.0,84.65723,70.01559,
2023-08-07,18.1,27.1,21.3,77.458333,9.729167,315.166667,965.0,0,70.27862,65.97937,60.32331,59.19152,59.7513,67.4899,71.36382,57.30341,49.48025,49.90606,52.50254,54.33155,59.67883,76.36,85.3,95.25794,101.35623,112.34,156.2984,217.86697,150.0,111.86288,90.48844,83.15566,
2023-08-08,17.4,26.8,21.166667,74.791667,12.091667,294.833333,926.0,1,60.0,60.38332,55.17244,53.65716,55.03187,59.29,62.10719,51.87746,41.39,38.76761,41.04405,42.82336,45.9689,52.34,58.40092,66.08436,68.20354,84.40039,100.77564,125.0,102.94982,90.32296,70.26069,64.36995,
2023-08-09,19.1,25.0,21.154167,80.0,11.541667,218.291667,780.0,2,53.91287,51.02818,50.05,47.88836,49.17804,53.25886,57.00732,49.75696,42.89842,39.86979,38.88,39.48646,40.26933,43.96118,47.87984,51.48027,53.97108,65.38943,73.87477,87.44264,75.37121,70.61592,61.26301,55.0,
2023-08-10,19.4,24.5,20.8625,83.125,11.754167,236.666667,813.0,3,52.41768,50.08,49.28559,48.3931,49.71136,51.81169,55.0,50.0,43.70063,42.47581,42.0096,43.16305,42.97086,46.54082,50.01893,51.3173,54.31262,66.7921,73.58729,85.55535,72.99572,67.50998,57.86909,53.0,
2023-08-11,18.7,22.4,20.133333,84.916667,12.529167,248.125,842.0,4,51.56292,49.7,49.56208,49.15306,49.72088,52.73545,56.68166,51.08495,41.9767,40.86653,41.21002,41.58,41.32163,42.36003,48.12022,50.63287,51.94277,62.16607,70.02,77.5,70.43696,70.05689,58.82843,54.1788,
2023-08-12,18.4,23.5,20.7625,83.625,12.129167,283.625,918.0,5,49.17559,49.29,47.32,46.60315,47.93511,48.64,49.22049,40.0,28.4888,29.75714,28.97,30.76625,33.09336,39.48,43.46115,48.22772,51.3901,61.18618,72.29,86.59097,72.88068,68.65226,55.75305,52.37065,
2023-08-13,18.1,22.9,20.458333,84.375,13.033333,270.583333,906.0,6,51.9283,50.23091,49.71033,49.44355,49.15683,49.2907,49.25824,42.25777,29.44454,25.4,25.85448,28.134,34.13,43.12718,49.42341,52.79425,62.35848,77.01524,95.07402,123.8509,91.3278,77.87901,70.13257,57.91278,
2023-08-14,19.5,23.1,20.954167,83.041667,14.766667,275.125,910.0,0,55.97144,54.03644,53.14671,53.05513,53.36251,56.38351,69.52373,53.59677,47.20594,44.03371,43.47,46.33005,50.67826,63.80077,77.02,89.63,110.36,147.80577,252.12413,350.0,195.47835,136.45648,81.10463,74.89065,
2023-08-15,19.0,23.1,21.35,81.125,14.7125,285.875,903.0,1,80.22979,73.08136,67.69599,66.99642,67.48377,69.96295,87.98935,69.79129,63.12183,61.90187,62.76331,67.42079,82.66287,97.11224,121.13083,143.95016,219.89635,378.15,704.35657,933.6109,457.8621,204.93205,106.34624,91.8968,
2023-08-16,19.4,25.7,21.9125,76.625,13.858333,296.5,906.0,2,77.99824,72.8674,67.65673,67.45682,67.25925,73.68,88.77,73.27268,66.58073,66.60156,67.6,75.99,86.89,107.40709,133.01918,234.30263,335.3685,712.5,1207.9862,1247.6335,666.3592,309.5466,107.27202,98.67007,
2023-08-17,17.6,24.8,21.0,80.5,14.4,299.125,912.0,3,72.46961,70.71165,64.79133,64.33096,64.36404,73.9662,78.0,63.5383,52.26547,51.38712,55.40342,61.18983,63.14341,69.02823,84.52856,94.55885,111.08,122.25,219.80315,334.91,149.0,115.45108,83.50104,73.27137,
2023-08-18,17.0,22.7,19.816667,80.791667,14.179167,287.291667,906.0,4,56.37507,53.28796,52.06562,49.45,49.40278,56.03771,55.84218,48.25776,40.50826,35.8344,34.15023,36.79095,40.13293,45.57878,50.52153,54.65514,59.50603,70.12409,93.57,115.47742,90.57361,72.90343,63.21746,62.82509,
2023-08-19,17.0,23.5,20.483333,78.041667,10.445833,230.625,710.0,5,51.57712,50.37388,47.86454,45.87851,44.52992,50.123,48.81329,41.35425,37.22143,36.82491,36.76007,36.68002,39.6131,42.59583,49.4015,54.16973,58.2652,63.97677,72.17871,73.52587,65.2233,62.80098,59.39124,51.16668,
2023-08-20,20.4,24.0,22.679167,83.958333,18.104167,25.5,87.0,6,49.1142,47.90653,44.96164,44.89423,44.57708,44.90797,47.09,44.78967,44.8427,46.36311,44.84552,44.10746,45.00263,48.71407,52.29,55.96464,59.21743,61.97699,64.28233,64.22978,61.74493,60.46925,52.37151,50.08,
2023-08-21,18.5,23.6,20.345833,85.416667,13.6875,192.375,720.0,0,49.93,47.8,47.14089,46.44,46.52362,53.18651,62.01227,54.93048,50.28384,48.51267,45.27688,42.05719,38.70256,40.3936,42.62,46.32409,50.5272,56.70113,64.27523,70.02071,65.39816,64.54884,56.50449,51.86344,
2023-08-22,17.8,22.1,20.008333,88.5,12.175,295.75,907.0,1,43.67301,44.0,43.47695,42.1744,42.94248,47.75162,56.30003,44.1399,37.87505,29.30288,24.98792,23.46652,24.73835,29.01914,35.56897,42.51381,44.78804,53.4267,66.05702,81.25761,64.90582,61.47667,54.20303,49.57524,
2023-08-23,17.3,22.5,19.5625,91.625,11.05,289.416667,903.0,2,45.82442,43.94939,42.40351,41.89915,42.14123,45.90551,52.73979,41.40032,30.76349,25.18818,23.06691,23.44905,24.35617,27.54,33.51,40.4,43.19828,53.97707,63.03951,88.23373,63.86117,61.1849,53.6168,48.03,
2023-08-24,18.0,21.2,19.5,89.791667,11.05,230.041667,771.0,3,45.0,43.67891,42.5533,41.25405,41.18678,45.58,50.92025,42.48957,31.07313,25.63394,24.94078,25.14119,24.93,25.71,31.00247,38.29915,41.08536,53.70733,63.77215,84.09777,62.88944,59.1956,48.00663,46.89318,
2023-08-25,16.8,20.8,18.875,90.0,12.8125,282.25,888.0,4,52.82137,49.96,46.03692,43.11729,43.2693,49.87817,58.83,46.30395,34.86601,32.44316,30.83,30.8,33.88581,35.65,40.06977,49.18956,49.79119,64.07998,77.52682,95.79964,76.48626,77.46517,58.50658,53.6317,
2023-08-26,15.9,22.0,19.004167,89.208333,10.966667,280.041667,912.0,5,52.07111,50.0,48.40097,46.36469,45.0227,48.58,48.52739,38.78595,22.30584,20.73647,18.81744,19.00399,28.03,32.44933,40.71162,44.13,47.43884,59.4605,77.3937,99.36647,72.51466,71.93279,57.17,55.01619,
2023-08-27,15.8,22.1,19.5,86.666667,10.9,289.958333,910.0,6,58.8229,54.72112,53.08696,47.37822,46.2892,48.81135,52.4407,39.12421,22.60592,17.9789,19.24239,21.63185,27.46947,33.08513,43.85263,48.08014,49.32172,68.27876,88.5167,129.4217,86.24475,78.39048,63.41884,58.92238,
2023-08-28,17.2,26.5,20.779167,80.25,9.1375,286.125,906.0,0,70.76981,63.42353,58.33,55.93973,59.601,71.21511,87.4,54.44045,43.15486,42.6263,44.45294,55.70108,63.59,72.24139,86.42713,90.37793,110.0,217.39,449.06583,450.0,227.21506,124.09198,81.15299,74.47815,
2023-08-29,17.2,27.7,21.0125,79.208333,8.795833,294.708333,921.0,1,69.44861,65.0,63.01069,61.09183,59.94891,66.32329,71.02762,53.61163,40.3478,40.29162,43.23456,49.5954,59.46208,78.9295,99.60048,111.0,116.78126,156.56068,300.0,348.85678,185.28699,140.94885,99.0,91.20683,
2023-08-30,17.4,29.7,21.8125,80.5,8.870833,289.416667,911.0,2,57.39944,50.80407,49.45666,47.08913,47.62052,55.93323,66.19402,48.87543,37.85,34.52,36.50074,41.28,46.8165,56.25685,66.09,88.31199,92.18781,117.58128,276.0,300.0,127.73169,116.65649,87.71552,70.00541,
2023-08-31,18.6,25.3,21.45,86.0,8.325,254.208333,866.0,3,46.66896,43.09325,43.85992,42.474,42.54082,48.95147,51.92848,44.07631,31.76987,29.33771,27.06631,30.15845,30.94,35.40585,39.18822,41.90975,46.6824,58.64429,67.41132,72.11628,61.06706,59.08075,49.85836,46.48672,
2023-09-01,19.0,25.1,21.704167,80.833333,13.1875,242.833333,854.0,4,42.71515,39.80953,39.10688,37.13485,37.44987,43.35337,43.01681,37.78813,30.66391,27.60624,25.8861,26.78922,27.33077,29.23261,31.7597,36.62619,36.86568,48.73774,53.50558,57.80632,53.49977,52.94204,48.11214,44.29456,
2023-09-02,20.2,23.6,21.5125,85.291667,12.066667,108.958333,552.0,5,40.7302,40.9716,39.9,38.83,38.61083,42.15638,41.33505,35.93675,30.37961,25.92044,24.51077,23.70103,22.91051,22.03,23.91733,28.7088,32.60773,42.42339,51.10336,55.82501,48.94112,45.86575,44.35009,40.97059,
2023-09-03,18.5,23.1,20.983333,76.208333,15.1125,248.958333,874.0,6,37.21499,37.19574,35.73881,33.94716,33.35223,33.82672,35.95424,29.69693,15.0,10.47402,8.65413,7.76826,7.45478,7.22692,7.63013,8.35,12.0,29.57,43.39671,48.85602,46.37044,42.94209,37.13843,36.08408,
2023-09-04,16.5,23.0,19.445833,84.083333,11.5,252.25,864.0,0,34.52,32.22074,31.58149,31.24,32.15846,35.0,35.05,20.0,0.55444,-0.46802,-0.71135,-0.79131,-0.16647,0.0,3.05605,10.31879,15.88466,31.19159,47.33403,52.26869,47.07548,46.99488,44.50193,39.39595,
2023-09-05,16.7,22.0,19.5625,84.625,10.158333,186.333333,669.0,1,40.0,38.03,37.74794,37.76138,38.97885,45.05703,44.08831,32.46447,8.3388,4.55638,3.59039,2.82809,4.99699,6.27804,15.63894,23.99474,29.94805,45.61561,54.08468,62.70909,51.28907,48.98,47.09794,41.2,
2023-09-06,16.9,22.6,19.833333,84.416667,11.666667,216.333333,847.0,2,41.13311,40.15808,37.31052,36.76865,37.04306,42.66187,50.06932,36.54333,20.36013,14.3,12.20662,10.91036,13.89022,16.41611,23.62599,32.34,34.19852,49.28586,58.82676,69.01753,55.66585,50.64972,48.29744,42.42199,
2023-09-07,17.5,23.2,19.833333,86.791667,11.116667,255.708333,859.0,3,44.87226,41.58089,39.18538,38.96522,39.0973,44.78612,54.07889,39.82716,24.31273,22.12999,21.32514,21.21,23.35685,25.95912,31.39799,36.08944,38.88789,56.08315,69.38165,81.0,62.19126,61.15767,55.51789,46.1557,
2023-09-08,17.6,26.8,21.429167,79.041667,9.7625,256.708333,834.0,4,47.57915,44.7818,41.70155,41.40696,42.02751,45.4538,58.04647,45.0186,30.54195,24.11271,25.61345,28.24271,33.24597,37.95352,42.61463,46.2311,53.40044,71.05666,98.24,109.6313,75.64,70.5127,59.61015,49.85,
2023-09-09,19.9,27.1,22.829167,72.5,12.745833,247.666667,840.0,5,47.62118,43.6652,42.5421,41.19675,41.11458,43.08103,48.05878,36.67755,19.14746,20.40277,25.26604,29.0358,33.20031,37.87,43.51008,45.44405,52.71446,69.0772,106.39161,123.31314,68.61139,64.54331,50.17568,50.37,
2023-09-10,21.6,27.5,23.433333,70.791667,10.55,199.541667,804.0,6,47.91993,46.9655,45.43201,44.52927,43.05686,45.81396,48.45129,42.15298,37.77285,38.47839,37.76523,40.37633,41.35026,42.97669,54.4257,63.71022,74.24217,78.52274,105.4873,109.01284,77.59907,72.91275,64.74354,54.06,
2023-09-11,20.1,26.1,22.795833,72.458333,8.558333,182.458333,768.0,0,49.24,44.15142,43.25113,43.18776,43.92286,50.93281,61.94852,48.14018,40.33208,39.71851,39.7133,42.40726,47.20896,52.84271,58.5136,68.77091,69.61,82.74431,106.63906,102.99094,79.77115,74.55943,59.96025,54.09532,
2023-09-12,18.4,25.0,21.0375,82.458333,9.5,268.5,866.0,1,48.82,48.25279,43.77218,43.73028,43.85258,47.28072,53.03092,47.0,36.26303,30.38844,30.18609,32.46207,34.20681,35.0,37.53471,42.08599,42.8,53.42965,81.43,85.0,68.5935,58.41888,50.39898,49.30173,
2023-09-13,17.9,24.0,20.279167,81.5,13.454167,214.083333,817.0,2,42.38657,42.57606,41.96465,41.55975,42.34778,46.77902,49.43939,40.00208,15.16856,11.19057,10.61029,10.28254,14.49427,15.02,21.11526,25.88,31.59762,51.96768,71.49078,75.13737,62.01881,56.25968,52.47481,50.70486,
2023-09-14,18.3,22.5,19.895833,79.208333,11.895833,235.041667,830.0,3,47.41345,45.59497,44.70875,44.90815,46.30268,50.86119,54.83534,43.95576,19.44623,17.00908,16.00901,14.55965,16.59524,18.31809,24.27767,32.59879,37.29276,64.02075,80.97409,82.84438,71.05998,68.61845,60.53022,50.87192,
2023-09-15,17.0,22.0,19.333333,83.041667,13.7,188.833333,803.0,4,48.67201,48.304,47.26272,46.29732,47.71103,51.35651,59.68682,45.97208,25.87458,20.30832,18.18695,16.55225,18.0802,20.46121,24.81583,34.9194,43.3072,67.95056,81.8254,83.43363,74.24917,71.40693,57.41954,52.12263,
2023-09-16,18.2,21.6,19.420833,83.375,12.433333,160.291667,660.0,5,48.7899,46.80111,46.04108,45.82379,45.0028,46.40528,46.39114,40.0,23.25915,18.98,13.24098,12.18768,10.37669,13.8859,17.41434,28.49904,33.65539,55.00769,65.21824,70.0,62.12693,56.18623,47.56049,46.33433,
2023-09-17,18.2,21.6,19.55,81.0,11.366667,141.541667,608.0,6,43.37576,43.56978,42.99999,41.93742,41.98526,42.37421,43.69972,35.82431,14.87724,10.49894,8.17642,8.5297,8.91533,9.387,12.8,23.24451,29.45777,45.16743,62.52937,62.93389,56.75233,46.29069,45.28287,43.56882,
2023-09-18,17.4,22.1,19.5125,78.708333,10.895833,242.666667,832.0,0,42.55761,40.93547,41.22264,40.0,42.60603,44.41668,44.93,38.43861,12.37425,9.8,8.17149,6.4999,6.38348,6.51405,7.56582,12.67,17.55805,44.32926,62.82558,66.75893,57.62225,48.1436,46.42927,44.35892,
2023-09-19,15.2,23.2,18.766667,82.958333,12.1375,230.375,822.0,1,39.37784,40.0457,38.55016,38.19,39.30852,43.62965,48.10719,38.27958,19.04731,14.49878,13.41541,12.5,12.75895,13.19639,14.88,18.58,26.09306,44.56566,68.57397,68.31424,56.24,48.53654,46.03815,44.23763,
2023-09-20,17.0,22.4,19.295833,78.375,12.895833,215.75,777.0,2,39.41009,39.82554,38.0388,37.60187,39.25987,40.61142,47.15581,40.0,25.61152,17.4165,11.03937,9.6705,5.97,6.84,9.53629,9.29,15.35299,40.64,56.94319,60.64,49.55398,46.43937,44.26954,41.36116,
2023-09-21,16.4,20.5,18.470833,81.208333,10.7375,140.541667,454.0,3,43.08951,42.19824,39.60649,37.95959,38.95695,43.2857,51.43658,40.90586,23.61356,14.67,6.27865,2.8,-1.01637,-2.94,-0.2,0.69785,9.13858,39.84975,57.21749,62.06474,51.71789,46.81098,43.9488,42.01562,
2023-09-22,15.3,22.1,18.358333,78.833333,9.070833,187.708333,713.0,4,40.38891,39.33955,37.71157,37.21969,37.58677,42.46592,48.81409,43.50289,35.37819,31.70358,30.0982,29.34803,30.00713,29.18687,30.68155,37.25172,41.97487,54.82779,61.66937,60.28662,52.91141,51.47839,46.8605,42.51944,
2023-09-23,16.6,21.3,18.758333,83.125,12.341667,228.916667,794.0,5,39.36273,38.87912,38.06064,35.83821,35.91974,36.53685,39.53671,34.99,15.71,4.57226,-0.00508,-2.73091,-3.34515,-3.51524,-3.85374,1.06,14.43303,37.49,51.67176,54.94882,47.88178,45.9579,42.42263,40.51388,
2023-09-24,15.1,22.4,18.7125,85.541667,12.733333,229.083333,817.0,6,36.99732,37.18578,37.17413,36.2668,37.19801,37.2338,39.1849,32.07755,3.90895,-1.70387,-2.8511,-2.51429,-3.63307,-2.03171,4.29393,10.61855,20.22431,41.87185,62.32178,64.41919,51.09719,47.53518,43.81326,40.70375,
2023-09-25,15.8,22.7,18.325,85.916667,12.416667,224.958333,812.0,0,39.86606,37.772,37.8348,37.76804,40.49289,44.89318,49.79848,40.49309,21.5783,17.47152,10.51859,10.74697,12.48364,13.91438,18.31364,26.19467,28.5647,48.88106,72.37226,72.67356,56.30845,51.05499,47.98002,41.19821,
2023-09-26,14.4,23.1,18.079167,84.958333,11.841667,232.541667,809.0,1,40.60229,38.11859,36.99906,37.62681,38.60891,42.24403,47.75242,40.1322,16.0,7.14053,5.0,5.0,8.82425,9.96643,18.72347,25.64488,32.65194,51.58304,82.88328,82.39418,63.55853,53.23528,45.50464,43.12026,
2023-09-27,14.6,24.8,18.6625,84.625,10.2375,209.5,770.0,2,38.63739,37.51707,36.31653,35.8569,36.43899,39.37606,45.61544,35.26302,19.32,11.70853,10.24,11.88118,14.41889,17.24046,20.34823,27.84691,31.26112,46.12,66.64,67.21995,57.1913,50.18834,42.35257,40.01653,
2023-09-28,16.7,23.2,19.1,85.208333,11.891667,198.708333,764.0,3,37.85346,37.29728,35.35972,34.75572,36.98079,39.54291,46.53282,37.25849,19.12568,12.64,12.97204,10.7369,13.52448,12.69,15.85311,19.02155,22.2375,39.29625,60.0,59.60345,52.6477,46.34458,42.63531,39.21744,
2023-09-29,17.3,22.6,19.291667,77.541667,10.366667,160.375,585.0,4,35.50805,36.0,35.54532,35.24705,35.89414,40.93908,45.03127,40.29587,20.67888,10.0,7.27989,4.84581,5.58,5.50085,4.25098,6.27706,16.66825,40.64,53.55487,53.1401,45.34329,41.72513,40.86113,40.19365,
2023-09-30,16.5,20.6,17.933333,80.375,16.066667,147.166667,537.0,5,35.97399,35.88262,35.54553,35.51361,35.14351,35.6553,36.57879,32.81181,22.42186,16.45443,12.99663,9.35069,8.71248,8.83,9.77812,11.8,20.97341,37.56374,45.45916,46.89349,45.03057,44.6786,43.02446,39.13604,
2023-10-01,14.4,19.1,16.704167,71.583333,10.929167,183.0,634.0,6,38.52372,37.73989,37.59686,37.21026,35.03546,37.37698,37.66963,33.40216,13.65498,2.01106,-1.76365,-3.57518,-4.81421,-4.47376,-3.04309,-0.61296,10.34,39.89163,47.25524,48.50531,45.24605,44.38528,40.1236,39.33996,
2023-10-02,11.9,20.4,16.266667,79.333333,12.15,220.166667,762.0,0,33.97615,33.54796,33.43266,33.24372,33.56526,39.02303,48.50424,42.29311,21.20087,12.88165,12.74003,13.18103,12.05459,12.32123,13.43015,15.00836,21.69669,47.69894,57.30215,55.83312,54.41422,51.56237,50.09775,46.43879,
2023-10-03,13.4,23.5,17.845833,79.75,12.058333,217.458333,757.0,1,44.78019,44.4748,43.8112,43.27789,44.74908,51.07281,63.48256,52.88035,30.48922,21.47603,21.72,18.95527,17.38845,16.22048,21.10822,28.38313,43.32966,66.71412,82.4917,76.62031,70.61838,69.46958,58.60452,52.37914,
2023-10-04,15.6,25.6,20.520833,59.208333,12.25,218.458333,760.0,2,52.02309,49.2982,47.73131,48.66178,48.80862,52.97568,58.98999,49.87951,27.46175,15.41983,14.00237,16.27115,19.41982,22.40892,25.89897,31.86427,36.72843,74.48588,98.04132,91.72,82.61725,77.12207,68.87876,60.63178,
2023-10-05,17.1,30.3,22.716667,47.041667,13.0125,219.708333,765.0,3,66.71847,62.8446,55.45099,55.35733,55.57469,62.54984,72.31196,61.3744,33.99977,26.78098,24.66,25.4498,28.93247,29.6,32.20604,41.49851,52.48,93.82568,144.9389,119.28907,94.00202,82.26361,70.55202,67.17342,
2023-10-06,16.4,30.0,22.1375,50.25,12.591667,218.333333,762.0,4,64.23686,60.03117,55.12586,53.67962,54.94352,62.89164,74.10628,68.32368,34.44387,25.5,25.64748,30.19374,32.41727,33.8383,35.80752,44.85743,62.5,108.42654,180.6953,133.10107,100.03872,90.83,75.30341,71.10399,
2023-10-07,15.6,27.0,20.670833,71.166667,10.279167,207.875,743.0,5,65.99345,63.44267,60.258,57.08398,57.13799,57.07497,62.07354,55.69056,32.8037,21.13209,22.73518,22.2711,28.47034,27.5,32.99462,41.8571,55.27442,85.3924,160.51804,112.13454,88.79891,84.92098,76.08366,66.07886,
2023-10-08,17.4,24.1,20.179167,78.0,10.525,195.166667,677.0,6,61.39964,59.03099,58.41112,56.14778,56.58322,56.33205,59.9267,53.83315,35.43349,24.59876,26.04745,26.26037,28.34199,30.99,37.37921,50.04783,47.67092,80.99281,131.69885,97.73685,86.43391,84.82202,70.91492,61.96431,
2023-10-09,15.8,22.0,18.695833,83.916667,11.4375,187.75,685.0,0,58.08512,56.96929,51.80196,52.01042,52.79201,60.32413,71.67953,60.54315,33.88646,21.1,22.34669,23.99572,25.58093,26.9161,32.11011,38.76334,54.84662,74.19473,91.81,78.61138,76.43873,73.20809,60.33096,58.0418,
2023-10-10,15.8,22.8,18.475,83.666667,11.204167,187.416667,703.0,1,52.16967,51.67397,47.61579,47.291,48.62191,52.64662,60.44528,53.75,27.35025,18.28158,15.52591,14.99,14.56,12.42831,13.72624,18.40003,30.98712,66.16426,76.96021,69.5454,67.65925,65.68001,57.50929,50.89587,
2023-10-11,16.9,23.4,19.558333,69.5,13.908333,200.75,726.0,2,43.77265,43.01668,42.58138,42.47221,43.03325,46.24742,59.61743,56.43406,24.03417,10.21,7.76643,5.46362,3.66609,4.0,5.13795,8.92587,17.49849,63.68547,81.52299,70.2097,67.61846,64.49265,53.58683,50.0,
2023-10-12,13.5,24.5,18.3,68.458333,12.133333,201.5,726.0,3,43.67141,45.0,46.19478,43.1875,46.84913,52.36205,63.81377,55.42,30.73629,16.11266,10.44148,10.24676,11.30306,18.20495,22.27697,27.56263,39.16918,75.73406,102.88292,86.5644,76.50166,74.99182,64.55429,52.40026,
2023-10-13,15.4,24.4,18.733333,79.041667,10.2125,180.0,645.0,4,53.62865,49.59783,47.93231,47.3932,48.42069,55.87582,66.85221,57.33945,38.17392,29.15479,31.90455,31.08756,32.51803,31.95372,34.58484,37.63467,49.10671,81.8651,111.85637,98.19,87.33896,81.57,62.81426,54.34159,
2023-10-14,15.1,21.8,18.1125,81.916667,11.2125,183.041667,698.0,5,58.9728,55.73956,52.85305,51.31406,52.287,51.0745,54.7545,47.57,39.85257,65.78941,20.39922,2.03176,1.70568,8.88,14.0759,23.41845,38.64,74.31934,94.5092,80.04525,77.04198,76.83649,69.94626,64.42953,
2023-10-15,13.6,25.0,19.541667,63.791667,10.1125,195.625,704.0,6,60.0,56.1685,52.55311,52.15903,51.23078,53.16247,54.81189,43.78311,13.88354,0.37452,-0.15426,1.06285,7.67715,14.06845,23.95103,32.81719,53.97291,111.48,126.9559,115.82,103.09318,90.0,63.14042,58.74052,
2023-10-16,13.6,24.3,18.404167,80.416667,10.15,181.791667,688.0,0,66.74412,60.53555,59.58476,59.70338,60.0,67.22191,82.12695,64.4462,31.78515,19.40834,19.15545,22.37089,26.59701,31.01734,39.79,49.45004,68.42704,131.10738,161.55086,131.43236,116.76499,95.87017,79.49888,70.23243,
2023-10-17,16.4,24.5,19.020833,88.666667,9.220833,177.125,686.0,1,64.85309,62.37924,61.8533,61.81607,62.47499,67.39259,78.7733,71.39757,38.59283,25.20566,24.29932,23.97759,26.78003,32.61445,40.75381,52.54674,78.95491,132.6619,162.23566,128.6419,108.64447,96.96692,84.18457,75.53224,
2023-10-18,15.0,23.5,18.566667,86.791667,8.095833,179.958333,664.0,2,71.90533,65.33039,63.4717,63.09137,63.11043,67.71889,87.38529,76.7617,44.13135,26.70935,29.96611,27.37097,31.03269,38.1,49.65824,59.90121,93.87227,163.0204,220.22,154.01517,121.71648,115.74851,93.31039,85.33602,
2023-10-19,15.3,23.9,19.0,85.583333,10.279167,171.875,656.0,3,74.83523,71.83974,69.70638,69.91264,70.0,71.79001,96.58386,92.65637,64.88944,43.94953,47.28298,48.96379,51.6,58.0837,67.62341,88.92782,122.23631,237.996,326.73047,182.94614,136.03412,128.4117,97.41659,93.02708,
2023-10-20,16.6,23.2,20.158333,77.208333,13.0,181.208333,662.0,4,78.83832,71.39592,70.80909,70.71486,71.77583,80.0,107.83449,94.87504,61.54976,43.62978,42.59548,46.18861,53.89599,59.36483,64.18383,72.13107,98.43477,170.45296,208.3899,138.59499,110.84391,104.13803,87.20887,80.92423,
2023-10-21,15.6,22.8,19.070833,75.958333,13.833333,183.458333,670.0,5,61.70416,59.89334,59.82283,55.26121,59.67367,61.24496,66.04533,61.7063,36.80263,26.52252,26.09584,26.75,26.44026,26.47548,30.91098,41.64731,63.78422,75.52252,91.9141,78.57295,75.66911,70.50046,62.37185,60.48828,
2023-10-22,14.9,20.9,17.695833,86.458333,14.675,165.833333,656.0,6,51.17827,51.4416,50.0,47.79,48.3742,48.87,49.29822,43.13727,18.45667,4.19776,2.95722,1.59944,3.18392,2.19,4.59637,12.2807,37.78627,61.51363,75.60992,69.11558,63.01529,60.7114,57.06586,53.48894,
2023-10-23,16.8,22.2,18.6625,81.125,8.495833,156.291667,590.0,0,47.60524,47.86741,48.15956,47.54024,47.84935,50.37537,60.20014,57.64077,29.15478,17.93395,15.0,15.41373,15.86514,16.92816,21.40255,26.03851,45.81809,68.43945,73.52249,70.52009,67.71131,66.45486,60.82003,55.34599,
2023-10-24,13.9,22.4,17.341667,83.916667,10.1,169.375,647.0,1,55.02,54.67363,54.82077,54.66615,55.94562,64.29352,72.38406,69.00314,35.36589,23.75085,20.98854,20.18064,21.43497,21.26015,23.43883,26.05208,44.432,78.50222,87.66744,81.356,77.0784,75.09053,64.4074,62.46302,
2023-10-25,16.2,21.2,18.495833,81.5,12.216667,97.041667,452.0,2,55.43821,55.02,55.02,53.92888,54.28557,62.2762,70.75346,67.80288,40.34032,28.67408,24.45857,21.58514,20.33,20.18678,20.57416,23.3889,41.75754,69.92838,74.2697,72.1623,71.25407,69.68175,60.0,59.59513,
2023-10-26,15.9,20.4,17.825,80.875,9.970833,169.75,637.0,3,56.83182,55.0,52.0654,51.75577,51.31288,58.93405,69.01825,60.05745,45.98633,18.33425,13.88005,10.42104,10.30698,11.57902,12.23571,17.00244,43.51,75.00927,82.5179,76.81529,75.4338,74.89895,73.17691,67.15997,
2023-10-27,12.9,21.5,16.904167,80.875,12.05,165.291667,617.0,4,60.91002,57.30695,56.25694,55.18243,56.07954,65.0,69.7721,65.49331,46.3381,29.32,22.44991,19.45,16.78078,19.10023,19.57,20.0,38.47356,69.3488,73.892,72.30349,70.035,68.73317,67.77472,62.97772,
2023-10-28,12.0,20.4,16.1375,79.291667,12.65,159.708333,649.0,5,57.77267,55.31431,55.57563,55.68503,58.01749,58.34288,69.55284,58.73229,19.02,-0.6568,-2.48562,-3.72232,-3.86484,-3.83925,-4.57305,-4.02,21.05606,66.98606,74.60468,73.69,72.47507,73.22747,70.34013,67.85562,
2023-10-29,10.4,25.0,17.6125,34.708333,9.483333,186.416667,692.0,6,58.45699,57.88345,55.04807,54.99,56.08,57.18999,58.70076,55.0,13.4726,-8.17857,-10.89168,-10.8,-11.5,-11.09953,-10.02619,-7.46024,13.89494,71.95154,76.71159,73.92593,73.9406,72.96651,71.95309,72.06192,
2023-10-30,8.6,24.1,16.441667,20.666667,9.791667,187.291667,696.0,0,69.62607,65.20927,64.65084,63.00953,65.18918,74.26421,82.88675,83.43118,51.66,22.27252,16.58274,16.83032,15.12493,14.6,18.15902,22.89328,48.66227,81.56444,91.12562,85.46814,82.60002,81.35753,78.73329,74.42544,
2023-10-31,10.4,26.2,17.8,19.25,11.454167,184.416667,687.0,1,70.5663,65.68137,62.5269,62.3817,63.51877,72.40906,84.50982,80.26811,53.37183,23.53209,19.56,19.6237,20.74936,22.14961,25.56943,31.89598,61.63686,86.87725,94.0,87.37952,85.71218,84.47139,80.35798,73.92,
2023-11-01,11.4,27.9,18.666667,19.5,12.383333,181.291667,677.0,2,82.26454,74.00028,73.44967,73.30231,77.248,85.15727,98.38454,93.44686,54.74602,24.11476,22.25153,20.321,22.15111,20.24227,26.53737,34.0,60.8426,95.02534,102.35845,93.95025,94.04715,93.80369,89.49803,74.01728,
2023-11-02,12.6,27.4,18.970833,29.041667,11.241667,179.083333,670.0,3,72.0131,67.65904,67.34639,67.27123,68.07777,71.56573,81.32089,85.0,51.88768,22.72067,14.00092,15.0,17.65,19.0,24.0,35.98387,64.03422,93.13113,95.0,95.0,95.0,94.55708,83.87778,71.04819,
2023-11-03,10.6,25.0,17.095833,55.0,10.9125,176.916667,665.0,4,66.53257,67.2113,64.92906,64.08255,65.18519,72.73755,84.0201,80.88901,59.44842,25.57686,16.95842,20.0,21.54158,25.0,29.42289,42.62589,62.64507,91.85257,90.90748,84.66778,82.96779,83.3977,74.54966,69.87446,
2023-11-04,10.4,23.2,16.458333,71.541667,9.366667,164.833333,640.0,5,61.99177,64.22385,62.67859,57.70278,58.23038,61.18213,62.54618,59.86781,50.81,26.93,20.64315,19.26,18.773,20.0,23.27563,36.90812,60.80703,74.54023,75.06088,73.39757,72.5238,70.81425,68.44031,58.56699,
2023-11-05,11.6,22.0,16.068,84.96,8.912,148.64,636.0,6,64.67909,62.52578,56.81874,53.74791,55.74364,55.60977,53.68789,35.56388,4.6,3.34478,2.41038,2.59159,2.68638,4.39703,15.99853,48.09302,68.72834,78.64344,69.65033,68.71522,68.70158,67.90619,64.9622,67.93002,61.95446
2023-11-06,12.8,20.5,16.341667,88.541667,11.6625,147.916667,617.0,0,63.23433,58.96349,57.55109,56.57943,61.65239,72.55222,64.98,57.07,18.84905,10.66709,10.95,15.53816,16.72488,22.80925,31.76,58.77,93.20488,101.58383,80.1865,81.40169,80.85816,78.69376,67.14101,61.90333,
2023-11-07,15.3,20.2,17.858333,70.5,15.270833,139.708333,553.0,1,56.78287,50.91521,47.84986,47.41598,52.4507,59.41954,60.0,46.27945,11.64663,4.87923,1.24,0.29506,-0.06438,-0.02883,2.13,44.47382,72.1963,92.4762,71.28247,72.40186,72.43096,71.87956,58.77994,55.1786,
2023-11-08,12.9,22.6,18.2875,33.375,15.975,170.166667,644.0,2,49.79394,46.20137,46.2085,47.0,51.58633,65.1182,68.45192,40.0,14.51663,5.78378,3.41427,3.68675,3.87,4.18,9.39843,38.92271,77.42648,92.93398,78.51235,77.50555,76.42211,75.64294,68.21614,64.54447,
2023-11-09,10.9,23.2,17.254167,22.833333,12.7125,174.166667,661.0,3,66.0999,62.33655,59.04031,59.34608,65.33508,77.64566,70.70059,40.38063,14.96904,9.88648,9.68029,8.0,10.0,10.57854,16.63303,52.6245,85.9913,105.78766,81.86806,81.66854,81.50239,80.86643,75.02,67.10216,
2023-11-10,9.2,22.9,15.333333,31.083333,11.066667,149.791667,543.0,4,58.1201,54.73,53.28985,53.12807,57.71366,67.53243,68.53814,47.39518,23.20996,20.5721,22.24225,23.44443,21.40079,23.737,32.79991,48.20201,70.64901,80.3952,70.99269,70.72325,70.67199,69.65341,64.90608,61.71216,
2023-11-11,8.5,25.1,15.6125,31.208333,11.108333,169.041667,644.0,5,51.94941,51.75151,51.12272,51.18598,47.73731,50.96224,51.44424,41.24245,11.06579,5.0,3.40765,5.03536,7.14079,7.82676,19.636,43.74659,65.27749,71.52828,64.67178,64.45515,64.32887,63.83623,63.23327,63.41956,
2023-11-12,9.4,28.4,17.695833,29.958333,11.483333,167.916667,641.0,6,48.68761,47.36803,46.5364,45.83546,45.41431,47.67306,49.17502,37.93522,7.36637,1.696,2.67803,2.64705,4.36114,6.1793,20.24341,48.90566,67.02576,72.14254,67.21428,67.24911,67.03734,66.61903,57.26342,55.74335,
2023-11-13,12.1,23.4,16.333333,58.208333,9.266667,140.916667,564.0,0,50.86923,48.15902,46.99734,46.96121,48.22482,56.13036,68.5,54.66258,42.19335,36.81059,35.22621,34.98793,36.88113,37.3809,41.45389,59.45532,76.96563,85.28284,77.01916,75.7228,75.52131,73.65998,65.0,58.57466,
2023-11-14,9.9,24.4,16.170833,47.583333,9.958333,163.583333,628.0,1,62.3521,57.52016,57.23348,56.66705,57.62545,70.89628,78.64411,60.47664,41.52,32.9801,31.27026,32.4984,35.29853,35.59713,45.21,61.94881,81.57113,86.22145,81.25128,80.84057,80.29493,78.96061,67.28935,61.36388,
2023-11-15,11.1,22.0,15.704167,57.791667,13.204167,56.041667,340.0,2,66.6211,61.84003,62.23393,62.22497,63.62708,71.98277,80.97188,73.85961,61.76689,60.10683,60.43054,60.56705,59.8573,60.5,63.32078,82.75363,89.71135,90.37634,85.16902,82.32333,83.78594,78.47592,68.72032,66.59318,
2023-11-16,13.7,20.6,16.695833,86.625,9.7125,144.208333,586.0,3,67.66379,64.53611,64.22933,63.00706,64.08067,72.38938,80.02353,70.15687,61.58057,51.53472,50.07708,48.94,49.19712,49.52027,55.27832,67.24352,87.54795,89.99438,85.21192,85.22507,86.52224,86.28123,77.44092,68.01008,
2023-11-17,14.5,21.0,16.733333,85.958333,8.829167,138.125,562.0,4,66.44112,62.24259,61.73325,61.40819,61.99104,70.15838,77.33193,67.97733,55.33213,48.38613,41.04085,40.01623,38.7565,40.38,52.07627,75.82183,90.54736,87.52,84.06811,83.35983,83.48514,81.5888,70.03715,70.05032,
2023-11-18,14.9,19.5,16.829167,89.458333,9.216667,120.333333,518.0,5,60.27482,59.64731,59.39057,57.25509,59.35395,59.29325,61.55139,55.55065,33.95691,30.87683,29.04555,27.35669,24.94069,24.76754,29.99,57.31842,64.94381,65.52429,63.19204,62.22648,61.10209,60.12865,57.29731,57.30275,
2023-11-19,11.6,19.4,16.15,66.208333,19.633333,150.291667,580.0,6,51.87178,51.06956,50.26049,50.15672,50.94249,51.28393,49.22452,25.76758,0.29789,-10.37263,-10.93837,-12.1759,-12.16686,-12.19845,-8.40679,24.03085,59.83408,60.98488,60.37818,60.00959,58.28657,58.33387,58.1132,58.26396,
2023-11-20,8.6,19.9,13.9625,62.125,9.070833,158.291667,613.0,0,58.07791,53.95843,51.13559,51.08888,57.63374,64.51272,69.97296,55.40523,22.14266,5.20912,5.0,4.91431,4.65686,5.0,11.0,51.86855,75.19337,75.4071,74.2824,74.14448,71.66082,73.36023,64.45627,61.71,
2023-11-21,8.9,24.4,15.004167,52.0,11.516667,156.708333,609.0,1,54.65839,54.76157,54.76149,55.18635,58.5204,63.46285,68.53285,56.53295,30.03209,14.74119,16.92,19.69301,21.88666,22.31124,34.73089,60.0,79.36,80.87258,75.73518,75.3405,75.15614,74.73265,66.23713,62.84,
2023-11-22,9.5,23.7,14.8375,59.125,11.679167,152.166667,605.0,2,55.17127,52.15035,51.50103,51.54979,55.98593,59.27861,60.0,52.89465,25.88662,13.98239,11.71,12.5,15.0,15.62444,29.27328,55.84,70.98049,70.78813,70.44036,69.61212,69.14415,66.8951,60.1533,58.61814,
2023-11-23,11.8,19.9,15.204167,70.958333,13.283333,144.541667,586.0,3,50.05211,50.12587,49.3636,49.04451,49.21382,49.41046,50.57618,43.91649,20.72179,2.01,-1.54015,-2.34117,-3.45308,-3.88,-2.86327,36.40229,53.43716,53.71748,52.99911,53.07786,52.90817,53.11647,52.80343,52.53692,
2023-11-24,12.1,18.8,15.154167,80.5,11.0375,127.541667,548.0,4,43.35383,44.86693,43.55225,43.63093,47.21534,47.87663,51.80569,39.96609,6.83994,2.01508,1.53962,1.51208,1.56,1.68,4.23477,48.0237,57.30634,57.27324,56.43216,56.53088,55.40526,55.78956,56.37537,56.20419,
2023-11-25,10.1,18.4,13.645833,70.791667,11.295833,145.458333,577.0,5,54.505,54.26585,54.13724,54.06378,54.20048,54.53,54.14031,39.2119,5.36676,0.76685,0.317,0.31193,-0.29843,-2.48473,0.0,38.9599,56.15829,57.35423,57.15625,57.01914,56.94617,56.71863,56.4728,56.53945,
2023-11-26,7.2,20.5,13.0875,41.875,10.008333,117.208333,462.0,6,58.51675,58.35992,57.83046,54.88238,56.39975,58.31997,57.61078,49.09368,31.19789,27.78094,23.06792,24.5316,25.61815,27.99532,37.61202,48.52576,61.80041,61.79927,61.56841,61.50242,61.33736,60.37353,60.25685,56.74099,
2023-11-27,8.5,21.0,13.9375,39.333333,10.554167,128.583333,502.0,0,58.05573,54.45608,53.78979,53.86773,57.61731,65.48807,70.98999,55.96208,33.56003,27.50945,25.89817,22.28015,25.35905,25.52086,30.72771,55.16501,72.85925,73.00247,70.20408,70.24196,70.11097,69.40158,68.5266,62.40189,
2023-11-28,8.4,20.9,14.345833,44.875,11.383333,146.916667,580.0,1,73.14193,72.04761,71.64886,70.05849,76.29002,76.94012,85.20851,71.31491,38.40364,26.74641,25.2769,24.65255,24.56267,24.81754,26.94455,73.11266,83.81401,85.68089,82.15468,82.21555,82.6662,82.47843,80.05483,74.66544,
2023-11-29,8.3,17.5,12.966667,68.833333,10.6875,123.875,535.0,2,73.0916,70.2993,70.87839,70.13391,72.93886,77.87286,85.19169,71.64,58.94182,44.67836,42.57213,38.49102,38.03491,36.85503,42.03914,66.63802,83.71798,82.77513,83.366,82.67352,82.6753,80.27586,76.20579,69.99867,
2023-11-30,9.2,17.9,13.3375,82.291667,10.225,109.75,478.0,3,59.66043,60.02598,60.09088,59.98924,60.58639,70.18162,79.72728,72.20837,58.43746,52.78312,48.48479,47.29807,47.07456,48.15305,53.12024,69.7778,82.49198,84.27024,82.51193,82.257,81.79262,81.2327,76.65009,69.84585,
2023-12-01,11.2,18.0,14.816667,46.333333,23.279167,137.208333,562.0,4,55.34625,54.99456,54.79381,54.54614,55.81974,68.55301,76.59966,62.41363,42.51534,27.48324,24.244,22.79042,22.21568,21.5,30.28448,52.51398,71.17067,73.40188,71.7577,71.28064,70.94137,71.16881,69.62537,58.42526,
2023-12-02,7.9,19.2,13.433333,63.458333,10.645833,140.541667,559.0,5,50.19424,47.5608,47.6393,47.54877,47.45061,54.79634,57.2718,51.38751,36.09616,7.68832,8.0,9.78422,5.20238,6.58083,9.93811,48.86928,62.11614,62.74905,62.33008,61.76846,61.69019,61.86601,61.14562,55.72809,
2023-12-03,7.4,19.0,12.820833,68.583333,9.5,137.375,555.0,6,49.47924,49.56593,49.62681,47.42238,50.22724,53.93341,51.27537,42.81259,8.55337,-0.73034,-1.09185,-0.95402,-1.11404,-0.73734,5.02,49.68408,62.02992,62.82099,62.47717,61.7942,61.51639,61.23593,55.65192,54.50586,
2023-12-04,10.2,21.7,15.141667,56.25,8.8125,132.041667,549.0,0,59.37365,56.81505,54.82178,54.78626,55.68424,60.01002,78.06363,65.98834,44.55846,30.46642,27.40409,26.0,25.39732,26.0,28.91018,59.64881,80.82621,83.84951,79.58462,77.66931,77.27833,77.13769,65.33878,60.6731,
2023-12-05,10.9,25.1,17.158333,43.666667,9.525,138.083333,551.0,1,50.01912,49.00673,48.48021,48.42477,49.25205,55.90025,72.89552,60.92513,24.39791,11.82406,11.46016,11.07527,11.28961,11.51776,11.37547,53.75595,75.89,78.22707,72.27986,71.67723,71.20278,70.62191,60.53702,56.46178,
2023-12-06,11.1,21.3,15.725,62.75,10.825,136.5,548.0,2,53.25355,51.62917,51.20152,51.18633,52.23124,59.30541,71.99497,53.98777,27.27856,15.02,11.68324,14.17945,13.87081,13.4685,20.0,53.57327,63.87816,64.73155,61.63913,62.79037,62.79121,62.23755,53.36588,52.97806,
2023-12-07,12.2,17.6,14.7,72.916667,16.091667,127.375,543.0,3,44.86236,43.21901,43.25292,43.33344,43.9562,49.98412,63.60079,51.96612,25.52289,5.21576,3.66837,0.8,0.94,0.8328,5.33986,42.90761,55.8012,61.54129,57.75574,59.00854,59.16906,59.02953,54.44257,53.26635,
2023-12-08,7.8,19.0,13.3375,58.833333,13.716667,138.875,559.0,4,46.55899,44.80155,42.76609,42.58489,42.82272,46.72635,61.61585,45.84832,16.9955,7.15112,5.44742,4.00452,1.80541,3.72348,7.11013,44.15614,63.63294,62.36188,63.66837,63.64099,63.88759,63.7697,62.77963,58.26025,
2023-12-09,8.1,20.6,13.829167,29.916667,10.883333,137.125,551.0,5,46.05678,45.9812,45.91185,43.33296,42.77827,46.00595,53.89848,42.02066,34.85036,0.86149,0.74,0.63968,0.34104,0.31137,2.55181,38.87715,57.59437,58.50129,57.37066,57.01465,57.24088,57.39626,56.35505,54.90459,
2023-12-10,8.3,22.8,14.366667,24.75,11.504167,139.708333,566.0,6,45.81636,45.18499,45.10115,44.07118,45.20237,46.15902,48.26055,43.88,21.5223,5.82482,5.4383,5.0,5.43793,5.75147,9.64189,46.74813,59.45642,61.18154,60.06644,59.78784,59.1535,59.1792,57.27,53.2855,
2023-12-11,8.4,21.7,13.933333,44.083333,8.8,120.625,525.0,0,55.26202,52.91957,52.50123,49.61867,54.66456,61.86289,69.99,67.74725,53.97621,44.34343,43.46692,41.82604,41.50567,43.23306,43.62173,61.77155,72.31664,73.81203,72.36752,71.9834,71.34968,70.85775,65.89902,60.21558,
2023-12-12,10.6,18.7,13.654167,81.0,9.925,133.875,550.0,1,52.019,51.96795,51.5543,51.55328,54.4867,67.11807,68.85497,63.72471,39.69045,27.98976,27.90686,25.4547,25.25073,24.97559,27.92252,43.64771,67.72176,66.71989,65.9424,67.93137,67.59042,66.24268,64.7487,62.81457,
2023-12-13,10.4,17.8,13.354167,87.208333,9.5125,124.541667,540.0,2,57.93662,55.82851,55.51653,55.68164,57.31043,68.2159,73.92528,69.04258,42.5671,27.60134,26.9006,25.70716,25.87481,25.25,26.98116,52.43864,70.99101,73.02,71.29466,71.61221,71.83229,71.35263,70.54284,67.47608,
2023-12-14,8.0,21.5,13.695833,52.416667,9.445833,137.541667,552.0,3,60.20688,58.02529,57.90269,57.63677,61.17603,69.24968,74.10271,68.99042,46.07825,38.31606,37.96544,37.92083,36.98,37.20616,39.59812,59.46933,72.33772,73.11338,71.68893,72.07502,72.11808,71.74524,71.54252,67.77075,
2023-12-15,7.7,24.0,14.683333,38.833333,11.15,137.583333,559.0,4,58.01419,56.26997,55.58338,55.54331,57.15881,63.58729,72.25692,64.99069,42.25842,36.74379,36.1527,36.47043,36.73468,37.02468,41.5848,56.1656,68.68527,70.98565,68.59163,68.16687,68.07217,67.64745,65.4902,64.0954,
2023-12-16,8.4,24.9,15.108333,38.583333,11.245833,138.833333,557.0,5,58.40998,56.0988,57.10616,56.03161,55.37333,57.0036,59.22195,53.69559,31.30192,27.64228,26.70341,23.23044,20.75865,23.92677,28.31202,41.86204,59.72074,60.20712,58.96226,58.91652,59.01654,59.02462,58.39764,55.46354,
2023-12-17,9.6,22.5,15.675,36.0,9.358333,89.708333,424.0,6,52.57533,51.90011,47.80359,47.87951,50.02061,48.59867,53.02125,45.9872,36.15149,27.04842,26.85027,25.27619,24.73,26.48342,34.08862,56.12257,61.64952,61.92356,61.92588,61.6899,61.51446,61.04582,60.05452,55.57552,
2023-12-18,13.2,21.1,16.6625,56.041667,9.970833,90.083333,526.0,0,57.86582,54.51602,54.9319,54.6542,54.6564,59.28222,63.38464,67.59282,58.52287,55.60651,53.89706,51.51304,51.19274,53.52253,52.05586,66.60604,70.89141,71.58896,70.23573,68.63185,65.34439,63.06291,60.76398,57.09,
2023-12-19,14.1,19.1,15.895833,80.916667,13.258333,91.458333,422.0,1,43.49555,43.05906,43.07646,42.92011,42.86863,47.09434,52.09955,52.45624,50.27091,41.65462,41.6456,40.90413,40.51261,40.17856,41.86411,55.49098,61.37299,62.60141,62.10533,61.72332,60.25376,59.8688,51.94934,51.15,
2023-12-20,14.0,17.1,15.179167,90.333333,16.954167,49.333333,205.0,2,45.906,45.04604,44.51563,44.43653,45.44944,51.92592,53.60792,51.07784,45.86612,41.84944,40.81425,39.82931,39.89667,39.58337,41.99422,52.81094,62.73974,63.11267,62.22302,60.93592,60.55848,58.94223,51.79388,51.51913,
2023-12-21,13.4,16.0,14.7875,88.75,16.354167,26.083333,131.0,3,44.6491,42.64992,42.85554,42.79766,42.62564,49.93099,51.75141,50.13723,44.07193,41.81831,40.79417,40.70718,40.4296,40.83559,41.65565,48.08381,56.84124,58.16806,55.69696,55.32168,54.93855,52.70425,51.76466,48.04231,
2023-12-22,11.4,18.0,14.629167,81.708333,12.783333,107.375,476.0,4,41.51895,39.34664,39.3403,38.96357,39.60609,46.25063,48.86329,49.07,48.52823,41.33751,41.20262,38.37944,36.63053,36.8675,36.59317,40.35771,48.31371,50.02473,45.53715,45.89113,45.39041,45.18853,40.83337,39.61375,
2023-12-23,10.9,17.3,13.8625,86.75,10.6,82.416667,390.0,5,38.80362,37.91928,37.57058,36.87,37.00382,37.8902,41.6505,34.46577,19.2808,7.04909,3.89472,3.77332,1.80083,1.49202,2.85118,28.09609,48.41728,49.37604,49.51675,49.19206,49.33053,49.19866,49.00252,48.98369,
2023-12-24,10.3,16.8,13.304167,85.208333,9.075,118.583333,494.0,6,41.15031,40.84187,39.3618,39.52803,40.50864,41.326,44.84813,38.58993,16.85,6.45119,6.00699,4.9907,4.95663,4.80281,6.52414,39.13907,49.27916,49.77411,49.87474,49.54758,49.52659,49.33555,49.16654,49.14763,
2023-12-25,8.4,16.9,12.466667,81.583333,9.225,127.25,535.0,0,47.55867,46.34438,43.22879,42.57592,46.27699,47.5096,49.58014,34.99,23.13044,12.26698,9.99035,9.31756,7.97104,9.0,11.02645,31.25,48.06328,49.26129,48.96542,48.946,48.81579,49.06953,48.5612,47.13997,
2023-12-26,10.2,16.6,13.1375,86.333333,7.866667,104.833333,432.0,1,45.01203,39.64623,39.77527,39.7354,43.24059,45.94954,48.4466,47.76096,32.85375,29.78,29.71101,29.33009,25.59552,23.82716,29.08011,36.0034,52.98394,55.09868,54.11059,52.66981,51.65746,51.25375,50.45057,44.59249,
2023-12-27,10.6,15.2,13.2625,92.583333,7.379167,96.041667,387.0,2,41.38474,39.6186,38.52345,38.54576,39.07801,45.05675,48.44787,46.8801,37.63805,33.10037,32.13978,31.48474,29.97,30.55633,32.69939,44.21777,51.35116,54.13326,51.0997,51.25886,50.46319,49.6951,46.93873,43.36936,
2023-12-28,10.2,15.2,12.616667,92.041667,8.691667,123.416667,534.0,3,45.96798,41.88814,44.15472,41.17134,44.3549,48.98262,50.00613,47.62247,38.11185,29.46581,26.36951,23.76198,20.0,20.35341,23.64442,39.76,54.02815,54.83677,54.66923,54.39723,54.0,53.95042,53.15057,50.36023,
2023-12-29,9.4,17.4,12.8625,89.375,7.375,96.791667,418.0,4,45.5328,41.72526,39.54797,39.25862,39.40147,45.6454,47.82206,45.73863,39.01904,35.91439,35.63984,34.20815,33.94738,34.22291,36.29702,39.60641,50.80028,53.55007,51.28965,50.88081,50.34752,49.89968,49.35803,47.35232,
2023-12-30,10.8,15.6,13.554167,85.5,10.879167,106.375,470.0,5,43.22594,42.81856,42.6275,42.51378,41.17093,39.00318,41.19147,39.0093,37.96532,30.66,30.66,26.37494,21.13431,20.0,19.76421,34.29625,44.92018,45.20633,45.16874,44.9865,45.0223,44.9069,43.90341,44.58221,
2023-12-31,9.2,15.3,12.179167,86.958333,12.870833,60.375,268.0,6,42.48455,40.8368,38.90191,38.46695,39.27013,38.78174,39.29667,39.28357,37.41447,33.7786,33.55032,33.42427,32.49056,33.05361,36.15473,41.34,48.67648,50.33436,49.17435,49.02048,48.92184,48.68589,45.25597,45.09781,
2024-01-01,8.8,17.2,12.154167,76.125,10.683333,131.875,538.0,0,46.08,45.32571,44.91129,44.56314,44.17126,42.61442,44.46233,45.23494,36.39075,28.78897,26.44054,22.84608,22.66,22.36894,23.85693,37.86516,49.77848,50.7194,50.99369,51.06365,50.89036,50.44555,50.16388,47.2974,
2024-01-02,7.4,17.1,11.9125,79.208333,11.404167,129.708333,533.0,1,44.53664,43.89359,43.72221,43.97096,44.43286,48.40952,56.89019,57.28016,38.19555,28.87831,27.00376,26.4234,22.92473,21.93541,26.87915,41.58455,55.23071,57.7594,56.64223,56.52317,55.3123,54.66398,48.36017,47.09062,
2024-01-03,9.9,15.6,12.091667,76.875,13.670833,126.375,493.0,2,49.3975,49.24018,45.93774,44.84028,44.38602,49.32344,52.74837,52.6,46.88579,38.47423,36.12302,34.7141,28.6507,27.03855,31.06349,40.09115,54.71921,56.91617,55.50909,55.38014,54.92503,54.32708,50.13689,48.57919,
2024-01-04,6.9,16.6,11.833333,60.666667,19.908333,122.083333,512.0,3,45.97142,44.70786,44.45258,44.16841,45.02343,51.50517,59.68781,52.91265,41.7394,22.47634,17.7528,15.02375,13.80864,10.19,15.2807,42.03079,62.09384,63.15976,63.19274,63.26646,63.2632,62.86717,62.40746,61.43011,
2024-01-05,6.1,16.6,10.604167,69.208333,10.720833,126.333333,542.0,4,67.55964,60.17947,60.16522,59.57166,61.03876,68.96457,78.61273,71.0603,56.79425,42.41006,33.47617,27.2686,25.54982,23.58822,32.5033,54.5877,74.89766,75.6668,75.86552,75.89744,75.73283,75.46003,75.08906,74.8557,
2024-01-06,4.9,16.3,10.7375,74.0,14.2375,138.0,558.0,5,69.05713,68.48785,67.79525,66.84565,65.39704,68.76943,68.96363,64.93631,43.20961,32.75323,23.09253,22.20919,10.16647,8.28867,18.66,41.4739,67.41662,68.16743,67.99516,67.53463,67.20484,67.80384,67.58157,66.58526,
2024-01-07,8.0,13.1,10.466667,54.083333,32.379167,141.041667,560.0,6,68.33823,63.77193,60.82637,60.2358,61.78692,68.01429,69.65,62.28494,48.06323,26.25965,20.87158,17.90736,12.79694,12.65254,18.07778,48.1,71.98545,75.38776,75.69,75.80503,75.41262,75.35116,74.25191,73.15686,
2024-01-08,3.2,14.6,8.791667,53.916667,14.125,143.916667,567.0,0,71.22661,70.43955,70.70219,70.70623,72.07684,89.73645,106.16906,101.2021,53.96309,42.59775,35.16194,35.77534,32.39407,30.40925,33.09,60.14971,100.77538,103.55552,103.22581,101.81423,101.17378,100.67012,91.50492,85.14355,
2024-01-09,4.0,14.6,8.816667,61.541667,9.845833,140.375,559.0,1,76.1929,70.99221,70.78193,70.70166,72.55794,81.37685,94.20499,82.68167,52.6417,43.14706,38.42303,32.83848,26.48226,20.90278,22.78692,55.44925,71.84988,74.94851,73.94801,73.76385,73.70763,73.91158,72.5258,66.55651,
2024-01-10,4.7,14.1,9.058333,75.666667,12.379167,139.625,556.0,2,67.43231,66.82332,67.0096,66.3579,66.7571,76.33491,90.52976,79.11182,61.24718,47.0632,38.25508,33.05799,26.5113,22.77562,28.56948,59.53154,86.15364,90.86239,90.37961,89.3844,89.50873,89.66716,77.15219,72.89675,
2024-01-11,6.7,16.2,11.595833,52.291667,25.370833,146.25,580.0,3,69.24503,68.72232,68.64947,68.62096,69.96124,81.66398,98.15078,90.5556,71.60847,50.13369,40.62151,36.85883,34.78317,33.04436,36.7799,67.43221,98.66202,105.35327,105.67868,103.70572,102.96281,102.1292,98.91505,94.01375,
2024-01-12,4.8,15.3,9.3,62.291667,10.904167,142.458333,567.0,4,76.20444,75.74276,74.64742,74.85993,81.78889,86.58127,98.46312,85.82731,54.25979,43.17188,34.83446,29.06584,25.70464,22.1,24.0884,51.73321,83.70785,90.4076,90.81066,90.33781,89.2373,88.95801,83.99929,74.79169,
2024-01-13,5.2,15.3,9.6875,72.583333,10.75,140.083333,554.0,5,181.66895,165.46184,163.76387,164.06252,164.67511,181.04623,184.45782,172.46582,99.3,67.22808,59.4518,49.8752,43.59566,42.9571,48.92338,106.76001,185.44583,190.71477,189.01453,187.54288,187.5393,186.85162,178.5513,174.78609,
2024-01-14,6.2,15.1,9.904167,85.0,11.483333,134.5,537.0,6,167.26154,165.93297,159.75133,159.58514,158.44664,163.991,172.87727,157.57207,102.21423,67.93,46.92743,44.19904,33.20434,30.95774,40.92,94.27529,165.17146,189.00948,188.13913,191.72821,191.67172,189.07352,188.01872,180.53383,
2024-01-15,6.3,15.6,10.5875,85.625,8.9125,138.875,559.0,0,197.66272,184.56883,183.83116,182.72533,184.24167,202.11588,217.69328,215.6753,152.08,112.76614,103.61262,94.77395,99.14088,97.5494,104.97563,145.45917,228.27316,253.47485,250.28377,246.66489,243.14279,241.70116,223.32516,211.92215,
2024-01-16,7.1,16.4,11.495833,85.375,9.0,143.291667,567.0,1,202.45625,198.96938,201.09566,200.40913,204.40813,208.74248,224.29445,209.15884,129.10004,91.92008,75.0,74.42009,64.30472,59.6219,75.0,110.11435,209.09029,224.42987,217.92964,221.58398,218.9253,215.2651,203.06686,199.75851,
2024-01-17,10.1,16.4,12.4,90.25,9.291667,96.833333,472.0,2,77.67922,72.12504,70.24053,69.73416,74.98611,81.4267,88.58116,85.74002,65.8075,42.10494,35.97921,27.40361,21.7953,19.45257,22.17436,49.44675,73.22566,79.96172,80.14544,79.24081,77.99428,78.03,76.40026,69.90896,
2024-01-18,10.6,17.1,13.208333,87.0,10.545833,133.625,549.0,3,46.02073,45.7179,45.76373,47.11826,49.20252,60.33426,74.26256,62.19,41.24935,20.69201,17.13446,10.4,7.91388,12.30079,15.9352,42.09254,71.19871,76.59164,76.42339,74.8828,71.48635,71.02668,65.10746,61.73229,
2024-01-19,10.8,18.1,13.3125,87.916667,8.025,98.041667,470.0,4,62.08468,58.45297,57.77651,57.94316,61.78264,64.84975,75.70575,75.03498,60.94837,50.64014,49.08319,45.12225,43.36509,45.23321,49.6286,62.56968,75.24292,76.7103,76.19723,70.1593,66.46488,64.18467,63.08164,54.50324,
2024-01-20,13.1,15.4,13.908333,90.083333,13.291667,33.208333,204.0,5,55.11706,50.67428,50.63229,50.4946,51.56231,51.50938,57.16,55.21883,47.76308,44.11867,35.74369,36.91202,35.58504,36.40767,42.00095,53.46602,60.59779,62.5634,61.64859,61.85537,61.76738,61.51324,56.54737,50.69864,
2024-01-21,12.2,16.4,13.766667,90.875,10.183333,80.0,355.0,6,47.89802,47.84714,46.9585,47.22681,46.8388,47.29011,45.64306,47.04522,44.00255,41.19523,40.09119,38.5,37.6735,36.51361,38.06926,41.72637,55.76917,60.0505,59.80982,57.68271,57.26022,56.33443,51.29541,47.55341,
2024-01-22,12.2,15.9,13.85,90.583333,15.704167,49.041667,284.0,0,49.32659,49.08331,49.05043,48.91815,49.81953,52.16622,68.51729,70.84095,71.48717,70.72794,65.64294,62.69593,61.26228,59.94733,59.5319,65.41,72.2849,76.16868,73.38599,71.34151,64.48262,62.96485,50.59398,49.70183,
2024-01-23,10.4,17.1,13.4625,87.875,11.879167,138.708333,580.0,1,43.58651,43.09377,43.13657,42.69304,43.16605,50.31197,62.22539,61.8716,48.99898,42.95344,36.43855,34.33521,27.29444,22.02386,24.86282,39.33014,61.07471,64.78124,64.34146,63.16937,62.90761,62.71095,54.2726,49.09887,
2024-01-24,10.9,16.5,13.291667,88.958333,9.5375,87.791667,391.0,2,48.89381,48.59799,48.4264,48.36032,50.15822,63.15302,69.73944,66.1944,49.06666,44.64611,42.17,41.67311,39.48709,38.72844,40.86939,53.9712,65.89411,69.13646,67.18899,66.11388,65.20339,63.17386,57.14442,48.30497,
2024-01-25,9.7,15.9,13.245833,92.25,9.979167,131.666667,563.0,3,47.81616,45.44481,44.39681,44.21434,44.76148,51.26182,56.42545,54.52598,48.32306,35.91013,29.14987,25.16042,20.5939,16.92441,18.79896,34.3326,54.78662,61.36089,61.31679,60.72658,60.75718,60.24787,54.62042,48.8907,
2024-01-26,7.3,18.9,12.370833,80.041667,9.766667,157.708333,605.0,4,51.47554,51.47011,51.27683,51.44195,52.25355,57.67903,69.18022,63.0315,40.84913,25.94138,22.72921,16.73489,16.07908,15.04863,18.82965,35.14875,63.49582,64.70146,65.00659,65.17857,63.31267,63.60636,59.33261,54.72681,
2024-01-27,8.8,21.3,13.9875,65.791667,10.366667,156.416667,602.0,5,46.7507,46.70902,46.62547,42.48455,43.07564,46.62134,48.97853,46.51904,33.57164,16.67509,8.62147,5.70152,3.9979,2.19051,6.05922,19.3839,55.60547,57.38514,57.42187,57.0769,56.2554,56.25747,54.06748,47.30283,
2024-01-28,10.5,22.8,15.879167,67.291667,9.620833,158.0,615.0,6,43.43995,42.85202,42.47043,42.30087,40.9716,42.90817,43.41973,43.25904,29.95573,16.61436,10.08867,6.03068,3.15101,5.29153,11.14777,33.8987,51.40395,54.46521,54.77045,53.8812,53.45103,52.86175,51.08738,48.1477,
2024-01-29,10.3,22.5,15.408333,65.916667,10.716667,164.125,623.0,0,44.02297,43.24853,41.85254,42.11402,44.13269,48.16769,59.07888,48.01523,40.82651,23.66776,18.07953,15.60796,13.70827,10.38749,14.99937,33.0,58.30901,61.32751,61.69956,61.47612,60.74019,60.0186,58.58912,49.65199,
2024-01-30,9.9,20.6,14.195833,72.833333,9.633333,158.833333,627.0,1,39.10525,38.08435,37.15539,37.24525,38.37094,42.9667,55.0329,50.22687,33.0087,10.61871,6.84662,4.04212,4.23359,4.14804,7.23946,32.8776,50.40585,55.78974,54.42317,52.83906,52.22459,52.15266,46.49746,46.22255,
2024-01-31,9.3,18.4,13.329167,85.916667,11.191667,148.333333,589.0,2,43.35585,42.68045,41.46439,40.52127,41.66814,43.73685,48.73423,46.42683,35.54278,29.28459,26.09673,25.79079,25.0,25.57966,27.30634,36.28833,44.93905,48.99651,49.18929,47.89104,46.13458,45.46719,40.8599,40.44318,
2024-02-01,10.1,15.5,12.4125,84.041667,21.754167,86.875,441.0,3,38.73534,36.7632,36.672,36.7952,37.09235,40.92383,47.95819,50.0,48.20442,49.66684,46.65903,39.53457,38.78429,37.3195,37.35712,42.5644,50.18706,53.40822,54.30357,52.58379,51.96228,51.07936,45.61314,41.22568,
2024-02-02,8.2,14.7,11.9625,79.291667,18.516667,160.25,626.0,4,40.34295,37.77439,36.46419,36.37004,37.56966,45.11717,51.83,48.66307,36.64927,25.0,15.92535,13.83056,12.60157,10.02759,11.92651,25.54202,44.38715,49.39374,49.46343,49.06313,48.45882,47.05524,44.83022,42.54121,
2024-02-03,6.2,14.1,10.808333,79.791667,10.183333,131.208333,615.0,5,33.40436,33.21787,33.31926,33.27127,33.20659,36.08489,47.80352,37.91346,6.61241,1.00512,0.73014,0.00986,-0.58803,-0.13224,0.65455,19.12984,45.76275,47.5589,47.01954,47.16078,46.90412,46.67555,42.28436,40.78788,
2024-02-04,10.2,14.2,12.508333,82.083333,28.325,35.041667,153.0,6,42.86863,42.26463,41.4958,41.21577,40.56855,42.00867,43.27819,38.3287,34.96367,29.39779,28.66612,27.60043,26.12682,24.30752,28.06996,35.08149,51.07532,51.2868,51.63381,51.57636,51.50915,50.64387,46.46052,43.9501,
2024-02-05,11.4,14.7,13.758333,91.833333,13.533333,29.791667,172.0,0,46.93879,46.54664,44.59158,44.96133,46.2079,48.4836,54.10728,56.00199,52.05365,51.60196,44.1993,43.31843,42.9517,43.41645,44.22321,54.16455,61.82047,63.35677,62.0172,59.29891,58.6959,57.93802,49.7329,48.77154,
2024-02-06,8.8,13.9,11.379167,87.458333,9.620833,82.416667,546.0,1,48.19432,43.64195,43.41228,43.31052,43.78946,52.03685,55.08077,55.45177,52.09639,48.33,45.74938,41.6609,41.51754,41.47904,41.61709,45.50807,51.99321,52.13,51.85902,51.01974,50.90663,50.59615,48.69499,47.04142,
2024-02-07,7.1,14.1,10.8,81.333333,20.745833,160.583333,628.0,2,43.26877,39.75333,39.42885,38.49477,41.01525,44.45906,53.67912,48.57633,37.91634,22.18656,18.24594,8.08991,9.26647,12.75338,18.24837,31.57751,46.97085,53.36279,52.37214,51.67448,48.73122,47.01721,46.70466,43.16587,
2024-02-08,6.3,13.1,10.554167,72.666667,19.3,165.166667,598.0,3,37.40112,37.807,37.53055,37.50225,38.11097,46.04174,55.65085,47.52224,18.61398,3.41263,1.0,-1.16701,-1.0,-1.45231,0.71809,4.94342,44.089,58.16931,57.42594,57.46754,56.87762,56.19454,47.04628,45.44857,
2024-02-09,7.2,14.0,10.3,75.291667,14.066667,158.5,583.0,4,44.64346,44.21033,44.14201,44.26391,46.05272,60.97214,67.56408,59.36298,32.11171,12.70323,8.09155,4.02659,3.92823,4.22691,4.34125,18.25814,50.28425,59.20562,59.17353,58.82367,58.591,56.82549,54.61766,47.1111,
2024-02-10,7.2,16.6,11.383333,58.083333,17.4,188.583333,693.0,5,48.18269,47.50591,46.91705,46.33488,47.1979,48.77135,56.80703,46.43119,9.47956,-5.0,-8.0,-11.06727,-12.33515,-12.20454,-9.89902,-4.01473,43.63088,57.3973,57.67022,57.90088,57.76059,57.67638,54.82852,50.72263,
2024-02-11,4.1,16.0,9.8375,65.916667,10.875,191.0,700.0,6,49.86017,49.31352,49.10864,48.97088,47.69576,49.32938,49.65348,41.88501,-1.59063,-17.70973,-18.38419,-18.43038,-18.32363,-18.28956,-18.20698,-12.6791,40.83979,52.95464,53.41296,53.32421,53.26699,53.23073,53.19253,52.2183,
2024-02-12,5.6,16.0,10.583333,65.708333,11.316667,192.5,703.0,0,49.29622,48.11484,47.61448,47.13342,52.28596,56.8932,63.69033,52.18647,20.12263,2.63875,0.43382,0.55643,-0.37404,-0.10813,-0.25981,9.73714,49.43,63.94301,64.2941,64.21931,63.36704,62.80228,60.26846,53.50171,
2024-02-13,6.8,16.4,10.975,80.083333,10.616667,181.625,636.0,1,44.86382,44.87831,44.47626,44.55106,46.61627,52.04505,62.34666,47.1669,24.48015,7.1544,3.72199,2.39119,1.0,-0.1541,1.06065,10.53525,45.10274,59.55624,58.82532,56.09508,55.7075,55.43808,50.85313,48.81344,
2024-02-14,7.2,15.4,11.2,88.166667,10.6,133.125,509.0,2,45.21622,43.37046,43.05271,43.67706,46.87997,50.92782,58.52807,46.87806,16.0,-0.43844,-2.94275,-6.52969,-7.01801,-4.87822,-3.86442,5.54,44.18434,58.67214,59.23174,59.39912,56.61361,56.02,49.29539,47.14253,
2024-02-15,7.5,15.1,11.704167,89.666667,11.466667,182.458333,680.0,3,43.35996,41.57379,41.01721,42.6899,44.0755,50.0,57.98158,46.43026,16.98065,-2.50068,-7.73925,-11.8392,-12.99763,-12.95565,-12.92041,-6.5,38.06771,51.59603,52.66595,50.21225,50.07873,49.71079,44.77194,43.68886,
2024-02-16,10.9,16.0,13.441667,89.041667,11.0625,154.125,644.0,4,43.75394,43.03602,41.13696,42.86014,44.01028,47.87621,54.56116,40.89585,11.48735,0.99819,-0.35361,-2.65901,-3.0231,-3.431,-0.41895,15.02,41.69828,52.6849,52.45319,51.99979,51.85617,51.38837,48.34428,44.58697,
2024-02-17,9.2,15.7,12.4,91.041667,9.3875,140.541667,573.0,5,45.16002,44.5214,44.0754,44.6722,44.51051,45.00513,45.16004,32.15673,7.97255,-6.17622,-7.17573,-7.24095,-9.99789,-9.9129,-8.62685,-1.93458,43.55556,50.14001,46.98072,45.87285,45.6723,45.46758,44.65903,41.65981,
2024-02-18,11.6,15.6,13.441667,89.791667,7.920833,69.0,328.0,6,45.60514,42.86433,42.35687,42.34597,42.29239,42.31914,43.70608,32.4053,-1.79596,-15.57681,-17.63818,-18.79704,-18.88443,-19.0,-17.15773,-4.93497,40.49172,52.64675,52.75161,52.9741,52.83596,52.43433,47.42577,43.10899,
2024-02-19,13.1,15.3,14.066667,90.625,17.6875,41.958333,179.0,0,45.28454,43.31796,43.08,43.36929,44.7571,50.0,51.8033,43.99773,34.89907,32.45834,32.12132,31.74077,30.81513,30.89316,31.92388,35.22373,49.52682,56.77873,57.10472,56.48392,55.78781,54.40285,45.31899,41.90339,
2024-02-20,12.8,15.0,13.758333,91.416667,14.045833,38.791667,205.0,1,38.71544,38.09262,38.10366,38.13419,38.26131,44.75131,51.98588,50.85159,40.19394,38.03796,35.16568,33.65872,32.27059,33.43459,34.85145,39.44178,53.90835,60.05779,59.80514,56.63627,56.27325,55.84702,46.66255,42.02337,
2024-02-21,11.4,15.5,13.408333,89.416667,11.525,176.875,645.0,2,42.09446,38.42911,36.97562,36.82497,37.78845,43.71414,54.74684,42.17198,26.01623,3.67506,-1.56358,-2.92071,-4.37229,-4.09738,-3.65756,2.19796,38.43914,49.70514,49.84885,49.61517,49.68465,48.90019,43.53737,41.52289,
2024-02-22,9.6,16.5,12.608333,88.958333,10.554167,183.583333,708.0,3,34.22853,34.40559,33.96863,34.27082,40.67,47.41377,63.325,43.56211,11.95709,1.4344,-5.32868,-7.3078,-8.44353,-8.0,-7.46523,0.18376,39.26008,59.92454,61.44325,58.41479,58.52888,57.67037,47.96257,42.79508,
2024-02-23,9.1,22.1,14.654167,71.416667,9.025,190.458333,746.0,4,39.40417,37.40657,34.98823,35.14417,38.69087,44.44773,53.9099,45.09239,26.47959,12.18,3.49943,0.69497,-0.90971,-1.96832,-0.67028,10.73395,38.91656,53.73651,53.26,50.46068,51.84206,50.29235,41.3325,40.99583,
2024-02-24,11.9,19.7,14.891667,74.625,8.691667,144.0,558.0,5,35.9526,35.71495,35.56518,35.28066,35.64569,36.33646,40.97852,31.68012,23.01451,10.37563,3.88366,-0.67903,-4.85364,-6.39599,-4.56325,2.44292,29.85539,44.96839,45.06097,44.45743,44.27715,41.00021,39.55385,35.87979,
2024-02-25,10.9,16.5,13.529167,86.916667,8.291667,150.375,615.0,6,32.91904,32.60561,32.73093,32.08584,32.85838,33.24181,31.84045,21.55105,4.09528,0.11544,-3.99166,-6.75805,-10.70985,-10.01895,-2.04533,1.71897,31.8274,40.86649,41.7034,41.15613,40.69108,40.13545,35.68806,31.25817,
2024-02-26,10.9,15.1,12.833333,90.125,6.854167,63.75,278.0,0,30.0,30.03236,28.92227,29.39085,30.83438,35.03279,37.75594,33.10302,28.30652,21.68478,20.26683,18.49503,17.83393,19.36624,21.91012,29.25177,35.58927,44.83072,44.88835,43.45921,42.77412,40.70345,32.76862,31.09838,
2024-02-27,10.0,15.6,13.0625,88.208333,7.604167,163.583333,557.0,1,28.2881,26.86644,27.35349,26.78231,30.92313,32.14784,41.68355,19.14,-5.6836,-28.0,-28.0,-30.0,-30.0,-30.0,-31.01,-30.0,11.28,32.32,34.03,33.72,47.21957,46.19113,46.65776,37.76064,
2024-02-28,8.9,16.8,12.679167,92.791667,10.8875,213.208333,763.0,2,31.50004,30.3564,30.13387,30.94331,29.36493,40.99234,45.52815,30.26401,-3.87657,-17.61576,-20.08748,-20.29938,-20.90515,-20.6001,-20.2799,-12.46242,22.5668,45.06441,46.47807,44.74035,42.93634,41.42881,32.23181,33.01324,
2024-02-29,11.6,15.4,13.554167,84.916667,12.945833,157.25,602.0,3,31.33083,31.62669,30.09684,29.69444,30.48848,31.95163,43.11411,28.39986,-5.71911,-17.91268,-20.01207,-22.50304,-23.15069,-22.88,-19.66327,-13.123,24.47993,43.60503,44.44384,42.91024,42.20593,41.98504,31.25024,29.425,
2024-03-01,11.6,16.2,13.833333,79.5,13.020833,140.75,611.0,4,29.11782,28.75578,28.59572,28.63475,29.76544,40.17654,38.35982,17.27363,-1.13256,-12.0605,-13.65048,-14.58737,-15.30466,-15.17214,-14.41842,-6.68921,32.20147,45.43035,46.84567,43.04172,43.00557,43.00639,39.70686,37.44221,
2024-03-02,12.4,14.4,13.633333,82.875,24.729167,103.75,395.0,5,32.3465,31.59341,31.65516,31.60183,31.67017,32.68373,32.05576,8.50008,-0.90751,-2.79762,-4.22054,-5.42855,-8.99088,-11.57886,-11.18844,-3.22537,18.89872,41.69856,44.38631,41.95205,41.63373,41.39667,38.60685,37.34622,
2024-03-03,10.7,15.0,12.845833,79.791667,18.575,192.166667,726.0,6,37.14471,32.95712,33.04657,33.15717,32.66389,32.94444,32.35893,-1.14636,-28.88,-41.93171,-42.24542,-44.4247,-44.75239,-45.0,-44.37609,-33.88,-0.50303,41.19517,45.74832,42.11298,41.4586,41.21969,40.28895,39.31779,
2024-03-04,8.2,16.1,11.7875,80.75,10.358333,222.25,793.0,0,38.13701,37.53248,38.29361,38.52326,38.51641,43.27998,44.11215,20.0,-18.91067,-31.00416,-34.0,-34.71276,-33.39579,-33.21717,-32.0534,-20.37877,10.72873,49.08096,55.68506,54.73082,53.17315,49.88405,48.43333,45.47435,
2024-03-05,7.9,16.7,11.991667,83.541667,11.4625,219.75,716.0,1,39.90668,38.62294,38.55055,38.6475,40.80548,49.62294,56.27511,18.89252,-14.48476,-23.65619,-25.21714,-26.74051,-26.66984,-25.08681,-25.15408,-18.22616,8.4826,52.50681,57.27168,55.04298,53.76085,53.17843,48.91636,42.08229,
2024-03-06,8.2,14.6,11.558333,89.166667,14.7125,80.666667,392.0,2,40.93508,36.86647,36.14592,39.16162,44.34354,51.75507,57.37887,28.58845,5.4709,-2.58186,-4.31612,-5.99344,-5.72904,-6.94403,-0.85963,14.36363,34.77589,50.93918,51.80571,51.67441,50.91286,50.3624,41.00047,38.51917,
2024-03-07,8.2,16.3,12.0875,83.75,11.541667,214.958333,757.0,3,36.03323,35.6648,33.50169,33.1976,35.75861,37.35097,48.31432,20.01955,-10.0,-20.68559,-25.23957,-26.70207,-27.77334,-29.93232,-28.01491,-25.08138,-3.50616,44.41186,45.36471,45.79929,45.0,44.50919,35.215,31.69235,
2024-03-08,7.9,16.5,12.2125,86.708333,12.770833,230.166667,807.0,4,37.91191,37.6866,37.34367,39.06577,48.93911,55.75051,55.18813,22.76649,-16.33239,-29.12321,-34.13782,-35.80758,-36.45356,-36.08,-35.18236,-29.16177,-1.15098,52.13991,56.99393,52.6737,52.03872,51.46787,49.28699,42.60666,
2024-03-09,8.5,18.2,12.983333,79.416667,11.525,239.375,816.0,5,41.84298,40.01569,39.71152,37.75957,39.33879,44.28945,47.48197,17.22814,-15.97121,-27.97094,-34.03089,-34.60566,-34.71607,-34.21,-34.07911,-24.0209,16.83825,46.29879,47.14575,47.10702,46.25694,45.90039,41.54409,39.31673,
2024-03-10,8.0,17.2,12.582609,83.608696,10.373913,221.391304,676.0,6,46.28904,45.82564,,41.83939,41.44108,39.42052,43.71468,42.48,12.03285,-12.07858,-19.0,-22.62124,-22.46096,-20.75215,-19.30863,-16.80321,-0.39033,18.71688,42.49078,45.68955,45.53742,43.20125,42.42454,41.2332,
2024-03-11,9.1,16.9,12.7875,87.0,12.420833,208.666667,787.0,0,33.73166,32.98294,30.968,30.56111,31.08998,35.7454,53.19347,55.32025,23.46813,-5.35244,-18.64968,-30.0,-30.42482,-34.05944,-34.56796,-32.6464,-19.41263,5.25841,42.63166,46.82287,45.0075,43.62347,40.16144,37.10548,
2024-03-12,9.6,16.6,13.05,86.416667,11.0125,211.333333,689.0,1,27.20238,27.57862,27.18983,27.19346,28.30683,31.45939,43.6115,43.25878,19.65,3.38032,-9.39785,-14.62454,-16.51239,-20.60866,-22.46479,-20.67119,-11.45963,13.20869,40.71569,46.06337,45.58403,42.43713,35.03279,29.6957,
2024-03-13,9.2,16.9,13.820833,74.291667,18.1,237.5,774.0,2,25.26335,22.72205,23.89644,23.87506,25.59195,34.40624,41.38081,42.25293,18.54002,-15.77836,-30.1776,-32.31285,-35.86657,-37.19783,-37.19922,-35.81847,-40.0,-6.40641,37.49676,40.97582,42.07277,37.90502,36.36567,37.2524,
2024-03-14,8.6,20.4,14.495833,50.416667,15.766667,258.25,866.0,3,38.7352,38.79074,32.35893,38.5286,37.1634,39.5843,48.99087,45.77791,21.90613,-15.26442,-27.82454,-31.40386,-32.61995,-33.93154,-32.44507,-28.7192,-20.44998,10.79184,40.48426,46.90475,44.66001,43.26235,39.26274,37.05542,
2024-03-15,9.0,18.2,13.5375,67.125,9.7125,204.625,765.0,4,30.39073,29.73354,30.20186,29.38661,29.54245,34.94314,49.38071,50.1372,35.60629,19.65472,7.12304,1.52976,-0.18727,0.66624,3.27372,8.38114,13.82922,33.83668,46.54457,48.25412,47.76617,46.62185,45.12852,39.48746,
2024-03-16,9.5,17.2,13.4,80.375,14.408333,223.208333,753.0,5,47.0531,43.3434,39.66601,39.94321,38.10472,45.95242,49.02957,47.52901,28.63,13.34077,-11.89123,-15.0,-15.01126,-15.18304,-16.45177,-12.09877,-2.55607,28.69658,44.46766,45.73866,46.32508,46.38469,41.84897,36.60396,
2024-03-17,8.6,17.4,12.8375,86.208333,11.145833,229.625,792.0,6,33.30055,32.43042,32.05492,32.28028,32.14106,33.10495,34.45813,31.63687,8.25009,-21.60171,-42.19209,-46.3382,-46.98489,-46.83151,-46.46365,-38.42692,-16.94245,21.49885,41.10611,47.05239,45.743,46.67372,42.12239,41.15454,
2024-03-18,9.9,19.3,14.433333,81.791667,9.483333,220.958333,763.0,0,39.50556,37.51054,37.61298,37.23225,42.53987,48.43054,55.30598,53.31208,33.68818,-1.0058,-6.41425,-12.27307,-12.4479,-10.91,-11.22298,-4.8274,7.79554,35.23,52.81455,65.0,55.38081,52.47811,49.68447,38.6454,
2024-03-19,10.7,19.1,14.345833,82.208333,10.15,250.791667,846.0,1,34.49692,31.73445,30.63915,30.8576,32.09955,40.0,47.7025,41.46822,24.32506,-4.73911,-13.73,-17.50942,-19.0,-19.22544,-18.88152,-17.83848,-6.72749,21.152,40.29139,49.54138,45.36274,40.75198,37.23247,30.41998,
2024-03-20,10.2,18.1,13.945833,88.791667,8.704167,238.375,823.0,2,29.21883,29.06981,28.53585,28.28017,29.08001,33.36745,41.54903,36.87313,-0.11187,-22.16361,-32.73749,-36.80788,-37.31945,-37.69943,-33.6807,-32.91137,-24.36458,3.57163,35.14921,42.83269,37.70088,37.62298,34.66246,31.34906,
2024-03-21,11.6,18.4,13.9,91.0,10.879167,233.041667,858.0,3,25.40431,25.25048,25.19052,25.12494,28.95521,35.55794,46.55264,39.48022,-2.51748,-32.8717,-39.34617,-42.31642,-43.49119,-47.49792,-46.47384,-45.49087,-34.24601,2.12529,34.5964,44.53394,40.71445,39.89887,33.69891,32.29537,
2024-03-22,11.2,18.8,14.0875,87.541667,12.3125,218.875,851.0,4,36.53566,30.54119,29.84113,30.0,34.62937,47.21999,48.81326,48.02986,19.01006,1.39442,-6.97961,-12.50507,-18.59897,-20.06257,-19.108,-16.41164,-2.00984,27.4195,39.38804,40.92604,39.46413,39.54579,38.35148,37.95001,
2024-03-23,11.9,16.7,14.020833,79.625,24.6125,215.583333,791.0,5,28.532,28.61967,28.21318,27.72252,28.40514,28.49361,32.49156,30.06357,24.81354,13.85569,-1.83402,-8.2653,-17.13119,-19.73096,-16.67552,-15.21095,-9.71154,8.6225,28.57029,29.40355,28.96183,28.80737,28.35336,26.07012,
2024-03-24,9.2,15.1,12.108333,72.916667,19.141667,222.5,797.0,6,25.8202,25.24771,23.63013,21.1673,22.93052,23.96193,27.98744,21.15642,0.27567,-14.90894,-24.99739,-27.91434,-28.32499,-32.59775,-34.60109,-30.40274,-21.96643,-0.6711,28.78584,30.14853,30.00345,29.20273,28.5008,25.32414,
2024-03-25,7.1,15.9,12.375,71.333333,13.95,252.333333,873.0,0,26.13887,24.90352,23.9293,24.80176,27.06203,30.9717,50.78075,36.2471,-2.37289,-27.5,-36.92825,-40.92843,-43.26897,-44.14075,-43.89112,-42.0416,-27.47315,3.28217,31.81551,37.39578,37.61273,33.80167,31.77852,28.33958,
2024-03-26,9.4,17.1,12.6625,81.083333,14.554167,263.333333,877.0,1,28.53396,25.13125,22.46261,22.79146,24.37423,30.25259,38.00121,31.54,-8.03565,-38.67969,-41.1161,-44.24414,-45.33437,-44.62415,-44.46426,-43.81191,-39.45333,-14.13476,31.46811,35.61387,36.18722,35.68153,32.63463,31.79572,
2024-03-27,8.8,17.5,12.795833,83.5,12.045833,255.166667,840.0,2,29.85658,29.55207,29.71711,29.93828,33.16555,46.00092,50.0,47.78,20.82013,-12.48019,-23.0161,-27.3161,-28.43888,-28.20659,-28.10897,-24.61147,-17.72103,12.86419,45.42064,47.29801,45.5396,45.04102,44.30593,40.0,
2024-03-28,9.8,15.6,12.808333,87.583333,13.0375,245.666667,861.0,3,36.93286,33.78133,32.64453,32.36288,33.47529,40.68319,45.29712,36.75405,10.79273,-21.05379,-32.5852,-35.29262,-35.66,-36.04975,-36.18327,-35.61154,-26.53001,7.66658,38.08159,43.09265,42.79,40.54382,40.31037,37.37798,
2024-03-29,9.6,15.3,12.620833,73.291667,14.404167,231.625,822.0,4,37.14736,35.63574,35.94493,36.15239,35.28835,40.10006,44.39229,36.20237,0.54824,-23.09873,-32.80492,-36.25104,-36.897,-38.39816,-37.67102,-36.41953,-22.56771,18.97705,40.29039,44.73854,43.73509,45.21965,43.88344,42.31365,
2024-03-30,10.2,15.1,12.683333,79.083333,20.25,168.25,798.0,5,40.01413,38.18912,35.92907,36.49377,35.74976,40.18553,40.44439,34.0908,27.59663,9.75515,1.87422,-1.79187,-5.25285,-4.08612,-1.90052,1.77874,21.47866,32.86536,40.73834,41.47336,40.64501,40.60619,39.83458,37.35966,
2024-03-31,9.4,15.6,12.008333,79.75,19.095833,205.625,640.0,6,37.50313,36.43273,34.51353,32.87909,34.25022,36.71196,37.61929,32.04942,6.798,-6.91253,-17.32419,-21.11249,-22.7749,-23.27079,-21.67553,-14.63139,-3.75192,27.72827,38.34356,39.087,38.98437,38.58266,38.11189,37.96213,
2024-04-01,7.6,15.9,12.2,82.625,12.133333,266.083333,854.0,0,43.98313,37.71748,34.47019,33.64247,34.96337,47.25458,53.49496,41.11,11.88813,-7.94867,-20.96602,-29.22796,-31.95426,-31.16568,-29.25634,-30.0,-25.21489,-1.35525,37.28638,42.62,40.42917,39.75847,38.63473,37.879,
2024-04-02,8.9,19.1,13.658333,82.666667,11.758333,283.75,908.0,1,33.49556,31.42237,33.55268,36.5838,40.45545,43.24087,52.49425,30.1644,-5.68085,-33.45272,-40.13085,-41.39,-43.20136,-43.85794,-40.96165,-40.0,-33.81691,5.97874,38.55591,46.45463,41.85727,38.79257,38.05556,35.94299,
2024-04-03,10.1,18.6,13.845833,84.583333,13.266667,285.541667,910.0,2,31.2626,32.36731,30.81787,32.98602,33.68701,34.96099,44.67601,29.02192,-19.35862,-41.25669,-43.45338,-44.07904,-44.19267,-44.81917,-45.6322,-44.91459,-43.05126,-11.09312,40.65034,51.7856,48.76484,47.37296,40.17814,39.06008,
2024-04-04,10.5,15.0,12.554167,79.583333,17.883333,139.75,613.0,3,41.10969,37.6504,35.18451,35.0446,33.54193,42.98802,44.2368,29.03307,-5.94281,-22.23889,-32.49184,-33.83748,-37.35912,-34.74,-34.82,-33.79588,-27.50501,0.91886,41.2311,44.60103,44.45678,44.06088,41.06834,39.18785,
2024-04-05,7.6,12.7,10.195833,69.708333,21.779167,244.583333,873.0,4,34.17459,30.90601,30.17151,29.78478,35.0,39.7918,47.57232,37.73559,-5.73241,-20.76531,-28.85118,-32.48546,-35.16058,-34.48242,-30.84295,-29.35166,-19.99,4.03,36.79668,40.32511,38.81942,40.0,35.1886,33.35119,
2024-04-06,4.7,15.4,10.1625,70.666667,13.3,296.333333,937.0,5,27.40815,24.88104,25.11822,24.29276,24.44663,28.02943,34.63065,4.79099,-45.61428,-60.20166,-64.35754,-65.0532,-65.58259,-65.64873,-65.42324,-65.37553,-60.9344,-42.5089,29.06332,37.5186,37.50307,37.06125,34.45587,34.27817,
2024-04-07,6.3,16.1,11.475,69.75,9.925,285.5,932.0,6,43.49572,42.88409,39.60827,39.51747,40.33737,42.14898,41.96655,9.73181,-38.79004,-60.83011,-65.21967,-65.60349,-66.97213,-67.08214,-66.83248,-66.70815,-66.37625,-31.39499,31.77143,36.16871,33.71535,34.73909,34.79477,34.13361,
2024-04-08,6.1,20.3,13.604167,67.375,15.191667,298.166667,937.0,0,30.87329,29.97546,30.10744,30.29207,33.0,36.94062,55.10208,28.29587,-2.49875,-10.53455,-4.96329,-2.18366,-27.01794,-28.00432,-25.90048,-25.36675,-23.71733,-3.98313,36.65645,52.05349,49.13525,40.60295,37.13435,35.76625,
2024-04-09,9.6,22.6,16.208333,49.041667,13.679167,302.333333,951.0,1,31.8173,31.31813,30.74792,30.81642,36.0,47.03432,52.05572,32.28728,-16.71705,-31.07113,-37.6972,-38.32191,-39.14536,-39.05163,-39.29009,-38.23582,-25.80629,-4.26353,41.2338,50.50537,49.27,44.41432,39.77453,38.78808,
2024-04-10,11.9,22.7,16.25,61.333333,12.120833,299.833333,939.0,2,40.6386,37.84022,36.66731,36.85929,37.52693,41.12849,48.91464,24.11368,-15.0,-28.14562,-30.26956,-30.80448,-31.17334,-30.80932,-30.30441,-30.01057,-15.60769,7.32335,48.36,57.33418,45.08,46.39759,41.43172,37.05503,
2024-04-11,10.5,20.9,14.604167,81.75,11.829167,288.5,918.0,3,37.37425,33.06017,32.51848,33.55213,33.66018,42.90385,52.46527,29.43449,-8.39916,-17.11353,-19.90659,-21.01226,-23.43371,-23.05063,-20.34924,-17.67219,-6.18286,18.25499,47.00371,54.46501,50.71931,45.41281,37.53603,34.69729,
2024-04-12,12.4,18.5,14.858333,78.291667,12.279167,222.75,768.0,4,34.3045,33.27569,33.77865,33.88705,34.04376,40.44012,43.76793,30.0,-13.79855,-23.17882,-28.66696,-29.87468,-30.42889,-29.85049,-29.75342,-30.41672,-22.64,-2.29732,36.9772,46.60594,43.57297,40.51619,36.97022,36.37771,
2024-04-13,9.9,17.2,13.704167,72.75,20.008333,109.416667,506.0,5,42.65702,39.44529,36.72312,34.41011,34.5206,39.6923,46.02986,26.44317,1.49616,-12.07728,-11.96675,-12.08,-12.6842,-12.68907,-12.05014,-10.65619,8.63898,29.19549,42.97782,43.93448,46.53871,46.45851,42.80885,40.39433,
2024-04-14,7.9,14.1,11.195833,83.291667,13.129167,141.375,581.0,6,35.63945,35.22175,35.5691,35.37975,35.6707,36.60619,35.77434,19.1973,-13.53283,-20.26666,-20.39316,-19.91244,-21.22625,-22.69402,-21.09555,-19.79047,-10.19499,4.47707,32.64779,37.05447,37.15098,36.44972,32.19089,28.56,
2024-04-15,7.2,15.9,12.216667,84.5,13.279167,282.625,886.0,0,27.50543,27.31192,28.31184,27.32543,27.46312,33.94834,39.89047,21.65792,-19.97749,-28.61746,-29.23388,-29.8,-35.10411,-34.68725,-35.67709,-32.02,-24.67934,-2.70173,40.02454,46.93301,48.56913,44.24227,42.01422,36.59,
2024-04-16,9.6,19.8,14.291667,79.75,12.1375,308.458333,954.0,1,29.35305,29.03042,29.02943,29.96928,33.86409,43.60324,46.30653,25.71808,-19.95243,-28.69713,-29.62264,-30.0,-31.17304,-31.16668,-30.05709,-27.32846,-18.89606,1.83927,40.09089,49.91179,43.7,41.82853,39.15233,35.56225,
2024-04-17,10.5,20.0,14.4375,86.75,9.870833,297.166667,920.0,2,30.99586,30.45167,30.19954,30.47119,32.62929,37.69565,41.72093,16.02,-19.06531,-30.71582,-29.36498,-29.86055,-31.83505,-30.47426,-28.99619,-25.26564,-13.77134,8.24058,43.46744,49.9193,47.46401,44.69093,41.44755,34.42447,
2024-04-18,11.8,18.9,14.483333,85.458333,9.208333,247.291667,898.0,3,30.47702,30.05564,30.39896,30.35718,31.55993,40.69518,47.4787,35.26711,15.99384,0.7867,-4.86928,-4.95606,-7.03248,-15.88822,-9.64066,-5.12064,-2.65561,12.16927,42.23458,53.27138,44.93125,41.31897,35.12109,30.62266,
2024-04-19,12.4,17.9,14.433333,81.916667,12.333333,273.333333,925.0,4,28.34638,29.8191,28.82289,30.26263,32.39191,36.8087,39.86932,19.98691,-9.37906,-20.81,-27.61508,-28.41593,-32.16096,-32.52,-33.21,-29.75336,-20.09891,-3.40265,35.4209,42.70104,42.95482,40.18611,35.68813,33.49944,
2024-04-20,11.5,17.7,14.366667,82.791667,12.5875,263.166667,928.0,5,30.83298,28.79025,27.74468,27.87723,29.11315,30.9168,32.12139,-0.15128,-41.64972,-56.04924,-46.66162,-46.09865,-45.54582,-45.33222,-45.78952,-45.31296,-32.78574,-3.55183,29.11373,32.66129,33.30866,32.5081,28.86062,28.06494,
2024-04-21,11.6,18.1,14.845833,86.166667,11.245833,289.5,932.0,6,27.83882,27.01251,26.33552,25.07363,27.33254,27.92004,28.02362,0.67667,-27.92013,-33.33,-26.88795,-26.35333,-27.04341,-25.0,-25.0,-23.66085,-10.83594,5.57857,40.21338,44.76885,43.6445,40.42948,36.51861,31.96932,
2024-04-22,13.9,19.3,16.054167,79.875,9.0625,257.875,915.0,0,32.12643,30.88762,31.95923,30.52305,33.29112,43.20107,44.86074,21.61691,-7.35585,-9.18587,-18.12376,-9.28499,-9.38021,-6.85083,-7.78824,-5.37293,-4.66214,18.4362,40.0,56.31895,52.73467,45.58498,38.55313,30.78992,
2024-04-23,13.6,16.9,15.0375,76.958333,12.891667,192.958333,629.0,1,37.73674,31.94442,30.5858,29.89874,31.65684,40.83519,43.65675,14.9968,-9.44719,-21.25228,-21.67675,-20.37523,-20.43372,-21.43143,-20.7565,-20.758,-13.0297,-3.99,38.2109,48.92862,48.6054,42.71204,37.68947,32.71603,
2024-04-24,10.2,17.4,14.358333,76.416667,16.091667,288.541667,916.0,2,31.18565,29.38129,29.18606,28.12855,28.95666,34.68194,34.34333,8.93265,-13.13032,-24.97589,-24.39903,-26.3048,-29.69326,-29.80639,-29.03229,-26.95503,-20.2629,-3.49639,33.9237,45.42619,44.539,38.89583,33.74021,30.45154,
2024-04-25,13.1,17.5,14.691667,75.0,14.991667,234.625,840.0,3,28.48656,28.9659,26.36653,25.66858,26.92621,36.0047,38.94063,13.35274,-17.20168,-23.82513,-25.23375,-25.93319,-29.30778,-32.36004,-29.34708,-24.91292,-22.04747,-8.79066,31.32071,43.46822,44.49374,39.56598,32.23804,30.81745,
2024-04-26,12.4,18.3,15.2625,75.458333,16.8125,269.458333,889.0,4,25.29577,23.91049,24.74872,22.6283,24.72997,30.01283,33.74868,11.74392,-4.98296,-9.83828,-13.93477,-14.33489,-14.92817,-15.64433,-15.13452,-14.84106,-10.0,0.22171,29.01866,33.72129,35.68034,33.46887,29.30965,26.11103,
2024-04-27,10.5,19.4,14.95,75.625,12.175,317.333333,964.0,5,25.87471,25.45203,23.40639,21.31855,25.44702,23.93982,25.89622,-10.0,-43.79139,-49.48664,-47.10085,-48.18327,-48.52845,-48.1922,-48.0,-47.32919,-45.93326,-22.76522,20.0,27.22,29.63604,28.53143,26.29489,25.29656,
2024-04-28,10.8,19.1,14.854167,77.041667,11.75,306.416667,954.0,6,28.11858,26.80488,27.46,27.04918,27.33322,27.58062,25.29385,-15.48683,-41.23307,-39.95887,-38.76164,-38.1935,-37.74046,-36.75475,-36.43422,-36.66,-33.92376,-17.47447,21.0925,28.82759,30.36913,27.65353,26.55345,26.31475,
2024-04-29,11.1,19.5,15.479167,76.083333,11.183333,312.791667,944.0,0,31.13106,29.06117,29.68004,29.27173,31.23394,37.13675,36.98723,7.73459,-14.01329,-14.75787,-16.29252,-18.64697,-17.88793,-17.83817,-19.5152,-16.88066,-13.06004,-0.08715,32.1642,44.36551,44.6677,37.89614,32.83581,29.95196,
2024-04-30,11.9,21.3,16.0375,81.291667,11.75,313.458333,964.0,1,27.80995,27.44004,27.45367,27.27525,28.91498,38.70188,39.24937,7.5617,-14.65184,-13.80326,-13.04369,-12.93852,-12.87715,-13.84871,-15.1014,-15.91426,-10.0,-0.81,33.4974,49.63991,50.58836,44.36075,33.83951,27.89388,
2024-05-01,13.4,18.9,16.220833,80.166667,12.991667,304.708333,964.0,2,38.28986,33.1257,31.05044,30.06519,35.40932,38.73982,38.8156,6.21587,-15.66191,-19.6464,-21.29281,-20.81375,-22.88706,-21.32573,-23.91884,-21.12993,-11.79676,-3.48341,36.74712,46.57002,47.33489,41.02052,35.27177,33.66458,
2024-05-02,12.1,20.3,15.804167,82.375,12.095833,283.125,966.0,3,35.2456,33.57149,33.64678,32.85343,34.16588,42.59079,41.04214,15.79484,-5.22571,-11.06056,-9.3666,-9.25782,-9.37709,-9.76929,-9.31227,-10.00257,-5.99167,6.54493,35.53369,45.99376,43.84227,38.85751,34.6183,31.15111,
2024-05-03,13.9,19.5,16.0625,80.166667,13.370833,262.875,947.0,4,28.84332,27.76195,27.42793,26.99178,27.87172,35.02775,27.85406,8.71863,-4.32968,-8.31224,-5.03612,-5.64305,-5.41708,-5.41922,-5.09792,-4.85365,-5.90682,1.18475,31.91024,44.96004,45.00303,42.90063,33.94005,33.368,
2024-05-04,13.7,17.9,15.3625,80.375,14.258333,169.083333,685.0,5,33.20252,31.11581,29.08,29.40872,29.50901,33.33936,33.11789,12.53479,-2.6878,-2.51395,-1.31945,-1.10534,-0.88717,-1.34321,-0.46968,-0.4263,0.56205,25.78879,33.63848,35.0924,35.92802,34.98489,33.37008,32.94043,
2024-05-05,12.1,17.1,15.058333,63.333333,24.520833,321.083333,941.0,6,26.71706,24.46916,24.41966,23.97581,26.10288,26.77465,25.2027,-2.64141,-16.53229,-26.41961,-27.54657,-28.90796,-29.14,-30.09172,-30.29118,-31.03389,-28.58075,-17.94796,15.91444,30.01637,31.25924,30.9043,28.8771,28.12519,
2024-05-06,10.2,17.9,14.429167,64.416667,15.5875,331.791667,989.0,0,28.04621,27.46699,26.51545,26.32306,27.9036,35.41252,36.35464,21.84533,-7.68384,-10.14257,-10.80747,-12.62,-12.58355,-12.5,-15.74201,-12.90137,-13.7478,-5.55224,28.05178,36.04536,37.97447,36.42544,31.39944,30.58472,
2024-05-07,10.2,19.7,15.1375,72.291667,11.554167,331.0,988.0,1,23.45671,22.63662,22.24811,22.37425,23.42766,26.9743,28.59694,5.82114,-13.2236,-21.24354,-22.57878,-25.02,-26.06799,-25.91272,-25.59101,-25.20689,-23.5316,-9.4474,21.12141,35.02681,37.55664,37.30167,29.11954,27.09349,
2024-05-08,11.8,20.5,16.020833,78.583333,12.55,314.208333,977.0,2,26.74178,26.21598,25.70606,26.35136,28.04126,34.75895,35.32266,10.0,-8.37344,-13.37463,-16.13934,-16.48851,-16.79268,-16.75143,-16.15512,-14.27379,-10.39859,-0.21824,33.61608,48.69786,50.09405,43.70818,38.92168,38.06385,
2024-05-09,12.6,20.8,16.225,78.625,12.733333,291.958333,969.0,3,39.17998,38.34837,37.18604,35.15405,37.06892,39.01644,37.59697,13.81807,-6.73753,-12.93119,-13.02251,-15.10352,-12.79603,-12.84261,-12.85124,-12.25428,-4.31668,7.72382,37.65723,49.35942,51.02064,43.33176,38.23577,37.32036,
2024-05-10,11.2,18.0,14.8,82.791667,14.304167,317.291667,972.0,4,37.84824,36.6897,35.54968,36.24408,36.15507,39.05898,38.96698,19.46409,-4.99779,-11.44353,-11.53683,-12.58886,-11.71629,-9.90413,-9.79875,-11.83702,-6.25575,20.52,42.39985,53.55008,52.77653,47.85618,42.11044,37.74627,
2024-05-11,13.4,17.5,15.291667,82.083333,12.683333,292.416667,936.0,5,38.66499,38.05827,35.57897,36.23962,37.17295,41.02276,38.83751,0.40327,-14.06422,-21.9335,-21.50914,-22.31267,-22.16847,-22.11385,-22.11126,-20.08277,-15.08067,1.41796,34.308,43.28551,43.95257,42.06876,35.37546,34.52834,
2024-05-12,14.1,20.2,16.104167,79.333333,14.408333,300.583333,972.0,6,36.58727,35.99985,33.33267,31.80069,35.00466,35.72578,32.68708,-3.44576,-22.06153,-23.7473,-24.67,-23.73928,-23.32895,-23.16629,-23.15586,-17.50347,-6.07663,2.80095,34.02,43.95629,46.001,40.12556,33.60044,31.22584,
2024-05-13,13.4,18.8,15.533333,80.208333,10.983333,270.416667,924.0,0,30.67308,30.44998,30.39495,30.32226,31.29878,38.41427,32.61879,5.03921,-5.6722,-7.65687,-2.84837,-2.69052,-3.08019,-1.71417,-1.0209,3.83045,8.27303,25.0,39.79987,52.24772,51.69811,43.07001,37.69194,33.24282,
2024-05-14,14.0,18.6,15.779167,78.666667,13.225,278.791667,956.0,1,33.83821,32.28559,30.98396,30.89906,31.08412,36.87169,35.83186,16.43836,-2.15646,-2.10626,-0.74114,-1.92105,-2.18669,-1.15631,-1.00658,-0.55991,0.73429,20.40645,37.26181,48.87603,49.54642,42.01794,36.83224,35.75595,
2024-05-15,13.6,17.4,14.970833,80.25,10.470833,222.416667,751.0,2,30.96976,30.86542,30.61882,30.74071,31.98722,34.56776,33.81424,17.54749,2.0921,0.21416,-0.04274,-1.72806,-3.15771,-1.34828,-1.44975,-2.48645,4.90637,23.49435,32.84608,44.3044,48.24901,41.82049,33.88981,32.73277,
2024-05-16,12.8,17.4,14.55,83.333333,11.8125,259.833333,916.0,3,27.00494,26.53655,24.223,24.61819,26.69033,29.59667,29.34784,4.89573,-14.79151,-17.17162,-16.3772,-13.22601,-14.34342,-18.35878,-17.31499,-12.1512,-12.49764,-0.74488,27.78133,40.15706,41.18516,39.82386,31.9774,30.53697,
2024-05-17,13.4,18.0,15.416667,81.25,12.533333,229.583333,852.0,4,29.93388,29.04979,28.55901,28.60478,30.08099,31.97651,23.80277,1.28652,-5.84402,-17.30707,-15.28516,-14.68601,-14.58564,-16.34963,-14.99334,-14.10169,-10.59,-1.69259,26.26217,38.8122,40.49041,38.75128,34.7652,33.69402,
2024-05-18,14.0,18.1,15.675,78.375,14.579167,287.583333,977.0,5,27.18218,27.45813,26.24267,25.0788,22.32315,25.35439,18.79671,-0.92366,-17.76177,-25.54715,-29.18207,-30.72,-30.83442,-31.63301,-31.14339,-29.13234,-20.11032,-5.96373,16.24202,29.19055,32.78792,30.97738,27.89993,26.88764,
2024-05-19,12.4,17.6,14.995833,77.958333,14.4625,277.916667,953.0,6,20.32183,20.12102,19.85898,19.42944,18.35947,15.33197,8.06364,-29.08465,-49.5693,-50.52601,-45.64882,-45.52616,-45.67008,-45.86089,-45.48194,-45.54473,-43.04623,-20.06933,12.22668,25.50643,29.79889,27.95816,23.64214,22.61907,
2024-05-20,12.8,17.5,14.808333,78.625,14.029167,244.625,924.0,0,20.89296,20.09495,20.02262,20.0,22.07296,26.38425,25.72729,2.11752,-6.6145,-16.86043,-21.59379,-23.58109,-25.02,-25.86455,-26.17918,-24.18579,-24.09661,-12.64953,17.91881,32.60447,34.29904,29.6096,25.86643,24.01694,
2024-05-21,11.9,17.6,14.7,79.541667,13.620833,310.333333,976.0,1,18.60498,16.50263,16.36435,16.65197,17.89835,24.64149,23.69423,-0.70754,-12.13898,-19.34744,-17.07227,-19.1795,-18.75575,-18.97935,-17.37693,-17.86155,-14.84517,-3.82862,27.88157,37.0411,41.35005,38.6375,30.16207,29.78019,
2024-05-22,12.2,18.8,15.245833,80.5,11.579167,282.375,970.0,2,21.71703,18.06131,15.12272,13.41653,15.2763,18.29866,20.22941,-5.21174,-16.34697,-25.33417,-23.03229,-22.49965,-23.34838,-23.72982,-22.95809,-21.93757,-20.69266,-6.01709,18.89718,32.05739,37.54,31.47815,22.14233,20.83575,
2024-05-23,14.2,19.5,15.9125,75.833333,12.495833,256.25,845.0,3,19.07736,16.43802,15.12,14.58182,15.11423,22.79331,21.26257,-4.10966,-17.6221,-23.50819,-24.96021,-25.77728,-27.08228,-26.69598,-27.53536,-25.5791,-23.90211,-9.91932,13.50655,29.80348,35.89862,30.31967,23.85703,22.31331,
2024-05-24,13.8,18.0,15.620833,77.833333,12.779167,215.083333,724.0,4,18.8327,18.46542,16.80717,16.12,18.7354,26.78338,22.75225,-2.99743,-10.80297,-19.9394,-22.22,-24.81008,-25.26273,-25.44057,-26.29494,-24.54,-25.83732,-13.20442,8.75366,25.11533,28.53735,25.99412,19.06937,17.96185,
2024-05-25,11.4,18.8,15.125,73.958333,11.716667,269.375,789.0,5,21.2692,18.53423,17.31687,17.09477,17.20109,16.14939,10.11828,-28.42714,-41.88822,-44.48784,-44.50086,-45.37545,-46.36657,-47.71841,-46.63024,-46.38813,-46.23205,-28.41609,4.32799,19.5141,23.97745,21.00058,17.46884,16.94254,
2024-05-26,12.6,19.1,15.583333,79.125,13.583333,261.333333,936.0,6,18.93046,16.17108,15.21362,14.74112,17.17869,15.23997,8.61488,-21.69828,-34.89455,-39.1122,-37.8843,-38.56649,-39.48465,-38.36381,-39.20516,-37.82688,-37.98756,-17.29353,12.61569,27.21523,34.99441,31.27925,25.63201,25.06922,
2024-05-27,12.2,18.9,15.420833,82.458333,11.6625,283.291667,973.0,0,33.5107,30.86167,28.57447,29.66528,34.67313,36.68455,22.92537,-9.28256,-26.99338,-31.94809,-31.27639,-32.51364,-31.67632,-31.51262,-30.77081,-29.54334,-20.63389,-6.12014,26.21456,42.93328,44.99184,36.91742,29.79177,28.13722,
2024-05-28,12.7,18.8,15.35,82.833333,11.008333,305.5,944.0,1,30.77175,29.62492,30.65324,30.13349,33.19602,36.39774,26.71333,-1.65154,-15.84378,-15.16781,-17.75694,-16.84383,-18.0,-19.90224,-18.00959,-15.00718,-10.53126,-1.58343,26.72668,38.98483,46.9363,39.60295,27.75144,26.11196,
2024-05-29,13.6,19.0,15.791667,79.041667,12.241667,307.5,974.0,2,22.07177,20.03359,19.0864,18.95527,20.9629,24.35006,26.00888,-5.96889,-16.29083,-17.95535,-17.06422,-17.52193,-17.81839,-17.47573,-17.22966,-16.01038,-15.82014,-5.79156,22.61275,42.45712,45.12951,38.70315,27.69457,26.70004,
2024-05-30,12.2,20.1,15.954167,81.958333,12.470833,333.875,986.0,3,30.72041,29.22288,28.97758,29.28951,31.00709,32.81705,30.0,3.92324,-2.51534,-2.6193,-1.89364,-3.06456,-1.56449,-1.65444,-0.7178,2.12493,1.52186,18.4684,28.76073,49.23535,46.96759,36.99469,33.69276,31.69003,
2024-05-31,14.3,19.3,16.220833,81.541667,10.329167,273.041667,931.0,4,29.04934,28.58214,28.48602,28.23131,29.25423,33.9455,31.37998,9.68708,-2.00171,-3.60352,-2.8123,-3.78,-4.98287,0.36703,0.8391,0.59945,-4.9959,3.74628,30.0,41.67029,43.90423,36.31266,32.14409,30.00363,
2024-06-01,14.3,19.5,15.958333,79.333333,11.85,273.833333,961.0,5,27.89488,25.49962,25.59794,25.90925,22.51737,26.43142,14.95105,-5.71167,-19.61397,-22.99588,-23.00542,-23.59504,-24.48519,-25.64134,-24.43594,-23.93828,-23.50652,-12.77503,10.18313,27.91006,36.75299,35.14436,23.5954,22.72318,
2024-06-02,14.3,19.4,16.270833,77.083333,10.075,270.083333,886.0,6,27.17192,26.736,23.24821,20.0,20.4,19.00471,5.30619,-17.51707,-35.97155,-38.54578,-37.69212,-37.01676,-37.52632,-37.03031,-37.33592,-36.35527,-25.03723,-6.70806,20.57685,35.83958,44.67,38.52931,27.79009,27.19289,
2024-06-03,14.6,20.1,16.779167,79.541667,11.695833,266.041667,950.0,0,30.37054,27.94821,29.12,26.61019,30.68037,33.90923,21.41622,0.62707,-2.72237,-8.07416,-8.38113,-14.63133,-16.86902,-13.36274,-11.54698,-7.46851,-5.15466,11.54635,30.97301,46.3847,44.93526,33.96783,31.8298,31.1678,
2024-06-04,15.1,21.4,17.716667,78.625,11.170833,311.125,962.0,1,26.10327,25.04754,24.90265,25.10455,25.14607,28.29197,27.33572,17.23826,8.74698,4.92594,3.78768,-1.39526,-9.58295,-11.02,-6.02475,-3.47231,2.51383,15.0537,31.34602,50.59774,50.79344,46.8363,33.54886,32.4859,
2024-06-05,15.8,21.2,18.179167,81.291667,10.175,307.958333,969.0,2,31.50244,31.20425,30.99385,30.1064,31.2014,33.8762,29.57416,15.1,12.16286,9.77529,8.6956,4.81977,2.37065,-6.08651,-8.50965,-2.91396,-21.44707,4.75651,30.19215,53.42863,56.59647,47.52907,34.3669,34.67605,
2024-06-06,16.4,20.2,17.8,83.625,11.783333,287.541667,906.0,3,29.65892,29.44708,29.2985,29.15781,29.65899,33.56633,29.97413,12.0215,11.32389,11.3558,11.1677,11.22625,9.48124,10.40833,8.85099,10.97765,18.69636,27.31382,37.84279,52.3501,49.4522,39.84262,30.78226,29.38375,
2024-06-07,16.0,21.5,17.95,80.916667,11.320833,254.708333,898.0,4,28.57384,27.87166,27.48484,27.43556,29.44447,31.71792,28.79589,10.84,8.65075,8.06611,8.30159,7.49303,5.27791,5.98385,7.47943,11.32335,16.05785,24.96786,33.66478,44.97433,44.65577,36.77634,31.83541,29.64121,
2024-06-08,16.0,21.0,17.516667,79.916667,12.366667,249.75,849.0,5,29.6568,28.37,27.32877,28.37713,29.08468,29.08827,22.12476,-1.57482,-4.55361,-5.85077,-5.38744,-6.86834,-6.86874,-7.68369,-8.30481,-9.02863,-5.68675,8.60809,29.20178,37.10673,39.7707,37.98793,30.63152,30.06915,
2024-06-09,14.9,20.1,17.183333,79.125,12.245833,271.333333,936.0,6,25.68988,24.9555,25.63514,24.45751,22.51786,24.44236,10.46027,-6.44065,-16.59212,-15.75502,-16.4827,-17.74978,-20.18197,-18.95708,-16.55943,-15.65976,-4.52001,3.69345,25.53167,33.60668,39.196,34.63273,30.20936,29.82276,
2024-06-10,13.3,20.2,16.554167,84.333333,12.45,298.041667,972.0,0,28.37514,29.49601,27.06154,28.69696,30.0,34.48767,27.36813,9.48536,4.81877,3.72888,3.09,2.93237,1.00119,3.75429,4.75148,10.81403,14.51736,23.89648,32.40541,49.02382,45.04138,33.87,31.38872,29.72363,
2024-06-11,14.4,20.4,16.954167,82.083333,10.129167,289.583333,966.0,1,29.12884,28.61741,27.76826,27.53307,29.07284,32.10567,28.14843,10.58166,8.083,7.34235,7.38779,7.42551,6.40832,6.89583,7.63202,15.60815,19.14587,26.153,32.85343,47.36493,50.63468,35.67617,31.00807,30.35857,
2024-06-12,15.4,22.0,17.8875,77.666667,12.429167,294.791667,972.0,2,29.57162,30.05769,28.88733,30.4,31.45723,33.12522,29.56696,12.49922,10.07336,9.42326,9.37864,7.81392,9.04168,10.14455,11.28469,14.34426,21.26185,32.07711,39.6677,54.86069,56.0714,41.13409,36.68616,31.27054,
2024-06-13,14.1,19.8,16.979167,83.208333,14.454167,313.0,971.0,3,32.9614,31.66677,30.72248,30.81167,33.02622,35.79214,30.06829,16.43329,12.45359,12.09808,12.91332,12.90478,12.09298,12.91093,14.62369,16.65624,16.93352,24.11207,32.08099,45.64059,49.27254,40.03396,32.30001,29.87874,
2024-06-14,14.6,21.5,17.666667,80.125,11.620833,311.708333,962.0,4,28.3276,28.7563,28.09385,25.85613,27.35895,29.56202,22.82647,8.18141,4.62564,4.71993,3.86161,3.47528,3.84339,4.52302,7.93029,10.62887,13.659,23.79909,32.31707,46.52669,49.73234,42.94537,33.33444,31.89726,
2024-06-15,14.1,21.8,18.520833,74.791667,11.429167,331.416667,978.0,5,28.50806,27.39998,27.4847,27.60209,26.67666,27.36318,16.31603,-3.84443,-12.48272,-13.27085,-12.37559,-12.89422,-11.00209,-10.30463,-4.8364,-2.8185,5.21595,19.0269,30.78557,44.8059,48.40255,41.0895,31.5897,30.91538,
2024-06-16,15.4,23.3,19.1,75.916667,12.516667,339.583333,984.0,6,26.856,25.74756,24.54202,24.30189,23.01838,21.19011,6.98401,-22.20157,-27.52377,-29.16417,-26.1514,-25.73179,-25.46539,-25.21612,-25.03393,-16.34949,-10.19262,4.14854,24.97738,35.69863,44.20231,37.87375,30.84962,29.80567,
2024-06-17,16.8,21.6,19.0875,74.833333,12.433333,321.625,972.0,0,28.4935,26.06,27.7124,25.47116,27.87757,30.0,21.13735,-1.08799,-6.65261,-8.48498,-8.83445,-9.02494,-13.98122,-11.16912,-8.42823,-4.50771,-3.40547,8.93671,28.28974,39.66692,43.58757,35.98876,30.0,29.77558,
2024-06-18,15.3,22.4,18.620833,78.208333,13.725,319.875,980.0,1,27.63502,26.01629,25.51401,25.46098,28.18182,30.19823,26.3837,8.52915,3.4979,3.48577,4.08345,3.30696,2.52679,3.88,5.08,8.78306,15.0,22.57645,31.59299,44.23949,49.39597,38.95462,32.00319,29.03056,
2024-06-19,16.8,22.6,18.975,77.416667,13.891667,323.083333,970.0,2,33.59779,29.40793,28.97203,28.45896,31.38097,32.75892,27.21417,7.87622,-0.45654,-5.1041,-3.17165,-3.21856,-3.32414,-3.02351,-3.04101,-0.82872,5.58218,17.34365,29.66171,41.99936,47.41152,40.16334,31.36213,31.94097,
2024-06-20,15.0,22.9,18.2125,77.958333,14.054167,337.625,974.0,3,30.01191,28.49174,28.08993,28.00135,29.50716,32.36637,27.3669,10.27504,2.84724,2.23198,3.28149,1.93418,1.70786,3.99037,3.32543,9.8058,12.02621,19.51191,29.7767,45.5606,50.0,38.80784,29.81269,29.24164,
2024-06-21,13.6,22.5,18.358333,78.291667,13.008333,344.791667,987.0,4,33.78005,30.0,29.23946,29.36711,30.87684,34.92321,32.69581,16.01588,14.01931,13.08183,13.98206,14.37174,14.35591,13.51065,18.4934,24.68853,28.27,32.96534,45.84115,56.98055,57.72572,50.0879,44.11204,36.5371,
2024-06-22,15.7,23.8,19.579167,78.833333,10.875,341.541667,981.0,5,42.58921,41.23139,39.9926,41.92846,36.02767,35.84583,31.03998,21.08739,17.50027,14.21674,16.4265,17.09999,19.64819,22.00692,27.36516,30.28,33.32684,44.0314,58.75645,73.15948,73.88186,60.0,52.37851,40.59234,
2024-06-23,17.5,24.3,20.629167,74.291667,12.795833,267.791667,743.0,6,41.54246,40.66847,40.50346,37.47337,36.54799,37.63916,31.06698,20.0,17.27698,15.65718,18.65657,18.57892,19.71389,19.41383,29.5,32.52275,36.29716,43.33285,49.47065,57.85876,61.23697,50.14014,48.37484,39.70187,
2024-06-24,18.8,25.5,21.233333,66.541667,12.425,321.416667,917.0,0,39.88981,40.26852,34.66253,34.24363,34.27353,40.73649,35.7571,28.73898,26.8868,26.94143,28.09291,28.4847,28.45382,28.96958,29.83502,35.68796,36.99851,47.37726,58.50897,71.14194,65.38,56.16238,50.19226,45.52865,
2024-06-25,17.9,23.0,20.295833,71.625,11.120833,328.958333,945.0,1,42.07922,41.71266,39.75366,39.7319,41.30629,44.76266,47.67678,33.54269,32.41861,32.80875,32.94556,33.78211,33.57383,34.93441,35.0076,40.87242,44.0,51.4,60.4843,75.68181,73.57362,67.36932,51.00188,42.18664,
2024-06-26,17.3,23.4,19.845833,77.583333,11.379167,326.875,949.0,2,41.3278,44.24189,41.80241,39.02735,39.44771,43.90376,40.58623,29.47228,26.77633,24.64458,25.64828,26.60198,28.36001,27.5277,29.57159,34.3,37.04949,40.18178,51.75731,63.34061,65.36553,53.9945,49.41702,41.47121,
2024-06-27,17.5,24.8,20.204167,75.333333,13.691667,319.541667,954.0,3,40.69994,38.43814,37.12738,35.18682,37.03012,40.26371,35.45586,23.75635,22.01345,20.0,20.73866,21.23875,21.60075,22.21324,25.91593,27.10472,28.25774,36.67601,44.87445,60.09272,64.62693,53.70869,44.61313,39.24744,
2024-06-28,17.4,24.4,20.095833,77.083333,13.841667,318.708333,979.0,4,36.99093,35.96699,35.28741,34.54273,36.87881,40.03453,34.58805,21.27222,20.91288,19.1077,20.06781,19.79221,18.66594,18.71382,22.12333,25.49,31.72114,34.81686,47.52446,58.05148,60.39965,58.35521,50.12463,46.77318,
2024-06-29,16.4,22.6,19.008333,80.166667,13.5,331.125,984.0,5,40.67507,38.07488,38.86539,37.38781,37.70808,38.22896,31.52523,16.81126,15.05322,15.60712,15.51934,15.37365,16.10971,16.7119,19.65949,24.42158,30.76331,35.38205,43.45572,61.49494,61.09727,54.56738,43.66533,42.16912,
2024-06-30,15.3,23.5,19.145833,81.041667,10.991667,337.458333,991.0,6,36.94868,37.18152,36.92448,34.27112,34.57361,34.52198,29.60865,11.50692,9.99309,10.36,10.41562,11.13212,11.46192,10.56164,17.35795,26.04093,32.94709,37.98984,49.59461,61.80917,62.89575,56.43399,44.47275,39.09438,
2024-07-01,16.6,24.9,19.758333,80.833333,12.141667,323.166667,973.0,0,37.71266,35.36061,34.54224,34.43954,34.81018,38.24277,34.02774,26.32918,21.79941,25.05665,25.98511,25.85553,25.78006,26.05928,30.43514,32.96852,36.675,36.72579,49.79702,69.81833,69.70106,57.37797,46.1217,40.60767,
2024-07-02,16.6,24.4,19.704167,81.166667,11.908333,325.958333,985.0,1,39.55506,36.95645,36.69065,37.90089,38.41323,41.38177,41.01965,29.94355,28.90509,27.84857,26.05266,26.57448,24.70274,25.0,25.0,33.94179,35.06855,38.29182,47.8614,81.80214,70.62151,56.95024,52.36248,44.23993,
2024-07-03,16.8,21.2,18.879167,84.833333,14.6625,314.791667,947.0,2,40.49992,36.51641,35.89884,35.52292,35.54205,39.42017,39.32243,31.33712,30.90899,29.5924,30.88759,29.3849,23.73215,25.96569,20.99023,17.73433,33.13431,36.01807,42.9665,105.25,68.33831,55.18678,44.26096,37.66745,
2024-07-04,17.5,21.5,19.179167,81.416667,13.554167,304.958333,933.0,3,41.52262,35.52448,38.06236,38.11462,36.08205,38.59159,32.19389,24.89332,23.01733,22.94148,23.33632,22.97452,24.9244,26.75486,26.60804,19.37319,23.66514,22.72942,29.27687,60.68966,53.45591,54.75864,47.28091,38.41254,
2024-07-05,16.6,26.3,21.208333,74.625,10.166667,318.833333,958.0,4,38.41254,36.00253,35.86521,35.81422,35.97382,36.15708,40.07233,32.62481,32.01135,31.95413,34.83351,35.24059,35.40955,38.50884,42.5,38.09,34.69412,30.01974,64.27416,159.13197,134.97601,78.6637,61.10343,51.52253,
2024-07-06,18.8,26.6,21.983333,78.958333,11.5625,304.125,962.0,5,40.48678,38.4364,37.58883,38.80808,38.61155,38.42192,37.0552,26.1203,24.27255,25.11812,26.2898,26.74037,28.6416,30.62904,33.9011,27.0471,45.0,47.88481,64.08398,91.50679,78.03825,61.32243,51.56341,41.20924,
2024-07-07,18.6,25.0,20.816667,81.875,12.95,308.666667,966.0,6,36.96301,37.08728,36.96715,35.02,35.46272,35.08898,32.31527,20.86429,15.5379,15.67311,18.15678,18.60242,19.94669,20.30557,24.16137,27.49462,32.6755,37.40209,45.44567,56.06315,59.55721,50.82542,42.25673,38.1953,
2024-07-08,17.9,22.9,19.629167,83.833333,11.708333,319.0,952.0,0,35.90772,35.44477,33.90202,33.68046,33.68499,35.0,37.47755,31.74942,31.21631,31.3223,31.4017,32.53745,33.19824,36.14383,35.80957,47.96107,48.05324,51.41224,64.52,132.729,116.83975,71.18795,55.05676,46.19545,
2024-07-09,16.6,23.8,19.770833,81.875,11.1625,310.25,945.0,1,38.37504,37.48798,37.42816,37.08732,39.14676,42.0958,44.2502,34.04052,33.38165,32.82688,33.12311,33.91692,34.64481,38.83887,49.8438,55.31881,58.58142,63.28571,102.95712,245.76952,158.86623,91.00727,59.52761,51.0415,
2024-07-10,16.8,27.2,21.454167,76.416667,10.483333,333.166667,966.0,2,47.06849,44.13699,42.61945,42.27686,42.40281,44.82405,41.38567,37.38367,37.59583,37.07,36.98819,37.88735,40.21561,43.05266,54.8336,62.17306,65.59858,87.54007,212.48785,411.11,235.62494,111.95626,71.54612,62.57433,
2024-07-11,18.3,26.0,20.645833,79.75,11.933333,318.5,958.0,3,56.7371,48.24149,46.39396,46.12415,46.43507,47.65812,48.27415,36.50976,34.37565,37.72088,35.59405,34.00086,36.45299,39.47533,38.17633,38.34,38.27,53.46898,213.66513,531.7936,229.64088,104.28782,66.02023,60.87948,
2024-07-12,17.0,23.9,19.704167,81.125,11.083333,277.166667,904.0,4,45.06194,41.64618,40.1914,40.23659,40.54,41.55773,42.20912,40.05158,38.97922,36.89288,37.75137,38.94,40.50186,43.6152,49.7,52.05807,50.4433,51.95365,99.64,208.64835,101.62939,74.60983,61.0339,55.9982,
2024-07-13,18.2,23.7,20.5,78.916667,13.066667,315.583333,935.0,5,42.96081,41.83504,39.10156,39.706,40.2101,39.91054,36.55724,30.56277,30.00123,29.25147,29.02709,29.59601,30.62734,32.06111,34.79906,35.85079,39.0805,47.992,49.92235,71.94,56.45924,53.09346,48.20085,41.79053,
2024-07-14,17.5,23.5,20.166667,81.75,12.9,314.5,931.0,6,41.55431,40.27563,36.81499,36.33469,38.24247,38.33388,34.53833,27.98793,24.56655,21.95179,24.17603,24.427,23.95732,24.96587,30.11753,31.26681,31.59802,32.78371,46.73856,63.38612,54.78487,47.63185,43.27985,39.38325,
2024-07-15,17.6,22.4,19.858333,80.041667,15.195833,319.916667,936.0,0,34.77563,34.79074,33.98994,33.69934,33.89414,39.09771,37.0145,31.82,30.89072,29.22,30.06799,29.79226,31.17608,30.73979,32.98008,35.80232,36.08823,41.12568,48.86951,69.36263,57.4198,50.83207,43.45115,39.31303,
2024-07-16,17.1,23.2,19.983333,78.208333,13.3625,322.291667,950.0,1,41.61465,39.28719,38.80053,38.81048,40.32015,43.18752,42.71996,33.76669,32.19617,31.23653,31.93546,32.69492,33.32909,35.61524,38.08456,39.26175,39.55,45.57995,56.88274,75.57987,64.37515,56.69706,52.04711,43.50826,
2024-07-17,17.3,24.1,20.245833,78.791667,13.354167,272.041667,921.0,2,39.48692,38.22514,35.16065,35.21652,36.37969,41.02878,39.81011,31.61486,29.39188,28.49161,27.3728,29.69252,30.318,30.37819,36.65972,37.7059,43.12118,53.28491,59.42447,74.96634,62.18087,57.59942,52.80381,41.93573,
2024-07-18,18.3,25.4,20.904167,80.458333,12.1125,313.0,952.0,3,43.04716,41.40679,38.20898,36.72021,38.26073,42.74121,40.90822,36.5125,32.98946,31.21396,31.59829,34.16749,34.61955,36.24498,43.32009,45.58627,48.16,57.6436,64.00414,88.10418,69.37494,61.93778,52.27093,48.31181,
2024-07-19,17.8,25.5,21.033333,80.375,10.866667,318.416667,953.0,4,45.53659,42.68,41.57318,41.17965,41.35967,43.84684,41.85199,37.72087,32.46081,34.24501,35.65691,37.01672,39.31612,40.564,48.24076,54.48095,57.11658,63.54287,74.07385,170.26369,91.74555,72.34837,68.03127,61.09211,
2024-07-20,17.3,26.0,21.0625,78.458333,10.1,321.666667,944.0,5,51.2114,49.25857,42.34691,43.99276,43.27747,43.36589,40.82093,31.99364,28.53297,28.02,29.00031,31.66581,33.51591,35.16969,40.7697,47.28284,50.17118,59.67134,64.68587,107.54863,72.63117,64.41612,63.56406,56.38211,
2024-07-21,18.3,26.7,21.891667,74.625,9.166667,319.958333,941.0,6,53.9571,45.65813,41.6633,42.98863,41.83161,44.45824,40.53817,30.02,26.79495,23.90687,24.66982,26.97,28.28351,27.24439,37.04744,38.63876,39.80707,48.218,57.85745,79.7207,65.82665,59.68026,54.97042,50.57426,
2024-07-22,19.1,24.4,21.5,76.916667,11.454167,317.666667,926.0,0,42.18766,41.49648,39.24693,38.43642,39.10733,43.28945,40.23205,35.97306,32.45299,30.44492,31.78936,33.72986,34.5327,37.23867,38.10391,42.63953,54.34769,50.69793,65.97871,141.07306,73.84781,61.0125,57.64434,52.83203,
2024-07-23,19.8,24.8,21.954167,75.916667,9.7625,316.25,930.0,1,47.96124,45.40053,44.94432,44.45074,44.72748,45.34407,51.28375,41.4062,37.28413,37.03567,37.75703,39.05051,41.61375,44.0104,54.0093,56.31374,57.59185,64.92445,113.79715,275.8159,124.20496,78.60978,66.38218,57.70763,
2024-07-24,19.4,24.6,21.725,74.541667,12.920833,312.833333,915.0,2,53.84318,48.16375,44.51286,43.91923,43.84917,47.41942,48.79815,40.04886,36.25643,36.06132,36.84233,37.48611,39.86788,44.47795,57.55161,58.75004,51.95704,53.79128,80.61818,205.39531,93.46,69.09176,61.47859,53.55499,
2024-07-25,20.0,26.4,22.279167,71.875,12.079167,312.833333,911.0,3,52.09181,47.21292,43.7169,43.10503,42.97062,44.95649,48.28285,40.29833,37.66457,36.06069,35.61932,36.92095,39.17789,43.69581,51.92776,50.53125,52.78687,56.72257,96.77426,224.30031,123.72654,73.72345,61.48607,56.56198,
2024-07-26,18.6,26.0,21.458333,74.208333,10.966667,317.333333,937.0,4,56.8406,48.92499,45.08333,44.10452,44.09425,48.39533,49.81808,38.37806,35.22012,33.25451,33.23952,33.55862,34.96371,36.95741,42.77441,42.77815,43.2,48.84859,63.31527,126.28634,75.38514,65.0,53.13957,48.15682,
2024-07-27,17.4,24.8,20.1625,76.125,13.3875,319.208333,973.0,5,42.98598,40.42861,38.87641,39.44485,40.26728,41.59189,40.3216,31.08546,20.49445,16.67018,18.31231,18.16092,18.48938,18.17217,22.25899,29.29412,29.88962,37.66312,49.07932,61.52838,60.29792,51.42386,49.62546,43.35927,
2024-07-28,14.9,22.1,18.858333,79.25,12.2875,323.875,976.0,6,39.29935,39.37949,38.9904,36.14955,37.84929,38.21767,35.03556,24.3151,9.56362,7.38473,5.81535,6.97393,8.13813,9.05491,10.63308,16.4555,25.04202,34.31681,46.5241,59.98834,57.55401,48.84034,46.01347,38.34445,
2024-07-29,14.9,22.2,18.583333,80.708333,11.808333,325.708333,952.0,0,36.6246,36.39436,35.40793,35.30325,36.57975,41.41728,41.88515,32.68537,23.54638,22.46719,21.14,22.31194,22.89407,24.13289,27.43599,32.50118,31.69105,38.94633,49.69618,63.89927,58.36323,47.17466,46.69727,40.49791,
2024-07-30,14.4,23.0,18.341667,83.458333,11.1375,321.75,970.0,1,38.54849,35.94652,33.28923,33.30663,35.35662,35.98293,35.90246,27.11739,17.68879,14.66632,15.84875,16.54841,17.97325,19.02476,22.80528,27.68496,28.57231,32.18225,47.13594,58.35153,53.22539,48.55732,45.82833,38.6696,
2024-07-31,15.2,22.8,18.491667,84.791667,10.745833,306.333333,943.0,2,41.39,36.31218,35.57716,35.25776,36.97639,43.48296,42.83563,32.27099,26.26682,25.44852,24.52338,25.55552,26.90524,27.18521,31.80743,34.55782,39.34637,49.29704,56.20243,89.85147,72.1521,58.33062,53.78484,49.85222,
2024-08-01,16.3,23.3,18.8375,82.208333,10.070833,238.208333,830.0,3,44.44426,46.01326,43.06688,42.29622,42.9225,43.81154,49.24239,41.48396,38.35679,34.85835,37.67475,39.64553,41.35696,42.89067,49.42265,57.49649,58.44366,67.80681,96.75631,164.82358,89.69503,73.89931,60.24732,54.83562,
2024-08-02,18.1,23.2,20.454167,77.291667,10.770833,302.416667,891.0,4,58.13,57.00285,48.22916,47.47883,47.84765,55.4073,56.45048,44.37721,42.70687,41.16346,40.01653,41.96039,42.29883,45.2483,52.38261,60.39207,65.01994,76.82956,125.41398,213.33945,114.36806,78.45,63.06139,58.28712,
2024-08-03,17.9,24.5,20.35,75.416667,11.4625,306.0,915.0,5,57.11323,56.60806,50.58537,45.08352,45.83404,45.94511,44.9928,36.89386,32.56068,31.59119,33.22159,34.08477,36.33136,39.84239,41.95257,50.31042,56.59796,62.31266,111.0,227.31955,93.27077,68.74016,59.04869,54.52,
2024-08-04,16.4,24.6,20.166667,78.0,10.891667,291.083333,878.0,6,46.5858,44.42095,41.69341,39.93195,40.01731,42.12666,39.09742,33.7245,28.45526,26.81341,29.56137,32.63553,35.77531,39.8328,44.31958,47.24287,53.16114,64.02121,92.97973,175.55775,87.20928,65.77399,56.27,49.88722,
2024-08-05,17.1,25.5,20.858333,76.666667,10.829167,301.125,896.0,0,51.89857,46.2409,43.92652,43.51589,44.00673,48.17336,52.54499,42.89116,40.24505,38.65188,41.20936,43.58759,47.87321,58.66,65.20575,70.80593,98.85114,115.05121,293.0392,419.79523,149.08408,108.68302,60.35277,54.34123,
2024-08-06,18.5,29.0,22.175,76.166667,9.454167,302.208333,919.0,1,44.74377,42.17887,41.3902,41.23357,41.83961,45.66001,46.76165,41.07928,39.27756,38.35354,40.35573,40.71043,41.13859,44.4003,48.42746,58.93862,65.89638,84.19503,173.13934,311.96536,129.36867,83.13704,61.61605,49.96988,
2024-08-07,19.5,26.8,22.1625,77.416667,12.504167,288.958333,885.0,2,41.99081,40.50363,40.06792,39.69581,39.9493,40.66103,44.06077,38.66393,34.39437,33.69343,33.89618,34.20303,34.83602,37.96353,39.40475,43.12754,44.93986,52.40388,64.5081,109.89438,68.78366,57.99468,49.81039,43.58777,
2024-08-08,18.0,24.0,20.341667,79.916667,11.55,285.5,905.0,3,40.86791,38.98197,35.90122,33.9562,35.63167,38.27154,38.78557,33.83919,28.67143,27.49813,26.56886,28.51029,28.02,30.43137,33.53417,34.92197,39.69435,49.48717,56.87197,67.76573,58.69667,55.05092,53.00919,42.11369,
2024-08-09,17.2,24.5,20.204167,79.166667,12.475,296.583333,920.0,4,35.46964,33.21102,32.88352,32.59051,32.88741,35.61802,36.23323,30.36559,28.5136,27.60046,27.50549,27.88957,28.46211,29.87019,32.89474,35.06237,37.33759,44.98343,53.80404,67.6145,55.69266,49.96694,48.16764,43.08628,
2024-08-10,17.4,26.5,21.295833,76.875,9.429167,305.166667,925.0,5,36.78827,36.41039,34.82576,35.59341,35.27392,34.98595,32.30408,27.20757,21.00462,22.35029,23.86223,26.84218,28.2925,28.18903,31.36791,34.55356,32.46224,38.08425,44.14379,57.00099,49.94742,44.23243,44.65605,40.51322,
2024-08-11,18.5,27.2,22.291667,76.375,9.758333,298.291667,913.0,6,35.16641,34.56004,34.25851,33.97367,33.70348,33.47114,32.26642,22.20823,14.71093,16.84,16.96601,17.51151,18.27397,20.22949,26.11372,29.66916,29.98362,37.26343,44.01829,56.70722,48.69546,44.55789,43.85574,39.72101,
2024-08-12,19.6,25.2,21.620833,80.708333,10.583333,302.083333,913.0,0,34.41934,33.13155,32.65264,32.5514,33.58154,37.64386,37.77144,32.28,24.18418,21.49918,23.54561,24.27377,25.78063,26.94527,30.07383,31.89793,31.67232,41.23914,48.17434,58.13921,51.25639,47.70288,45.64871,38.93625,
2024-08-13,18.0,27.1,21.558333,79.458333,11.270833,302.333333,925.0,1,34.243,32.57304,31.94385,32.06012,32.47957,33.89548,37.20896,27.6941,16.9978,16.27386,16.89995,18.01366,17.2273,19.60416,23.18351,28.66512,29.56492,35.52485,47.2424,56.29103,50.01843,46.16516,43.55031,38.95726,
2024-08-14,17.5,26.5,21.241667,79.416667,12.283333,302.458333,935.0,2,36.57948,33.54838,30.8226,30.72736,30.88468,36.83059,39.46492,30.77236,18.81457,18.3891,18.66,19.34531,19.58862,22.09697,22.36676,29.71066,31.42748,38.5819,49.47544,53.64452,48.67309,42.2789,40.072,38.21768,
2024-08-15,16.8,27.1,21.933333,74.833333,10.3125,307.791667,937.0,3,35.61475,34.19853,31.52241,31.02,30.69448,34.94,35.13138,26.74901,15.32206,12.97856,15.60997,18.10549,18.91887,20.19422,22.66904,29.94312,30.6587,38.04048,49.36212,58.56098,50.87633,45.26906,41.33826,38.39637,
2024-08-16,18.0,27.9,22.1625,78.708333,11.816667,301.5,940.0,4,35.4473,32.77114,32.00807,31.7787,31.72619,35.03281,37.50055,29.91175,18.90111,16.02496,18.8157,21.59976,22.26578,26.90061,30.34217,33.9666,36.4204,46.72638,53.65014,60.31467,54.18533,48.84258,47.86216,43.43188,
2024-08-17,18.5,25.4,21.595833,79.25,11.691667,282.791667,924.0,5,40.17396,38.511,36.22151,37.43538,36.28313,36.53753,35.63269,27.58339,16.69445,14.88931,15.66,15.03692,15.6491,17.3629,19.20385,23.71575,25.3746,34.5958,42.56956,50.0763,43.90223,42.00464,40.36274,38.64967,
2024-08-18,17.2,24.8,20.6,81.916667,13.3,295.375,926.0,6,35.39376,34.78403,30.70671,30.37402,32.72956,34.60403,35.02255,25.59902,14.20937,12.32281,13.13151,14.87668,16.27272,16.42944,20.54482,25.39042,27.01525,35.01118,48.45216,55.49269,49.49094,47.52949,42.01582,37.11217,
2024-08-19,16.1,26.1,20.916667,76.333333,11.7125,299.666667,928.0,0,36.73395,33.52664,33.19221,32.98243,33.24882,38.31597,39.39637,30.26662,22.35717,20.71648,22.43547,24.1567,26.31901,28.09368,31.6574,35.3527,35.63061,44.22834,57.8223,73.0,56.79672,50.08174,44.91078,38.52825,
2024-08-20,16.2,28.4,21.783333,71.5,12.1375,306.333333,940.0,1,36.39078,33.72051,33.24184,32.76932,32.69774,33.79033,37.75546,29.98073,22.91575,24.46605,24.871,25.98783,26.67488,28.2164,32.3835,34.82787,36.20323,46.42678,59.13,82.50807,56.20004,51.13939,40.00396,36.08524,
2024-08-21,17.5,28.6,22.045833,77.083333,10.970833,297.458333,927.0,2,35.18532,32.31611,32.15017,30.91107,30.78579,35.61905,35.81587,29.3146,22.78,22.33472,22.85767,25.10876,26.7374,28.13076,31.99541,32.97159,38.18129,45.93123,52.33294,62.23,50.8583,47.12226,45.7742,38.67996,
2024-08-22,18.4,25.8,20.829167,79.583333,14.429167,291.666667,924.0,3,37.51594,36.6921,35.88455,35.59001,35.80158,38.08521,36.27167,30.0,21.23197,18.73429,17.33507,18.13303,20.05846,21.6518,24.58034,25.48671,26.94511,36.56241,47.38162,52.74046,47.24209,44.32912,42.78569,38.62601,
2024-08-23,16.8,24.6,20.170833,75.75,14.3625,287.916667,922.0,4,32.56998,32.0,30.67721,29.36889,29.24049,32.76302,33.43723,25.44795,11.75065,9.89037,10.52589,10.00606,9.56039,10.33759,9.67503,14.5288,20.23862,27.18913,36.16363,37.94515,36.42585,35.61353,35.10251,35.18579,
2024-08-24,15.9,24.5,19.8375,76.083333,13.2125,293.791667,918.0,5,29.6922,29.89895,28.27678,27.58,28.98163,28.68082,27.19981,7.46325,-3.72,-7.82116,-6.70256,-7.35457,-6.93235,-6.61624,-6.02273,-4.85754,-3.97575,13.47535,28.15163,30.9528,30.33133,29.00585,28.14857,27.90743,
2024-08-25,16.4,25.5,20.4875,76.541667,15.25,295.083333,917.0,6,25.25006,25.11656,24.93755,24.74602,24.87292,24.53302,25.06209,5.89819,-5.2209,-8.067,-6.5929,-5.56629,-4.95901,-4.64219,-4.96165,3.69344,15.73594,26.37,36.3635,39.1782,35.94404,35.44,35.17844,33.90888,
2024-08-26,15.8,26.1,20.658333,76.375,11.254167,291.041667,916.0,0,33.99269,33.4315,33.82034,31.96119,34.9637,36.16298,36.11321,26.69318,11.48972,11.66108,11.9789,16.02,16.02,17.20939,20.94699,29.2696,29.14822,40.54551,50.71974,62.50827,46.36431,43.74785,43.23906,37.3685,
2024-08-27,16.9,26.2,21.020833,77.875,10.041667,291.666667,910.0,1,34.6049,34.19396,31.75647,31.2803,32.02,33.59325,35.91449,25.37994,16.97141,15.97565,15.09572,15.96701,16.65162,16.69357,20.81735,27.98872,32.40595,41.1535,52.93312,68.88,49.38909,43.4821,39.11732,33.734,
2024-08-28,16.5,22.9,19.408333,82.375,11.166667,278.166667,906.0,2,34.50638,33.0,31.76,30.69348,30.50236,32.24377,35.47343,29.2349,19.50281,17.57741,14.62289,13.99346,15.54752,17.11235,19.90967,28.53957,30.85292,38.60824,50.32816,53.89804,45.47085,41.6176,37.81061,34.65857,
2024-08-29,16.4,22.2,19.258333,81.333333,12.429167,286.833333,911.0,3,35.62152,33.2895,32.75726,31.634,32.98538,35.61211,36.43588,29.48107,16.68573,14.47755,14.0654,14.33925,13.92852,15.21,16.77,27.12422,29.30848,38.14164,49.58989,51.26611,42.70495,38.62721,37.5875,37.31812,
2024-08-30,15.9,22.4,19.0875,84.375,10.391667,260.916667,879.0,4,32.00155,32.08,31.105,31.22577,31.87138,34.4487,37.14,29.99569,18.11847,15.48425,14.4,14.23203,14.96698,15.46312,17.02196,26.66113,29.98413,36.44473,46.03003,46.81059,39.63654,38.16797,37.08,35.13463,
2024-08-31,16.3,25.6,20.291667,81.666667,10.554167,276.625,885.0,5,39.45784,37.10474,35.20862,35.43412,34.94201,36.36202,33.00612,29.17,16.82237,14.38447,14.44869,15.82231,16.57512,16.8,16.45189,26.74,28.2971,39.07198,47.80667,48.21655,44.84127,40.90526,40.76865,39.75303,
2024-09-01,17.5,26.5,21.304167,81.75,9.5875,268.583333,881.0,6,36.02823,35.08,34.93083,34.8077,33.8,34.40178,34.37376,27.07729,12.80429,10.94611,8.77829,11.99,12.81223,13.26024,14.6066,21.03671,25.66573,38.99486,49.033,50.19855,44.43931,41.47853,39.88609,36.68718,
2024-09-02,18.9,27.0,21.804167,81.416667,12.0375,266.416667,873.0,0,33.94566,33.62257,33.32692,32.58391,32.74444,32.44867,32.13108,27.84006,15.62383,12.44302,15.11442,16.79925,18.08558,18.46513,21.50217,28.76007,28.41351,45.74771,50.48083,55.88,47.38675,47.17565,45.74419,36.22482,
2024-09-03,18.4,27.6,22.145833,79.166667,10.95,267.208333,876.0,1,32.24124,31.93788,31.85,31.88,31.88764,37.32984,38.07186,34.13905,25.62892,24.58403,22.01202,24.40397,25.25108,26.83448,31.14948,36.38,40.0,52.66224,80.7459,91.11037,55.73432,52.01301,49.72796,41.93716,
2024-09-04,19.0,29.7,23.654167,65.083333,15.891667,275.166667,871.0,2,45.93464,43.0,41.45349,40.66473,40.66579,43.79086,48.69724,35.36733,31.7849,29.01616,28.53621,32.39712,33.77757,37.40396,40.55273,47.07087,53.57191,74.70157,229.58105,283.15298,106.10304,65.09819,55.67107,51.17653,
2024-09-05,20.2,31.5,26.3125,50.708333,13.2875,275.583333,875.0,3,43.55627,42.97711,41.92253,41.82553,41.794,43.10193,53.90469,45.01096,36.03656,34.85539,35.94666,39.64686,40.08891,49.62816,56.06543,67.65465,105.0,269.27936,576.11945,614.4207,244.11525,118.96024,72.48228,57.85224,
2024-09-06,22.1,34.3,27.15,47.541667,10.995833,255.333333,794.0,4,54.84122,48.03234,40.22572,39.30123,39.59485,43.91713,46.97361,38.85573,32.92786,32.53965,34.56441,36.07813,38.32724,44.41729,50.92307,68.05,82.46574,137.90501,309.73486,275.11,113.60044,81.47,65.40988,59.75399,
2024-09-07,22.2,30.1,25.704167,64.5,9.908333,260.125,855.0,5,52.8687,46.63322,41.19852,38.45189,38.92165,39.47724,39.01296,36.37378,31.0935,27.84713,28.7424,32.37635,32.74228,36.6966,37.31696,44.28323,50.78453,57.00548,85.72256,80.471,56.98933,55.02,51.25882,48.97215,
2024-09-08,21.8,32.5,26.333333,50.291667,9.783333,265.416667,862.0,6,51.53886,53.29533,51.13001,46.95158,43.19919,45.36579,44.70889,32.7013,28.17599,28.26586,30.0,30.41902,31.70974,33.2123,35.35415,43.23314,49.32913,54.42644,73.83907,66.51063,54.9454,54.18846,49.20461,46.23948,
2024-09-09,22.1,32.0,26.7,50.083333,14.3125,270.875,867.0,0,39.96116,39.52377,35.58988,35.12201,35.25383,39.03555,41.43756,36.39908,31.98932,31.85848,32.72004,32.67333,35.23,35.51732,41.78975,49.86163,55.60432,73.9199,110.0,103.07883,72.79905,62.54324,49.36046,41.28503,
2024-09-10,19.0,24.1,22.104167,71.041667,16.525,271.083333,874.0,1,35.8013,35.32712,34.90335,34.4425,34.75247,37.95521,39.92091,34.11,27.69178,25.42329,25.13582,25.88985,27.68615,28.76877,31.57673,34.13278,37.4959,49.49425,68.59076,64.79933,50.8343,48.88942,39.47451,37.26049,
2024-09-11,15.2,24.0,19.5,77.541667,10.1375,262.708333,878.0,2,33.68805,33.05288,32.85948,32.06581,32.86514,34.26286,34.24021,28.69661,9.76083,6.06306,3.70926,3.94747,5.0,8.01404,8.56799,13.23603,19.31478,32.04918,40.73449,43.84487,37.74234,36.44342,36.48289,35.33625,
2024-09-12,15.6,23.7,19.545833,77.208333,11.458333,257.666667,854.0,3,32.76002,32.44713,31.21585,31.78545,32.2252,32.07542,32.03627,27.32553,0.72526,-1.69199,-4.91341,-2.65474,0.0,3.83729,3.80022,7.6151,11.26223,29.21596,37.24095,41.72795,36.92665,35.37,35.18273,32.44301,
2024-09-13,16.6,24.5,20.2125,78.041667,11.5,241.583333,855.0,4,31.02,30.78433,30.16275,30.34464,30.56521,34.83283,38.11125,30.3947,14.48196,11.6727,12.07542,12.0,10.82442,10.89993,13.10167,17.41866,23.03122,37.14028,40.11406,41.28518,39.58483,37.36107,36.96889,36.58582,
2024-09-14,18.3,23.5,19.920833,79.583333,11.675,222.208333,835.0,5,30.19215,31.55416,30.83399,30.44303,31.96179,32.02,34.08932,27.08227,8.0108,5.25029,4.61186,2.71907,2.63904,2.91033,5.24579,8.92546,16.50582,34.43304,40.53988,39.51888,37.74234,35.81313,34.78713,34.20056,
2024-09-15,17.1,22.3,19.170833,78.75,11.4375,204.25,730.0,6,31.89705,32.16732,32.02,31.52365,31.99057,31.98297,32.04535,23.46967,-2.1589,-4.59951,-3.65893,-3.35015,-3.11955,-3.37585,-3.57044,-3.41582,-2.29954,27.61998,36.25101,38.27829,36.39467,33.70871,33.02,32.7,
2024-09-16,17.1,21.2,18.6375,72.083333,20.554167,232.916667,849.0,0,30.01853,30.09273,29.1695,29.00425,30.90186,36.93851,37.85734,32.0503,7.14408,5.86617,3.58155,3.1772,2.5778,3.13306,1.92327,1.88133,4.13538,26.66377,34.23763,35.00439,34.46254,33.28823,33.81272,32.98607,
2024-09-17,14.4,22.2,18.0625,74.458333,14.666667,258.375,853.0,1,30.79284,30.00131,29.42114,29.04168,30.02,30.71956,33.76826,29.12249,-2.02,-3.4186,-3.0,-3.76963,-4.55395,-4.57797,-4.21,-3.74292,-3.03078,23.25351,34.95184,35.92,34.62228,34.05747,34.00101,33.16309,
2024-09-18,14.5,23.0,18.283333,78.125,11.679167,232.083333,798.0,2,35.4624,33.56765,32.61883,32.66288,32.93484,38.03835,40.39973,32.51455,6.67106,0.90392,0.43876,0.48585,-1.18961,-0.06704,-1.28381,1.77183,9.67,33.17733,40.03663,40.27302,39.25941,38.38551,37.90716,37.19867,
2024-09-19,16.7,21.4,18.7375,79.0,10.45,170.541667,674.0,3,38.15159,37.87562,35.75543,34.68069,37.82183,38.95798,40.26056,33.84227,8.67,1.04329,0.51,-0.11482,-1.06528,-3.31595,-1.94207,0.84275,7.68204,37.39464,39.86285,38.68552,38.40153,38.3423,37.3828,36.33306,
2024-09-20,15.8,21.3,18.158333,83.5,12.05,208.791667,714.0,4,37.09382,35.46,33.3596,33.26163,33.54622,39.1292,40.9194,36.58689,13.45739,8.44074,10.0,9.80227,9.91957,9.681,10.31494,11.08334,22.10124,37.33825,39.08193,39.08445,38.38299,38.07728,37.63555,35.72638,
2024-09-21,15.4,22.7,18.075,82.666667,10.991667,195.5,776.0,5,35.34187,35.78702,33.57691,32.16502,33.0,33.47539,35.99257,25.23122,-1.12248,-3.29118,-2.61363,-3.09819,-2.64332,-3.52476,-1.16869,-1.55169,8.65,32.06824,40.33044,41.56784,39.65838,39.30881,38.72332,38.03419,
2024-09-22,15.7,21.4,18.425,84.458333,11.895833,229.958333,802.0,6,43.59651,43.29168,42.62373,37.62267,40.30669,39.21186,40.04996,27.55259,1.61,-0.05485,-0.30935,-0.56886,0.47149,1.17499,5.13998,15.10272,27.89975,44.18551,58.4472,55.27046,44.28,43.59984,41.29816,36.71279,
2024-09-23,16.0,22.8,18.608333,86.708333,11.295833,226.666667,796.0,0,36.65505,35.69907,35.31204,35.03375,35.47816,41.8708,41.90763,35.65299,23.09778,19.81773,20.21637,20.40092,21.88697,24.1213,25.13247,31.36216,36.11986,51.37081,67.508,61.99,48.85967,48.75247,47.8,40.84382,
2024-09-24,16.9,21.1,18.504167,86.958333,11.625,207.541667,782.0,1,37.1161,36.99022,35.80594,35.59093,35.52794,39.09187,43.21884,36.79829,19.92626,18.4691,17.70738,18.33093,19.12326,19.41338,23.08394,28.2063,35.82195,49.49461,69.29494,57.03955,46.633,45.69443,44.83151,43.96478,
2024-09-25,16.0,19.9,17.870833,84.958333,14.154167,208.791667,769.0,2,39.43223,39.2785,37.98904,37.62012,37.50084,41.75309,42.54491,35.48714,18.34254,16.45761,16.8748,16.39515,15.9963,16.04964,16.04808,20.85622,28.94277,43.53801,51.38589,46.4498,43.84587,42.50233,41.66617,38.50567,
2024-09-26,14.6,20.1,17.333333,87.375,11.720833,207.0,766.0,3,41.02,38.21708,38.02656,37.67083,38.84068,44.48591,44.85578,38.05713,21.37758,17.13946,16.32845,16.74792,16.23488,16.25096,19.45559,23.29899,34.16126,45.01281,59.24145,49.96101,45.68071,45.27467,45.11422,44.23585,
2024-09-27,15.0,19.6,16.983333,87.625,10.783333,204.208333,785.0,4,36.38939,36.05794,36.18198,36.2683,36.32402,40.78412,43.31458,39.55472,22.65768,21.45718,19.03446,19.38987,20.30825,19.9218,21.02649,30.54202,36.87319,49.32924,61.56805,54.16248,49.42307,48.42877,45.43088,42.15043,
2024-09-28,14.6,20.2,17.129167,84.666667,10.9625,218.208333,797.0,5,41.77275,40.8262,40.47599,39.99285,32.4509,40.18122,40.78284,33.17402,14.94875,10.08213,11.68332,11.69069,13.12849,14.20211,14.61547,22.79,32.82405,42.40342,54.86811,49.31169,42.37044,42.63691,41.127,38.54482,
2024-09-29,14.4,19.7,17.0,86.416667,12.141667,223.333333,749.0,6,37.08492,36.90205,36.69491,36.41808,35.80686,37.09739,39.15686,30.09486,5.38469,-1.30779,-0.39431,-0.71763,1.33094,1.89593,3.21562,12.42535,31.1266,44.06068,53.7619,51.63351,44.06007,43.50397,42.92077,42.27041,
2024-09-30,14.5,24.0,18.2625,85.125,8.379167,215.416667,796.0,0,40.99353,40.14783,40.11994,39.84765,40.14698,44.23994,48.67238,43.91756,25.8226,23.44626,22.9778,22.36719,22.55862,23.10784,24.66261,30.10116,38.62156,53.7307,74.06304,62.61115,52.76972,52.45621,52.44006,43.59083,
2024-10-01,15.9,23.6,18.679167,84.125,9.745833,198.125,725.0,1,48.52506,47.45246,45.49419,45.50449,45.29457,46.0,55.29725,48.23753,31.84329,22.81183,20.5318,23.64793,25.25188,28.41887,30.75873,44.71313,50.88934,69.21097,139.38597,75.64,65.34489,59.91719,57.21116,49.52314,
2024-10-02,15.9,26.0,19.3,81.5,9.716667,205.166667,755.0,2,47.2078,45.22844,44.64481,44.13592,45.20491,47.44491,53.29221,51.38559,36.60749,28.20361,24.13475,22.8941,32.13395,33.01519,35.72995,44.74361,48.94796,94.48674,157.9781,77.17048,67.63528,63.89521,58.91044,51.22074,
2024-10-03,16.9,28.0,20.920833,78.833333,9.766667,211.208333,757.0,3,47.57631,44.49259,43.78595,43.39053,43.30978,44.45008,51.29147,50.50811,38.28594,33.31292,32.79312,34.64014,35.71158,36.51039,33.9171,41.55375,47.65682,61.89255,93.41884,66.88039,61.97681,62.84778,52.19046,50.59746,
2024-10-04,17.6,24.2,19.8875,84.25,9.379167,160.25,650.0,4,48.47623,46.8999,46.61228,46.59017,46.66975,48.51743,55.25894,48.3965,31.88139,28.55646,25.23069,29.55202,29.87264,30.11057,28.82935,38.89772,38.34005,40.78432,63.26884,58.58636,62.82448,62.29733,56.86215,53.49508,
2024-10-05,18.0,22.9,19.566667,86.25,9.0,191.625,731.0,5,51.53639,50.54959,48.95877,47.51407,46.91287,47.7469,49.05756,46.67001,29.25809,26.10029,26.98567,24.79563,27.00262,26.81703,30.2151,38.65804,36.66112,52.25128,83.08712,68.25316,62.91435,63.08026,61.45355,55.05371,
2024-10-06,17.3,24.5,19.245833,86.666667,8.4625,189.166667,733.0,6,52.62634,49.912,48.95931,48.97337,48.44802,48.25032,48.96657,46.08815,26.76667,23.86286,24.57787,24.95586,26.11303,28.83605,35.76084,42.64258,54.48981,64.9981,128.63475,75.77861,73.33919,72.20173,68.10102,58.01,
2024-10-07,16.5,23.5,18.820833,86.666667,9.008333,188.666667,721.0,0,46.50153,46.41742,46.72967,46.71639,46.59,47.11377,58.92851,55.31297,43.01609,38.5065,38.56358,38.63568,39.0,40.12382,42.38284,50.0,51.42737,103.1444,155.75792,89.0,76.74931,72.99814,54.49557,48.62624,
2024-10-08,15.5,22.1,18.0,83.208333,8.125,192.0,726.0,1,46.10551,42.79871,42.48277,42.1458,42.11529,42.92914,52.89255,49.01175,38.0,32.83952,26.69108,31.2739,31.60629,32.75692,33.80481,38.57054,50.0,61.76219,98.75172,70.37674,64.63666,61.45972,50.09395,45.1858,
2024-10-09,15.1,21.9,17.775,86.916667,9.1875,189.541667,718.0,2,53.00518,49.65446,49.13916,48.55438,49.06008,53.22942,59.27052,52.8354,34.85608,28.69298,26.4919,28.12455,27.616,28.22106,30.0,40.0,50.39851,75.76805,102.44488,70.31288,65.33306,66.90211,64.81625,58.0753,
2024-10-10,15.8,22.3,18.154167,87.625,8.866667,184.375,722.0,3,48.36222,47.08,46.47273,46.33723,46.85074,51.24431,58.98546,55.43354,36.10498,29.97797,30.0,29.26848,31.39138,32.08181,32.95164,39.05062,53.53918,76.2466,81.83172,66.90531,64.39944,63.47477,56.93867,50.00936,
2024-10-11,14.4,22.5,18.175,84.333333,8.370833,197.208333,714.0,4,45.55,43.88,43.33528,43.17,43.88,46.72881,52.62432,47.21255,33.77205,27.06871,24.0,20.73118,29.98942,28.74377,31.11874,35.43598,43.09972,57.94694,60.26487,55.33936,54.37322,54.04864,50.86004,46.48438,
2024-10-12,13.9,21.9,17.454167,88.25,8.441667,184.125,710.0,5,45.00322,44.39788,43.91562,40.75087,42.29317,43.05527,45.21653,34.31779,10.18025,2.16483,0.0,-0.01781,1.07706,1.24638,1.44827,5.6058,26.22417,44.56421,45.47738,45.87099,45.46983,45.20696,44.47783,40.64075,
2024-10-13,13.8,22.9,17.216667,86.333333,10.045833,174.083333,689.0,6,37.93763,37.54442,37.51675,36.02917,37.48118,37.52889,40.29623,27.47453,-2.26525,-6.76915,-6.65147,-6.08737,-5.11882,-5.11803,-4.05826,-3.77203,20.80267,43.93115,47.75469,45.17629,44.99595,45.02,44.0572,42.31796,
2024-10-14,15.6,22.6,18.045833,84.541667,9.25,158.291667,660.0,0,40.31131,38.43109,38.53926,38.59588,40.02429,44.77332,45.76808,45.26305,19.43202,12.07778,12.29956,12.25296,11.94202,8.92589,8.71244,8.67114,19.71437,46.65294,48.50551,47.24888,46.51328,46.32474,45.92229,44.43604,
2024-10-15,15.1,21.5,17.5375,86.208333,9.35,161.708333,655.0,1,44.80157,44.32596,44.36851,44.28016,44.70651,45.33114,52.61561,52.28312,27.39747,14.79452,15.0,13.46552,13.29079,12.8684,14.65082,16.02,30.64,49.96738,53.72658,50.25928,49.5956,49.02763,46.12982,44.95341,
2024-10-16,15.6,20.5,17.608333,84.958333,9.1625,133.208333,550.0,2,45.0516,42.77695,40.90622,41.06653,40.91076,44.34383,48.53802,44.02726,24.4341,17.24315,18.31083,17.37948,18.14956,18.26353,18.11338,19.4755,27.36,44.14999,44.21368,43.96395,43.48777,43.44344,42.48601,37.85621,
2024-10-17,16.0,20.6,17.916667,82.916667,10.016667,111.791667,499.0,3,44.13762,38.50898,38.53507,38.60635,38.64071,41.87678,47.78352,45.07298,24.39009,12.73189,10.5028,10.10192,10.09601,9.37227,10.11219,10.31383,16.21098,47.24149,50.04753,48.12198,47.86646,48.02546,47.28734,44.34317,
2024-10-18,14.4,26.0,19.408333,48.416667,14.675,192.083333,704.0,4,40.8084,37.73657,37.05781,37.25064,38.01418,44.82338,46.50422,44.62886,27.45,13.28686,12.03843,12.11599,12.40664,12.66655,12.0,10.7791,17.57857,44.50666,44.7795,44.35644,44.89063,44.45047,44.23952,43.69126,
2024-10-19,10.6,24.5,17.491667,35.291667,10.341667,190.041667,693.0,5,37.63972,36.13822,35.27119,35.58819,37.50451,38.18459,40.40534,37.83944,6.2549,0.3327,0.05629,-2.00156,-1.83469,-3.12412,-3.29407,-0.5438,10.1643,41.94272,43.48903,43.1517,42.8711,42.82766,42.3975,41.3611,
2024-10-20,13.8,25.8,18.633333,46.958333,12.3875,185.666667,680.0,6,37.61797,37.20422,36.08139,35.44835,37.34119,37.429,37.51309,35.31211,8.20277,-1.12059,-1.29072,-1.47152,-2.38558,-0.55802,-0.08985,3.39863,25.33989,43.29386,44.62405,44.15571,43.65643,43.38283,37.39113,37.09381,
2024-10-21,13.6,24.4,18.691667,49.208333,12.2375,177.291667,631.0,0,32.44748,32.44415,32.3737,32.07499,32.40902,37.55702,39.7003,38.45937,16.52266,9.60921,7.66453,7.77569,6.38614,5.8593,3.77791,8.8651,22.35842,43.17089,39.67996,43.69183,43.45004,43.05035,42.72892,40.36541,
2024-10-22,12.9,25.9,18.479167,55.916667,10.041667,185.208333,680.0,1,38.24297,35.00004,34.39555,34.31663,34.81591,37.4648,42.57614,41.13797,13.72255,9.04514,7.61535,8.30051,8.83224,11.27136,10.5885,13.22,29.53908,46.26888,54.67745,47.7773,45.70717,46.07877,44.65588,38.07236,
2024-10-23,12.9,25.6,18.433333,62.041667,9.179167,185.041667,680.0,2,38.82673,40.80649,37.10764,37.16954,37.18467,41.8602,43.8832,42.1063,21.61893,12.49501,13.14965,13.06098,14.67627,14.72079,14.95792,19.04603,30.99721,48.42598,51.00112,44.3522,41.66396,40.66069,37.07259,36.4948,
2024-10-24,13.1,23.7,16.8125,82.291667,8.5,173.25,672.0,3,38.19218,36.58929,35.94087,35.60086,36.69825,40.88182,45.21948,47.43787,21.1021,9.47675,11.36057,12.02197,12.50784,11.14414,15.97194,17.6838,29.31641,51.85234,56.55256,52.40546,51.45291,49.28899,44.42625,42.0,
2024-10-25,12.2,20.9,15.945833,81.25,7.466667,173.916667,670.0,4,48.77943,46.18627,43.86378,43.04264,45.55008,48.09645,50.62703,49.74792,22.71957,12.97181,11.71788,12.06209,12.21579,15.19162,14.99604,23.32288,30.8727,53.41853,55.01526,50.11054,49.94816,49.30838,46.0882,43.86163,
2024-10-26,11.8,20.9,16.4,81.583333,7.158333,149.958333,558.0,5,43.87266,42.26899,41.92342,41.3958,41.19326,42.0,44.03767,41.95107,30.89864,13.93,13.16556,12.34652,12.77842,13.56354,15.01574,31.09386,41.49501,53.11007,53.70139,50.58102,50.41335,50.10505,48.70512,43.58578,
2024-10-27,13.6,22.1,16.908333,87.25,9.5125,147.666667,638.0,6,40.47419,39.10426,38.37279,37.9645,37.96976,37.74673,37.60339,36.01112,19.66342,12.64,8.80047,7.92631,7.78002,7.84213,9.57988,13.18223,35.14508,40.69161,40.90011,39.57,39.29452,39.04133,35.23762,32.18776,
2024-10-28,15.6,19.5,17.541667,80.791667,13.645833,162.333333,619.0,0,30.4791,30.06519,30.00481,30.0007,30.0171,35.39302,38.62481,35.72188,15.7188,6.75509,2.43183,1.45471,1.13476,0.65406,0.30347,1.1277,14.93873,39.07913,40.15185,39.21453,39.13429,39.09679,37.36973,35.27748,
2024-10-29,11.4,19.5,15.720833,61.416667,17.729167,175.791667,658.0,1,40.3674,39.84279,40.02513,40.18934,40.50975,44.54546,52.05831,45.97751,19.96197,3.35215,1.56681,0.90694,0.97666,0.57101,0.76623,1.66855,15.10546,44.13288,45.27254,45.9124,45.81769,45.6612,46.00696,46.11975,
2024-10-30,11.0,21.2,15.6125,62.875,12.2375,160.125,591.0,2,58.08067,53.16048,51.90804,52.02,52.35886,59.09598,59.69945,59.44391,39.16486,24.41677,19.11717,16.02,15.0,16.93143,15.49953,17.76838,39.96983,53.41585,55.44697,56.67416,55.02569,55.13208,54.2623,53.01514,
2024-10-31,8.9,20.1,14.420833,66.166667,9.675,174.041667,655.0,3,40.61828,40.96252,40.47125,40.52227,43.67968,47.46643,49.21143,47.82474,24.62469,2.04002,0.91858,-1.81237,-2.2267,-3.14428,-4.72918,-2.37478,10.0272,43.55865,43.18328,43.11486,43.78792,43.20837,42.35352,39.31624,
2024-11-01,9.2,19.0,14.1,73.916667,10.866667,170.041667,652.0,4,40.79998,40.33615,38.67304,39.84374,42.45183,48.32949,52.23234,50.44861,30.51167,12.87764,11.1901,10.62,11.28425,10.25276,9.23436,11.01744,32.31,46.11161,47.04439,45.51913,45.19168,45.33508,45.70322,43.41529,
2024-11-02,11.1,18.9,14.841667,86.0,9.45,123.875,535.0,5,34.78793,34.44737,32.50689,31.61504,32.7958,34.57039,34.40289,31.64073,22.78177,7.88541,5.82362,4.56124,1.9275,-0.15068,0.0,-0.72353,11.87824,35.03034,35.44777,35.6824,35.29347,33.56174,32.68788,32.08057,
2024-11-03,12.5,22.6,17.288,51.48,24.544,159.76,644.0,6,32.64437,31.93202,32.42658,31.62,30.80046,31.67766,29.50976,8.61597,-1.9402,-3.29511,-3.68388,-4.07715,-2.91353,-2.97832,-2.13347,9.0,35.5378,36.32796,36.28425,36.70885,36.80948,36.56161,36.1952,32.29405,31.94177
2024-11-04,11.3,21.7,16.108333,45.375,11.1625,171.333333,647.0,0,39.29282,38.26903,35.68316,35.921,38.73338,43.75228,41.82574,25.10982,11.81647,12.79171,12.47696,12.64175,11.91626,11.89962,17.05532,31.61257,46.80217,53.41562,47.4348,47.30868,47.33242,46.65947,46.44406,43.26059,
2024-11-05,10.6,21.6,15.416667,57.833333,10.525,169.541667,643.0,1,37.6106,35.53595,35.15907,35.0,36.30861,42.06,41.92064,29.01738,10.81864,8.41353,8.35299,8.15456,7.13089,4.21219,8.31928,34.55352,42.28463,46.26432,41.1909,40.81844,40.29197,40.05544,38.10193,36.12,
2024-11-06,10.6,22.9,16.691667,35.5,8.416667,171.333333,645.0,2,38.00234,38.09533,37.96739,37.98117,38.97563,43.72165,45.17887,28.74996,4.15005,1.66097,0.87369,1.11761,0.0,-0.60725,1.40998,28.63952,44.94872,48.74395,45.67267,45.79219,45.53682,45.63407,44.61291,43.91404,
2024-11-07,9.2,20.4,14.4125,31.458333,11.4125,171.708333,652.0,3,42.56985,42.08716,42.25338,43.49473,49.64,50.3762,48.41514,31.46544,7.11776,6.43079,6.9063,6.94462,6.6894,5.16191,7.14304,37.43523,55.1073,55.72845,55.39557,55.40316,55.28758,55.3047,55.45516,54.97705,
2024-11-08,9.3,21.4,14.675,32.625,11.504167,169.666667,645.0,4,45.6619,47.80604,45.73472,45.72061,49.50645,54.38913,53.80118,29.61873,6.71928,6.44694,6.23117,5.67902,2.39377,0.92285,4.89405,32.68425,49.1152,49.91041,48.78359,48.82732,48.72524,48.65672,48.55728,47.64829,
2024-11-09,9.1,21.7,14.8,42.291667,9.758333,167.75,639.0,5,47.00773,45.68361,45.17666,41.15787,45.43106,45.49482,44.74691,26.93596,-0.23135,-0.85318,-0.88103,-0.87384,-1.15011,-1.7672,-0.41583,29.75095,47.02996,47.28669,46.62657,46.4625,46.63413,46.54159,46.05301,45.1562,
2024-11-10,8.3,21.4,13.995833,62.0,8.566667,157.375,627.0,6,37.02959,36.46049,35.26915,35.29824,35.14883,37.71065,37.4282,20.44081,-0.81964,-1.30791,-1.63155,-1.58552,-1.99681,-2.61246,-1.62582,32.02689,47.37359,47.73662,47.43753,47.34975,47.17992,47.2172,46.12721,37.78099,
2024-11-11,9.4,15.8,13.204167,90.208333,11.945833,133.708333,539.0,0,39.0,37.43198,35.33776,32.11115,36.0,39.32095,39.08159,26.27561,4.65157,3.17057,3.98533,3.99483,3.71089,3.40986,4.85333,30.81248,40.03687,39.58373,39.22506,39.19448,39.44214,39.00004,36.78998,34.70048,
2024-11-12,13.1,20.4,15.420833,46.541667,14.7875,164.333333,631.0,1,32.1204,31.40011,31.0,31.36887,34.27454,40.07096,41.21373,27.53731,3.99555,2.79141,2.44208,2.43361,2.29105,1.03812,2.61457,29.89767,47.51359,50.44767,47.49042,47.2284,47.27758,47.17068,46.7254,44.14585,
2024-11-13,9.9,23.2,15.8125,34.708333,6.783333,165.333333,634.0,2,44.05296,42.37315,42.50949,42.08142,44.21086,50.43108,50.93586,36.70512,10.09672,8.77964,7.94297,8.45803,5.44902,6.50986,6.90254,38.76439,56.58719,58.57874,55.85534,55.75231,55.72784,55.64005,52.82097,46.10357,
2024-11-14,9.1,20.6,14.604167,52.5,5.5875,161.375,622.0,3,42.05043,41.74694,41.83151,41.94548,47.14663,50.11079,49.5717,30.3438,5.47604,4.49256,4.36372,4.22582,4.02356,3.05174,4.44436,32.25089,49.16558,48.40147,46.83889,46.47967,46.29549,46.14783,45.81279,42.14458,
2024-11-15,11.4,15.8,13.595833,68.5,11.9625,150.625,592.0,4,39.94691,39.19466,39.1333,39.08129,40.05486,46.12485,46.04291,24.1783,2.63366,1.12626,0.30685,0.02281,-0.75805,-1.44442,0.45517,19.86606,47.59034,48.15965,47.35063,46.99975,46.83934,46.40765,45.91874,44.83204,
2024-11-16,9.1,17.4,13.279167,46.25,10.854167,160.0,620.0,5,37.17319,37.00838,36.93255,37.44275,39.02307,44.01843,44.10684,21.59563,1.11441,0.1453,-0.48357,-0.90997,-2.77386,-10.21,-7.39861,19.6241,50.55619,50.72376,50.61758,50.48224,50.26713,50.64455,50.40405,50.04015,
2024-11-17,7.3,18.5,12.825,45.5,7.545833,159.125,617.0,6,44.96135,44.44878,43.44966,42.55238,44.43083,44.20234,43.1944,26.22441,-3.39185,-4.34859,-4.31863,-4.32191,-5.19255,-5.00596,-4.30661,24.28,44.41807,46.23017,44.52521,44.78837,44.53351,44.00358,40.66178,37.77711,
2024-11-18,8.9,17.5,13.129167,63.208333,8.416667,154.875,603.0,0,33.10675,32.42866,31.29564,31.54676,34.91116,40.90164,41.6476,26.82,-4.80783,-6.04304,-6.4649,-6.60497,-6.47192,-7.57842,-6.44669,11.83919,42.38964,41.62549,43.15663,42.14416,42.4898,44.4583,41.89455,40.452,
2024-11-19,9.1,18.6,13.3625,54.708333,6.241667,149.958333,592.0,1,49.92826,49.33943,49.33455,49.2665,51.18672,59.17396,65.27019,43.51866,14.08186,6.45795,5.31857,3.29871,0.09516,-1.11521,3.05125,35.89507,62.90917,61.85212,61.35209,59.66196,61.36846,61.35323,59.76617,56.50815,
2024-11-20,7.2,20.6,13.479167,40.0,4.95,157.416667,612.0,2,47.18507,46.58506,46.0,46.0,49.01754,53.25959,55.72807,36.94776,8.21954,-0.50611,-3.23845,-4.07064,-5.7013,-6.90797,-2.88543,34.8838,54.3735,53.70429,52.85706,54.0714,54.89654,54.35288,50.82575,46.68674,
2024-11-21,7.2,20.1,13.491667,55.166667,3.804167,159.125,620.0,3,51.04265,49.82477,49.29714,49.06952,49.38683,54.12204,58.60575,40.14955,11.64913,2.10057,1.03203,-0.16998,-1.52742,-2.31491,-0.51007,38.11047,65.04793,63.13422,60.89874,61.74204,61.52812,61.13349,55.70856,49.54095,
2024-11-22,7.2,18.9,12.9125,69.666667,4.070833,153.958333,604.0,4,49.07577,48.4976,48.1934,48.06519,48.79552,55.52294,59.33849,46.33162,14.54074,10.60939,9.18947,5.88625,5.65881,3.28398,7.92241,43.92,59.43006,62.04033,58.26563,58.30563,58.84369,57.313,52.61588,49.54281,
2024-11-23,9.7,14.1,12.191667,90.833333,5.375,33.5,128.0,5,43.46128,42.57925,41.406,41.1815,41.35451,44.31432,47.25453,35.7303,9.45872,8.5002,9.16569,7.06,6.34849,6.88,8.21491,36.18772,47.09684,47.03324,47.00579,46.48955,46.3112,46.24761,45.07017,44.2572,
2024-11-24,11.8,15.8,13.675,89.458333,4.545833,121.125,515.0,6,44.53949,43.0699,39.09465,38.14694,39.13609,44.65139,44.44283,28.47469,5.29181,3.22139,3.08606,2.7095,0.94659,1.46043,3.11539,36.39085,53.68521,54.3862,54.81465,53.89793,53.61622,53.58251,52.06599,48.47005,
2024-11-25,10.2,18.9,14.116667,74.416667,4.2,94.666667,450.0,0,45.93633,45.81505,45.56147,45.75613,46.30241,51.98243,55.17432,51.2343,41.96571,40.52673,39.10302,37.51145,38.44198,37.72532,40.0,61.15726,65.77,66.35047,65.88377,65.93019,65.33784,64.28489,57.78799,51.35587,
2024-11-26,13.1,17.5,15.366667,80.625,3.779167,54.083333,231.0,1,47.57281,44.44,43.97106,44.12843,44.29059,49.6762,53.21342,50.56376,43.73579,42.81781,41.74396,39.142,38.6832,39.87637,41.83,51.99437,54.10774,54.93551,51.36107,54.37686,54.92627,52.48958,48.2003,44.21299,
2024-11-27,13.4,18.0,15.541667,94.5,4.745833,88.375,441.0,2,43.41105,41.77327,41.57632,41.56711,41.98991,45.94435,50.50127,51.60385,48.56803,41.51878,36.77354,32.01308,31.78574,32.38119,34.01555,48.31026,56.19223,60.55519,60.29514,57.35456,57.39823,57.37874,57.09304,55.06124,
2024-11-28,11.5,21.2,15.891667,51.958333,5.795833,140.083333,566.0,3,46.13138,46.87568,45.2266,45.19818,45.7263,47.80777,47.90183,42.77116,20.0,14.69285,14.2577,14.04271,8.06068,8.41995,15.0031,42.76358,50.68045,51.04885,50.86084,50.18826,50.20046,50.41377,49.9301,49.0808,
2024-11-29,10.6,22.0,15.6375,24.75,7.65,88.208333,371.0,4,46.18231,43.8561,43.26826,43.42189,44.82229,46.11676,46.50396,45.0,37.12793,34.82713,32.45538,30.68926,29.57236,32.90226,34.75,50.03808,51.67281,54.30687,52.72068,52.32141,51.58675,51.21861,50.55233,45.26194,
2024-11-30,10.9,23.7,15.85,27.291667,6.6,128.791667,562.0,5,49.46754,46.54296,44.80833,45.87499,48.68355,49.1865,49.02557,41.54056,30.84634,28.71472,28.52798,26.63378,25.45425,27.77672,31.01046,52.3131,57.26554,57.91943,59.15576,57.22665,56.95802,56.80233,56.70636,54.66251,
2024-12-01,9.9,20.1,14.65,55.583333,3.991667,141.666667,563.0,6,62.66061,61.52251,56.96297,55.0,55.0,56.05127,56.1923,45.18363,27.19686,22.73169,20.93664,20.87771,20.58667,20.39088,22.99488,50.98847,62.25252,63.09009,62.90694,61.65871,61.24652,61.52294,59.29906,58.04687,
2024-12-02,7.3,18.7,12.8625,63.083333,3.833333,132.75,535.0,0,62.20328,56.77534,56.35719,56.21803,58.26161,67.88508,68.73397,63.48467,38.11041,30.97967,29.28458,28.70942,28.5,30.03224,33.8112,53.82301,64.89825,69.01145,66.14509,65.77659,65.98268,65.88095,64.68748,61.62528,
2024-12-03,9.8,18.0,12.870833,82.0,4.120833,118.083333,502.0,1,50.05472,47.17557,46.58568,46.52651,47.2661,55.5657,61.90425,55.80781,40.40233,36.13476,35.73671,35.12609,32.86729,32.81105,35.71895,49.63165,61.93442,63.59444,62.76385,62.56064,62.04641,60.82548,56.61443,53.25233,
2024-12-04,10.6,16.5,12.616667,88.25,3.854167,114.25,526.0,2,46.21234,44.45121,43.89256,43.79764,45.26472,52.0,55.81411,51.33723,37.41505,26.51832,25.59153,24.6366,23.61807,20.1119,25.70653,47.36936,56.50951,58.89539,56.7637,56.1766,55.80542,55.82071,54.1916,52.47017,
2024-12-05,8.3,18.8,12.0375,81.125,4.6375,134.458333,563.0,3,49.30784,45.49272,44.30969,44.1961,47.91762,51.47049,53.05113,48.76367,29.96404,25.33905,22.75418,22.52324,19.84067,19.77123,24.1618,46.44302,56.01479,56.35941,54.86425,54.62289,54.42095,54.67305,53.02971,51.53272,
2024-12-06,7.6,18.1,12.558333,70.25,5.1875,140.083333,562.0,4,48.91757,45.29151,44.68068,44.4762,45.24406,54.08225,55.82956,46.98156,26.4631,18.9843,18.19087,17.3687,17.28512,17.35789,18.66,46.19067,56.7137,57.48518,56.33434,55.75094,56.18801,55.87412,55.401,53.42971,
2024-12-07,8.5,22.6,14.55,49.625,5.7,142.791667,570.0,5,47.15065,46.4387,44.03926,43.62917,43.93062,47.0681,47.13951,42.37504,13.4061,10.67146,10.25747,9.65324,8.47143,7.31601,12.77343,39.68141,48.504,50.05759,48.62528,48.14593,47.59783,46.90931,46.54276,46.27624,
2024-12-08,7.6,18.4,12.6625,74.541667,4.529167,126.375,512.0,6,43.82191,43.43531,42.71197,40.86145,40.45577,42.47181,42.58538,31.85,18.7005,17.99797,18.05505,16.23691,17.60147,18.40841,22.03879,40.57903,46.73312,47.66417,47.01293,46.73399,46.6809,46.52173,45.47009,44.60951,
2024-12-09,10.4,17.1,12.504167,85.041667,5.108333,116.75,531.0,0,40.46799,40.59411,40.5026,40.71097,42.24415,48.37716,52.43664,47.69503,25.30268,21.15234,18.65568,18.47618,18.32124,16.02,18.64484,44.93027,55.1117,56.51191,54.76655,54.61585,54.48584,54.52775,53.7466,51.12968,
2024-12-10,6.4,19.5,12.35,39.333333,5.758333,145.875,582.0,1,44.04136,44.23198,43.84673,43.74136,46.57566,52.422,52.61457,49.79206,29.76283,18.20087,16.47879,15.37054,15.04541,14.29505,16.02,44.1424,59.60368,62.52948,60.16648,60.2268,59.60602,59.4,57.58138,55.46658,
2024-12-11,7.7,20.1,12.445833,28.916667,7.416667,102.291667,404.0,2,49.79017,48.88088,48.62206,49.23907,51.51987,59.97455,60.02673,51.82184,37.35613,35.38451,34.54871,34.56278,33.1472,32.5062,34.29753,47.59614,59.63361,60.6698,60.76799,59.80787,60.07005,59.44943,57.75475,53.73261,
2024-12-12,5.2,14.3,10.129167,57.625,3.879167,83.333333,393.0,3,49.71226,47.60968,47.69434,47.44128,48.01345,56.64188,59.16188,55.68924,45.4908,41.75844,40.0701,36.22975,25.35887,19.43876,20.89385,39.51744,51.73283,52.02469,52.41152,52.70841,52.43465,51.84372,50.24,46.35987,
2024-12-13,7.2,16.6,11.441667,83.083333,5.0125,129.083333,532.0,4,42.26634,42.0093,42.15316,42.20394,43.03385,49.63044,52.12688,49.45484,31.21762,22.30163,21.21152,21.0437,17.34957,16.72898,21.43,40.2115,53.9191,55.03755,54.22687,53.79573,53.63764,53.08087,51.83663,51.30314,
2024-12-14,7.7,16.5,12.133333,80.458333,4.35,108.666667,528.0,5,48.85826,46.05351,43.85731,43.29909,45.32345,49.85749,50.11658,48.48862,37.0685,30.72853,30.42807,29.29,24.34646,19.67252,21.23221,37.47065,47.37524,47.89809,47.47841,47.17953,46.68876,46.59171,45.87173,42.9012,
2024-12-15,7.1,17.5,11.579167,75.875,5.566667,128.25,541.0,6,37.64755,36.73092,36.14163,35.89182,36.89465,37.40283,39.43105,39.0514,10.10507,0.86003,-1.00412,-1.40204,-2.88155,-2.50267,0.61353,22.9383,50.30295,50.78217,50.82332,50.43799,50.11485,50.30211,49.53411,48.23118,
2024-12-16,7.4,17.8,11.683333,57.333333,4.575,135.625,551.0,0,46.95348,45.92686,46.86995,46.87587,48.15304,56.34967,58.65018,55.95885,46.39776,38.41862,38.25777,37.92152,35.329,32.72686,37.39313,47.40403,55.24898,56.14783,55.31779,54.70602,54.34915,54.11652,51.01491,44.85118,
2024-12-17,8.1,22.4,13.7125,54.083333,5.766667,131.416667,533.0,1,42.82532,41.40022,41.32718,41.40901,41.85371,49.50181,52.72505,48.6806,35.09063,30.91402,29.36057,28.3205,18.97241,15.0,21.83842,38.4033,52.53928,52.33647,51.50701,50.44153,51.46084,51.21753,50.39764,48.56121,
2024-12-18,11.9,25.9,17.675,25.791667,4.925,135.291667,543.0,2,48.76318,43.15552,43.09652,43.0,44.86874,50.24547,53.17827,49.12331,34.91802,28.32239,28.18818,27.44277,26.34128,23.07516,26.99496,44.56383,49.57637,49.93959,49.28067,49.37648,49.5725,49.23135,48.66511,47.57082,
2024-12-19,11.1,23.2,15.845833,42.583333,5.3,129.583333,507.0,3,41.21967,41.03612,41.31511,41.34729,41.98363,48.10983,51.82138,48.50733,39.05008,37.42719,34.83913,34.62705,35.91491,35.26512,37.65394,48.19341,53.80668,54.54765,52.90106,52.51205,53.08411,52.50468,51.5242,48.5965,
2024-12-20,10.0,16.5,12.004167,85.0,3.645833,114.458333,505.0,4,45.98188,44.34776,41.83327,41.98838,47.0362,49.31863,50.70147,49.26319,31.41568,29.02982,28.82743,27.41713,27.90604,27.33235,29.15689,39.09002,48.71485,49.54379,48.14162,47.75765,47.55962,47.54608,46.97761,45.00538,
2024-12-21,9.1,15.1,12.1,88.791667,5.120833,117.958333,472.0,5,42.72635,42.61429,40.67993,39.88912,42.65663,43.5006,43.4131,41.74117,29.50823,22.98061,22.10149,21.96903,20.25098,18.70968,22.09431,29.5278,44.89716,45.50015,44.78415,44.5159,44.27425,44.36226,44.29449,43.75478,
2024-12-22,9.2,17.8,12.916667,85.333333,4.0375,105.75,489.0,6,37.66603,37.30895,36.97263,35.44436,37.31392,37.45704,38.57,36.61358,31.19155,20.27328,19.52689,18.0453,14.79319,16.2121,20.23796,32.05353,44.44653,44.41535,44.41164,44.23491,44.00873,43.73808,40.39034,38.33771,
2024-12-23,11.6,17.0,13.266667,86.791667,4.629167,98.208333,492.0,0,36.54019,36.49593,36.70598,37.83066,40.87176,43.52792,48.32671,45.19008,34.90132,31.16557,30.0,29.6631,29.67119,28.98606,30.14626,38.28557,49.60561,51.23978,50.59349,50.02766,49.8074,48.90245,48.57821,47.79094,
2024-12-24,11.6,16.5,13.6125,86.416667,6.033333,56.75,308.0,1,43.12879,42.37757,39.89642,39.47665,42.65637,46.16819,46.15916,45.68157,38.22643,34.38542,32.3214,31.97373,30.98858,29.78689,29.55092,32.92733,42.73986,43.07592,42.46172,42.46057,42.59423,42.43635,42.21123,41.85394,
2024-12-25,9.7,16.5,13.154167,59.958333,9.458333,129.541667,526.0,2,36.01338,35.11113,33.36976,33.59139,35.76836,38.06137,40.35508,34.61629,15.23767,10.12818,9.56038,8.16,5.84342,6.09735,9.3619,22.83767,41.58513,41.98317,41.66851,40.99451,41.18894,41.67179,41.63812,40.90113,
2024-12-26,8.8,18.4,12.720833,63.458333,4.875,122.75,536.0,3,39.5792,36.71803,35.55286,35.3865,36.94707,40.92419,41.48836,41.14508,38.56927,32.37047,29.55578,28.1665,26.19705,18.94912,23.22459,30.45594,45.34779,45.71788,45.62044,45.565,45.33366,45.2655,44.07731,40.91933,
2024-12-27,9.8,15.9,12.266667,89.75,5.295833,44.916667,178.0,4,33.33089,31.24974,31.5838,31.32984,33.22997,35.76383,35.7507,35.36917,31.70696,28.67,28.09388,27.66293,27.48303,25.77291,27.5881,29.10054,38.75147,38.68102,38.82506,38.86049,38.98486,38.91601,38.24349,36.18317,
2024-12-28,10.0,16.0,12.191667,88.75,5.166667,97.291667,451.0,5,31.99998,32.21046,31.35492,30.17012,33.63866,34.24441,34.20711,31.48889,23.56179,22.89856,23.33322,23.29852,22.29628,20.83589,23.36182,26.72593,36.54779,37.50848,36.797,36.63384,36.53966,36.45373,35.89206,35.96941,
2024-12-29,9.1,13.7,11.270833,90.833333,4.325,109.541667,504.0,6,32.85419,30.62811,31.10673,31.64038,33.14129,34.72319,34.34364,31.10485,12.73374,2.38314,1.81746,1.60711,0.7328,-1.38799,0.80402,12.99278,35.27612,35.86418,35.5207,35.47297,35.49594,35.19691,34.19054,33.39853,
2024-12-30,9.9,16.1,11.8625,88.291667,5.491667,115.083333,515.0,0,29.73379,28.57735,28.47233,28.89527,31.25,35.02765,37.15069,35.03169,25.17641,22.6212,22.2314,21.34699,21.40099,20.46088,21.64558,31.52506,43.44089,44.21437,44.82167,43.58844,43.45223,41.64116,41.5484,39.83,
2024-12-31,7.8,16.5,11.354167,87.916667,4.1875,102.458333,462.0,1,41.59534,44.56335,41.75464,41.40638,44.07987,48.64547,51.3279,50.14527,39.13371,32.80044,32.23749,32.18233,29.99413,29.11225,33.28485,39.73999,51.63201,53.91716,51.54655,51.32403,51.57697,50.44737,50.0,49.9701,
2025-01-01,6.3,15.8,10.941667,79.416667,4.354167,131.791667,538.0,2,41.35992,41.38941,41.17314,40.83716,41.51501,41.66169,42.02276,38.48371,26.36094,22.95627,22.50321,21.37186,19.94409,19.95329,21.23309,31.87551,44.57175,45.86494,45.62168,45.49087,45.42899,45.3783,44.71941,42.05664,
2025-01-02,5.9,21.9,12.608333,55.166667,4.070833,141.5,562.0,3,41.56954,40.65756,39.94135,39.98044,42.25891,46.55781,52.05364,47.42807,31.5135,27.13704,27.24743,27.58687,26.10476,25.23852,26.30279,33.18,46.148,46.543,46.31259,46.0084,45.79421,45.26134,44.75433,42.85205,
2025-01-03,7.8,16.9,12.141667,80.958333,4.404167,110.416667,497.0,4,44.72065,42.31206,42.26325,42.37899,44.03586,47.85216,50.65723,51.61281,44.90479,40.78728,37.37201,36.94219,34.5681,33.94147,34.36823,40.72501,46.12568,46.30152,43.98957,42.87562,41.55076,40.45679,38.17572,37.07841,
2025-01-04,8.9,16.5,12.354167,72.5,5.254167,129.208333,529.0,5,38.44694,37.99584,37.37963,36.16164,38.19069,38.68902,39.46,38.63435,17.55074,9.56564,7.90987,7.53591,6.83087,6.30351,9.40175,23.92073,41.18981,45.24486,44.44427,44.68457,44.28024,44.10792,43.22987,43.17414,
2025-01-05,8.8,21.9,13.95,42.75,5.791667,138.0,547.0,6,41.5467,41.37937,40.61402,40.22189,41.77792,41.82044,43.285,40.07282,20.7105,7.0,5.52764,4.83713,3.15512,0.93233,5.0208,20.39885,44.4233,46.52151,46.87011,45.63335,45.38959,44.95082,44.68353,43.61399,
2025-01-06,8.4,20.6,14.4375,42.0,4.708333,141.791667,563.0,0,43.2671,42.7256,42.69798,41.59101,44.16976,47.28942,49.03,48.71193,28.4364,16.74581,14.92796,14.05859,12.51915,8.25097,7.9,20.5084,42.28787,43.02606,43.23685,42.74889,41.97044,43.05998,40.05246,29.0,
2025-01-07,10.4,22.0,16.216667,38.666667,9.8375,130.083333,535.0,1,46.48752,46.98131,45.55938,46.29,47.94456,52.87823,56.4986,53.58539,30.33294,18.7774,16.02,14.67497,11.53349,7.09269,7.5015,21.0126,47.20621,47.80905,52.45208,50.91302,49.65793,49.67185,49.40201,49.14094,
2025-01-08,13.9,22.4,17.429167,12.666667,17.041667,139.333333,570.0,2,42.85194,42.15459,41.94999,42.00952,43.13926,48.0765,51.95649,51.84912,35.25666,24.39431,20.24376,19.28636,16.58959,13.8031,16.32455,31.54545,49.06066,51.67558,51.26311,51.11683,50.7703,50.24172,49.06344,45.45813,
2025-01-09,7.4,20.8,14.033333,18.083333,5.083333,148.416667,583.0,3,46.95684,45.70908,45.51749,45.41328,46.98516,50.2998,58.10832,55.55131,37.72309,22.00912,20.28992,19.99964,17.28611,15.68385,17.37154,32.64797,48.32642,49.92441,49.07989,48.88929,48.92261,47.97683,47.53812,47.8302,
2025-01-10,7.6,20.0,13.225,30.916667,5.104167,146.833333,576.0,4,42.48747,42.06126,42.26251,42.64117,43.01454,43.90906,46.06851,43.20165,23.49291,12.47722,10.89315,10.7,9.97092,7.84,8.7844,17.74029,38.77999,43.84441,42.69698,39.95839,39.77587,39.93169,40.74915,40.07126,
2025-01-11,8.4,19.2,13.0625,33.458333,7.358333,148.083333,581.0,5,39.72234,38.82413,40.0036,39.67167,40.07784,40.15545,42.64443,39.82864,10.40004,-0.73514,-0.65359,-0.1836,-1.71467,-2.56277,-1.15787,9.17794,42.74068,48.1136,48.20647,47.53665,46.90876,47.44329,47.35541,46.72382,
2025-01-12,7.5,19.1,12.879167,26.583333,5.079167,151.25,591.0,6,52.47534,50.58239,50.38414,50.34934,52.18716,52.79308,53.20242,49.2,18.47313,-1.55688,-2.43514,-3.48779,-3.77958,-4.66311,-3.33743,16.01401,52.95502,55.95162,55.60848,54.87899,54.7677,54.65171,54.3337,52.57646,
2025-01-13,6.4,18.5,11.954167,20.791667,5.258333,151.208333,590.0,0,54.71469,52.32362,51.71411,51.02181,52.49654,57.26595,57.44482,50.17153,33.87,15.0,8.27449,3.75439,-10.0,-10.0,3.11174,21.8008,50.8039,57.8,57.97682,58.04468,56.16874,56.79214,54.08655,52.05272,
2025-01-14,6.2,17.9,11.4625,25.416667,6.079167,151.375,591.0,1,59.15,55.77209,54.27864,54.38491,56.05395,60.44885,67.5766,64.04349,36.29979,18.44819,11.22,11.7,6.81554,0.77409,3.07386,28.38229,59.22836,65.01641,63.81229,63.43691,62.50848,62.09788,60.30782,58.39808,
2025-01-15,6.4,21.0,12.8875,26.791667,5.595833,152.791667,595.0,2,54.29864,51.35742,50.96544,50.73116,53.62122,56.82531,65.36994,62.97737,35.98408,14.20123,7.65907,4.84693,1.42415,-3.13294,0.52955,24.1757,58.73188,63.96648,62.82364,61.73322,61.62,61.21487,55.97793,55.26575,
2025-01-16,6.7,18.4,11.983333,42.083333,6.466667,153.5,598.0,3,48.57592,47.98581,48.05101,48.04266,51.14324,55.3267,61.5791,58.37598,32.03248,11.55595,8.05808,8.4743,5.48637,3.83686,4.82438,24.68675,53.01018,56.25179,55.67448,54.60114,52.51678,52.39791,50.82,48.85919,
2025-01-17,6.9,15.4,10.983333,81.5,6.529167,131.833333,539.0,4,46.16544,45.26151,43.90906,43.7613,45.39422,49.54601,52.16882,49.74026,21.62484,-1.56139,-4.85217,-4.90443,-5.26684,-10.42514,-10.73098,-2.53177,48.98505,55.00535,53.23584,53.45039,53.00613,53.47904,52.80337,51.36394,
2025-01-18,7.7,15.8,11.354167,79.375,5.925,149.666667,584.0,5,71.09178,71.38278,66.8557,68.48855,71.86462,76.14401,79.23254,68.91063,36.1316,12.58674,9.48668,9.09645,8.10303,-0.58351,0.20824,19.74478,70.88292,76.19958,76.5344,76.39759,76.26794,76.01866,76.20214,75.93412,
2025-01-19,6.6,14.4,10.316667,87.166667,4.995833,135.458333,564.0,6,68.65868,68.45,67.81003,67.35998,68.4947,69.00815,71.00037,64.41227,36.47489,5.47893,-0.19367,-0.31627,-1.76241,-5.12317,-4.08564,6.94745,59.1129,70.06914,70.28035,70.0653,70.15954,69.88023,66.47693,63.76834,
2025-01-20,7.2,19.8,12.9125,50.583333,5.695833,157.25,611.0,0,68.66,70.4187,70.55727,72.26653,72.88187,80.53017,85.0,80.08642,44.94732,28.50916,18.38428,17.86279,13.47956,1.92,10.26539,24.5669,68.57194,76.56856,77.24802,75.49587,74.62529,74.83626,73.31751,72.13231,
2025-01-21,5.7,20.4,12.891667,13.166667,6.870833,165.458333,637.0,1,77.31312,75.49996,74.55906,74.92806,74.73613,86.6812,90.53346,81.67728,50.74705,32.62737,26.53027,28.65337,26.08889,20.24174,24.84816,40.93039,76.391,81.02139,78.59986,78.16353,78.48975,78.08628,78.41009,77.3045,
2025-01-22,8.2,22.0,14.616667,12.916667,6.379167,148.5,584.0,2,57.22462,55.95585,54.99641,54.88505,58.77804,62.25749,70.0,63.52241,38.00289,25.0,19.39082,21.03289,18.04185,14.25255,14.13619,29.76786,54.87501,57.73716,59.23069,56.58748,56.28447,56.28226,55.75944,54.91649,
2025-01-23,9.0,22.4,15.808333,9.375,5.970833,165.958333,635.0,3,58.05071,55.7976,55.39597,54.93776,55.2187,60.50016,66.38508,60.07973,35.32747,16.97954,13.27791,12.37368,10.10898,5.54898,7.87391,25.12597,54.15654,60.40326,60.44761,59.77448,57.88166,57.45111,56.1369,55.01127,
2025-01-24,8.8,21.6,13.9,20.166667,6.5875,166.0,639.0,4,50.29466,49.46822,49.53645,49.65347,50.76411,58.29078,62.90664,55.46863,32.13295,18.62,16.02,15.92815,13.47434,12.41899,13.57115,30.41055,52.41876,57.08077,55.90335,55.67333,55.62665,55.62875,54.70502,52.49337,
2025-01-25,8.4,15.5,11.854167,63.583333,10.216667,112.208333,428.0,5,42.80727,46.30565,44.95771,44.2687,44.71397,45.86441,49.94308,50.29702,40.51159,30.7653,25.8115,21.70707,16.64613,13.99961,16.71885,28.28454,46.47417,50.47202,51.15001,50.82316,50.97251,50.80485,52.34461,49.66968,
2025-01-26,8.1,12.6,9.866667,84.541667,8.775,72.833333,297.0,6,51.71417,51.00987,49.31813,48.02212,49.8971,51.84742,53.73529,50.83195,43.71521,40.62,35.83986,33.88088,30.27073,28.79808,33.8099,45.25596,55.63009,60.07022,59.24207,59.19166,59.51409,59.10863,54.73112,49.77,
2025-01-27,6.2,12.7,9.645833,80.0,6.2375,141.5,560.0,0,54.00385,53.78125,53.42071,53.43345,57.93665,63.42905,64.49378,67.63118,55.83213,46.28219,41.29355,38.31597,35.8139,31.31443,34.02615,41.70068,58.44392,60.35178,64.15878,63.81129,64.30034,63.68135,64.2423,63.03645,
2025-01-28,6.2,14.4,9.8,84.416667,7.029167,159.625,620.0,1,58.51758,57.38083,57.208,57.23999,64.32576,70.2668,75.29357,71.64797,42.31597,31.81623,23.90319,20.5767,19.21741,15.62707,16.89463,30.14732,51.49397,61.55241,61.42428,60.46117,60.16128,59.69054,59.00527,53.74239,
2025-01-29,5.9,14.1,10.070833,84.291667,5.8125,160.0,603.0,2,47.32706,46.2501,46.60847,47.16304,51.15144,59.48033,62.93432,60.82219,35.1255,19.89144,13.90178,13.53401,7.47909,4.48496,2.81432,16.06,45.26633,57.12908,56.16038,54.5705,54.58739,53.93936,52.40636,48.0,
2025-01-30,7.8,13.1,10.408333,84.75,5.429167,84.5,360.0,3,40.93854,40.19992,40.01163,39.81182,42.12814,48.08,58.09329,55.28665,28.16,12.00801,4.17147,4.21344,0.14396,-1.85985,-1.6892,12.64636,45.47906,57.22768,56.51532,54.64656,54.47121,54.66357,53.54704,47.54447,
2025-01-31,4.8,13.9,9.725,85.208333,4.983333,161.541667,626.0,4,44.70187,43.17639,43.13462,43.20948,44.30417,52.23844,58.16472,54.28745,31.01058,18.52167,12.97709,12.78532,11.0,5.0,7.72257,15.98971,46.50489,51.39418,47.22456,45.40432,44.21352,44.35366,43.65346,42.86842,
2025-02-01,7.1,17.1,11.720833,79.083333,5.125,162.291667,619.0,5,40.23922,38.798,38.09259,37.56652,36.7991,38.0195,45.50081,40.13189,22.14018,9.78,2.93405,1.39868,-2.43695,-4.94768,-1.90459,5.4105,37.17637,48.48044,44.43611,44.52045,44.52937,44.54141,42.36009,38.89815,
2025-02-02,10.6,18.9,13.095833,85.625,5.445833,157.0,634.0,6,40.97175,40.40532,40.23839,38.73186,38.26226,40.12092,43.42774,40.27523,12.84454,-3.72374,-5.52214,-5.58908,-5.42441,-6.8,-5.6071,-0.27885,38.28564,47.31491,46.28615,45.3759,45.49892,44.89415,43.13791,42.76464,
2025-02-03,8.8,14.6,12.191667,89.166667,4.720833,136.5,546.0,0,38.0172,37.63227,37.86926,37.8766,37.61721,41.21107,55.34401,44.76414,24.88515,13.9655,12.76172,11.02767,11.09649,11.39921,11.50254,18.21999,45.57053,51.28833,51.11258,50.19483,50.33019,49.34512,42.97764,42.35877,
2025-02-04,9.1,16.2,12.925,81.833333,6.2,138.875,556.0,1,51.24886,46.62262,44.0,43.27224,44.87855,51.94541,59.33821,49.57169,20.78261,8.13865,0.99555,-0.52275,-1.64142,-1.67275,-0.67801,10.41206,47.31899,56.20312,55.09039,54.23478,54.42,52.97592,52.07818,47.76545,
2025-02-05,12.1,15.5,13.791667,86.5,8.375,39.375,151.0,2,40.23717,37.65699,37.55242,37.63605,38.82853,47.6008,53.83104,45.87655,21.23031,13.15213,8.3147,3.41068,1.75149,-4.86674,-6.61069,2.62396,38.88825,49.70541,50.83042,50.62243,51.68258,51.72259,50.3881,46.68414,
2025-02-06,13.5,17.5,14.725,89.333333,8.3875,106.416667,600.0,3,43.71835,41.9733,41.78546,41.72317,43.60325,49.87399,57.79511,48.40558,17.74646,1.12335,-4.08349,-5.09281,-4.7,-6.96278,-5.99168,-0.3827,41.47509,52.48941,52.43024,52.95255,54.01718,52.73114,46.97839,44.02551,
2025-02-07,10.6,15.1,13.704167,91.375,7.941667,133.75,647.0,4,41.97782,41.7919,41.38145,41.63154,45.72299,48.94071,54.21804,49.49089,22.11965,7.65069,0.30437,-3.26144,-4.27896,-5.61946,-5.93256,-0.27268,35.45273,48.32417,48.05088,45.92913,45.83036,45.36022,45.09039,41.43717,
2025-02-08,8.7,14.6,11.204167,85.541667,5.341667,170.916667,676.0,5,39.73875,39.74999,38.93,38.43365,39.84317,40.06513,46.59079,31.32539,-0.81323,-16.27618,-19.64893,-20.03287,-21.40346,-21.07518,-20.90917,-15.44582,27.60944,45.71358,48.11601,47.74985,47.75499,47.47485,47.41931,46.75403,
2025-02-09,7.1,17.5,11.4375,72.041667,5.395833,174.416667,682.0,6,46.61417,45.78067,42.61334,41.92241,46.72267,51.14392,53.28473,44.68346,11.39311,-2.77954,-7.55617,-8.88746,-9.80693,-9.11801,-6.01959,1.25192,43.5453,55.77738,56.71069,55.10293,54.74174,54.42135,53.42739,50.768,
2025-02-10,8.2,15.5,11.2625,82.0,7.029167,151.291667,579.0,0,51.25506,50.2,48.68226,48.82038,54.35465,58.93661,64.63745,51.19283,13.69454,-0.76874,-6.90225,-7.26,-8.25442,-7.64332,-8.82737,-4.12134,36.82724,50.05093,50.58679,49.53568,49.57966,50.35727,50.75231,47.25511,
2025-02-11,7.8,14.4,10.966667,74.708333,7.55,177.791667,661.0,1,44.12902,43.81195,43.77906,43.82491,47.73135,53.55712,55.01,41.92675,0.38887,-7.61,-11.27879,-11.44135,-12.97629,-12.5576,-15.39,-9.56052,27.99987,51.47622,51.5343,50.39021,50.21095,50.37212,49.98845,46.27498,
2025-02-12,9.8,12.1,11.220833,86.375,8.945833,34.291667,122.0,2,45.84104,45.01296,45.27349,45.20272,45.43564,51.64034,58.48861,56.04245,49.53412,45.5871,42.23857,41.56969,40.10316,41.49057,43.39217,46.21619,68.46108,66.3067,67.17748,64.96341,63.91192,62.11694,57.01,50.51435,
2025-02-13,12.2,14.9,13.641667,94.666667,17.295833,29.041667,161.0,3,44.88137,44.63277,44.40916,44.30268,44.52092,46.37347,57.76867,63.10133,56.00238,50.81751,45.90239,44.59003,43.47975,42.21186,42.60444,45.0762,55.01644,60.55529,60.91347,57.62419,54.24052,51.24027,47.88573,46.63936,
2025-02-14,11.4,14.4,13.025,83.333333,15.7875,180.916667,689.0,4,43.63946,41.72554,41.15249,41.01042,42.15753,46.01919,57.03579,48.46226,32.43123,17.05801,10.41536,6.9603,3.5739,1.36665,1.8,9.88334,38.78678,51.02178,50.18996,49.53376,47.85063,47.26345,49.0951,42.82601,
2025-02-15,7.8,16.7,12.058333,76.791667,8.195833,192.166667,697.0,5,44.37923,44.09121,43.70894,44.69109,45.01628,47.66623,55.45974,41.20275,15.87856,-1.30476,-2.80973,-4.41117,-7.66588,-8.69143,-4.59763,5.49759,46.29025,56.42409,56.57502,56.30618,55.90339,55.03727,53.93143,50.72381,
2025-02-16,8.4,18.0,12.608333,75.625,4.85,162.333333,571.0,6,51.20625,51.10429,50.30435,49.45531,48.85291,50.5188,53.26258,45.28679,20.84434,-1.80514,-3.36202,-4.23305,-5.35648,-5.90943,-5.07829,0.0,43.55517,54.82199,57.14071,53.10032,52.02603,50.67312,45.46728,44.67259,
2025-02-17,8.2,17.2,12.1875,83.125,5.195833,195.666667,721.0,0,39.68897,40.75994,39.59262,39.91372,45.55536,45.95234,53.73303,42.73352,16.22477,-4.32,-6.20572,-9.10173,-10.79676,-11.82708,-11.20806,-5.83117,35.50874,53.46754,55.1901,54.23594,52.85588,51.64272,46.89682,45.10757,
2025-02-18,10.2,16.9,12.3,87.875,5.9625,183.958333,715.0,1,42.3256,42.7177,42.13301,42.45076,48.45971,49.24574,60.92895,48.57386,14.60025,-2.06976,-4.98133,-5.23739,-5.68024,-7.4254,-7.83496,-2.89936,44.84304,62.81558,64.62073,62.91849,60.81092,60.29335,59.75201,53.20822,
2025-02-19,8.9,18.0,12.445833,80.166667,5.0625,188.166667,705.0,2,50.9878,46.72917,46.02917,46.11139,51.52673,53.55843,63.96313,55.53773,20.78885,0.20465,-3.93462,-4.456,-5.13616,-7.52736,-9.06348,-4.49053,37.92332,57.81946,58.68399,54.35405,52.85612,52.07251,46.16188,44.01323,
2025-02-20,8.4,20.4,13.45,80.125,6.220833,202.291667,741.0,3,45.75359,42.59773,42.46446,42.63322,45.42004,52.29782,61.55403,49.23541,22.62493,2.48046,-2.5156,-3.39346,-4.47377,-5.99762,-6.02879,-2.24906,39.56065,65.18339,66.08388,61.87906,61.56853,61.61784,56.932,55.17468,
2025-02-21,9.6,21.0,14.233333,67.125,6.766667,205.291667,742.0,4,48.45935,46.26539,45.48716,45.90783,46.65051,54.02646,64.16898,44.97432,5.0,-4.42422,-8.36472,-8.83,-9.82973,-10.44973,-9.74952,-5.7128,39.75241,56.05806,58.25861,55.10403,54.09137,54.40134,54.23574,50.03726,
2025-02-22,9.6,22.5,14.758333,57.666667,6.175,211.083333,753.0,5,45.17322,44.71092,44.47719,43.54397,45.93044,46.83324,50.08008,33.13552,-5.66231,-17.06148,-20.13076,-21.13856,-21.56945,-21.63578,-23.70235,-20.05719,16.18384,50.65944,51.81432,47.83743,46.42274,46.78202,47.40652,43.21627,
2025-02-23,10.5,22.5,15.258333,56.833333,6.004167,213.666667,759.0,6,36.02419,35.97695,35.89616,35.94766,38.01223,41.85101,40.51938,20.48696,-14.8292,-26.84307,-28.0,-28.00381,-30.0,-32.32942,-32.60276,-27.7977,-1.79833,39.97379,41.13637,39.4523,39.39836,39.39222,38.19416,36.6727,
2025-02-24,11.4,19.5,14.829167,68.041667,4.845833,212.25,750.0,0,40.0159,40.60786,40.35502,43.80885,46.7554,46.5128,50.43277,31.71528,-3.39274,-16.14809,-17.7408,-19.23247,-20.16073,-21.29267,-21.35138,-17.24517,6.37617,43.55769,48.24375,44.33389,42.74696,42.12,39.20681,35.40135,
2025-02-25,9.9,18.7,14.120833,76.625,4.791667,213.666667,768.0,1,30.54733,30.49616,30.63532,30.72197,33.29359,41.17627,47.17174,25.14379,-7.38718,-14.6207,-18.0,-15.04285,-15.0,-18.2756,-18.54,-10.36964,9.38143,42.88606,42.50094,41.93646,41.49026,41.51185,41.49264,40.74329,
2025-02-26,9.4,22.3,14.891667,71.375,5.120833,222.625,782.0,2,41.31567,41.31832,41.14578,41.65632,45.78512,49.48398,53.07654,33.63825,-3.19501,-7.39859,-9.7996,-10.72481,-12.05047,-11.88861,-11.20182,-2.12187,29.61284,54.04697,56.58637,52.61762,49.49167,48.29589,48.03306,46.74524,
2025-02-27,11.8,25.5,18.025,43.75,7.975,192.0,685.0,3,44.08442,43.78593,43.64066,43.70831,45.24446,50.75534,56.09768,36.22169,-1.27245,-5.80302,-7.94269,-7.21859,-8.40913,-8.28479,-7.1862,0.67851,35.47696,53.90895,58.52826,53.46983,53.03769,52.87927,47.95586,46.09047,
2025-02-28,12.4,20.7,15.095833,61.833333,7.079167,213.333333,763.0,4,41.49969,41.76248,39.89381,41.64167,43.2498,47.29276,54.58486,35.14313,4.87337,-3.01998,-4.82536,-4.66484,-5.93892,-6.66708,-5.96303,-0.42129,31.83307,51.78153,53.85512,48.64576,47.88522,47.82202,45.33872,42.51192,
2025-03-01,10.8,16.1,13.483333,83.291667,6.091667,174.083333,692.0,5,48.69806,45.74544,43.59025,39.23307,37.66183,44.71915,46.63988,29.20008,4.25965,-7.71082,-11.67622,-11.30068,-12.45573,-12.484,-13.00805,-8.58555,18.55871,43.97578,46.22206,43.73863,42.47984,42.93429,40.88556,40.10674,
2025-03-02,11.1,14.9,12.716667,76.791667,15.566667,214.25,783.0,6,38.8354,38.37468,38.29385,36.08873,36.56904,43.60247,43.99373,13.10756,0.4843,-6.00957,-10.98,-10.64523,-11.60956,-13.37674,-11.46852,-6.92428,25.20299,44.5225,46.71252,44.88247,44.37941,44.4318,43.89757,41.43003,
2025-03-03,8.6,16.5,12.7625,56.583333,10.4625,224.166667,795.0,0,35.21466,35.08316,34.96628,35.15216,35.85913,40.0,48.6004,33.15347,6.64065,-5.67904,-8.5786,-7.62597,-8.5235,-10.23308,-8.70164,-6.47811,25.90449,46.79519,47.99056,46.91938,47.21572,47.44504,46.29052,44.17734,
2025-03-04,9.9,18.3,13.104167,66.625,9.379167,223.083333,782.0,1,43.16057,43.08,42.2678,43.54261,44.616,53.3758,59.07655,39.28662,-0.16261,-7.26337,-9.59628,-8.85825,-9.76,-9.93527,-9.65099,-6.31101,26.55774,54.05746,55.32178,54.93322,55.2686,54.92514,54.56709,54.60209,
2025-03-05,10.1,13.2,11.608333,91.041667,6.741667,39.208333,191.0,2,62.11483,61.31809,60.53921,60.43327,62.63458,70.0109,69.65009,61.77441,47.3147,43.95854,43.14877,43.02511,39.76979,40.17241,40.61874,45.41307,61.07578,62.00854,63.82286,61.41903,60.94933,60.20002,54.11092,51.78361,
2025-03-06,6.8,11.6,9.875,78.083333,15.775,102.083333,517.0,3,51.8592,48.02255,47.41831,47.556,51.90626,59.85539,61.73194,41.53921,18.58575,5.80569,2.19543,2.12151,1.66621,2.05412,4.84088,14.77927,37.25717,62.54863,65.86415,63.4317,62.60673,62.01001,56.63952,52.99734,
2025-03-07,6.4,14.8,10.720833,71.25,9.008333,230.625,809.0,4,43.95903,44.29191,43.21915,43.85801,46.87865,52.53034,60.05801,39.17206,3.61825,-5.88913,-8.95259,-9.23228,-9.70411,-10.90973,-11.51085,-9.71626,17.59353,55.05583,56.442,55.98898,55.92743,55.31476,55.13641,54.62378,
2025-03-08,6.9,16.4,11.270833,75.541667,6.4,241.125,822.0,5,55.4756,54.41778,52.27548,51.25962,55.82326,55.07632,59.54328,26.15439,-5.92596,-15.54096,-18.63961,-19.91839,-19.96422,-20.2555,-19.0,-15.41561,8.2691,55.81287,58.68363,57.934,57.21722,57.10516,56.38889,54.05484,
2025-03-09,8.0,18.7,12.4,71.565217,4.952174,256.913043,835.0,6,73.5463,73.35813,,67.71437,67.94583,67.74346,72.34189,56.17275,1.56673,-16.58055,-20.95245,-21.68171,-20.92878,-20.82135,-20.86964,-20.68696,-17.07419,0.06027,53.86275,57.93374,58.29806,57.05389,56.73028,56.1484,
2025-03-10,7.5,18.0,12.433333,66.5,4.395833,236.583333,834.0,0,61.30434,56.27881,59.81,54.54102,58.83303,63.93877,74.52082,69.88636,34.0,-3.94244,-10.47157,-12.53243,-11.64559,-11.11547,-11.73079,-10.00561,-5.39635,33.11591,58.85949,62.95438,60.19411,58.67471,58.52452,53.11948,
2025-03-11,10.8,15.4,12.5625,72.041667,11.220833,109.833333,460.0,1,60.89127,54.79377,54.58605,53.50933,55.01497,65.12597,69.26608,71.9609,50.90519,41.17557,34.98151,30.15912,26.94213,26.20039,26.74183,30.80038,36.34084,52.51535,65.0,67.22839,68.27137,66.01849,64.49558,57.66894,
2025-03-12,10.2,16.1,13.204167,83.958333,11.004167,183.75,665.0,2,51.55058,48.65019,47.93051,47.7938,48.24007,54.1748,66.3562,63.38579,42.946,25.66485,19.6569,16.02,12.98753,13.39464,14.87128,16.02,26.00244,47.55316,57.06652,61.86636,60.11294,58.92567,55.63829,54.24426,
2025-03-13,8.9,13.0,10.975,79.25,21.804167,217.916667,782.0,3,47.96494,44.24189,43.33186,43.3099,43.46996,50.13811,61.20422,62.22948,51.81505,42.83292,26.5227,16.7758,8.7894,7.71437,2.68482,1.58934,3.14466,33.08561,53.38,57.16532,57.15522,56.01483,51.24848,47.6602,
2025-03-14,7.8,10.9,9.279167,81.041667,10.370833,54.333333,221.0,4,51.33537,48.79,47.66752,47.54,48.22878,58.57776,67.06545,71.01196,65.49983,49.52872,43.69077,41.0766,36.92292,33.85648,30.46156,30.31049,34.49557,40.19172,56.38433,59.2533,58.53906,56.52121,50.55108,48.86268,
2025-03-15,7.4,14.9,10.95,78.208333,6.275,246.791667,840.0,5,44.57978,42.24914,38.6658,37.4563,38.33123,43.73274,51.33618,42.42519,-0.01374,-21.08766,-32.50516,-37.67957,-37.16797,-37.9029,-39.4843,-40.35326,-32.195,-6.18346,40.08,48.54948,49.05064,48.19267,47.6058,46.84,
2025-03-16,8.0,16.8,11.6625,80.916667,6.533333,226.166667,831.0,6,47.32624,46.23824,43.59164,44.90202,43.46687,47.785,51.85567,46.56293,2.04405,-17.21,-23.32706,-25.62522,-25.80584,-27.59883,-26.39448,-25.0,-11.31956,21.58052,46.90975,49.45277,48.41226,47.21311,46.9,42.23541,
2025-03-17,9.1,15.4,11.904167,87.166667,11.008333,175.958333,846.0,0,53.62246,45.85683,45.66115,45.65774,46.28274,58.95336,63.57416,62.31919,39.36045,11.7239,0.31807,-4.92555,-5.52216,-6.66465,-7.48199,-6.37275,-5.62202,19.36835,44.95456,50.29838,49.37561,47.01829,44.3691,42.28272,
2025-03-18,7.8,16.4,12.65,64.291667,12.9875,259.125,863.0,1,39.26523,40.95505,38.98527,39.38354,42.51057,48.23064,59.78263,53.07905,0.38241,-21.07947,-34.18437,-35.20417,-34.78462,-36.23921,-36.82097,-35.0625,-34.32904,-9.29151,42.68481,51.14501,48.54551,47.21004,46.49439,45.80393,
2025-03-19,8.2,22.3,14.9,49.25,7.633333,261.708333,863.0,2,43.59695,43.27271,43.71903,45.46424,49.55369,59.07611,74.47672,54.94941,9.21623,-14.8006,-24.53163,-26.29314,-28.78631,-28.85654,-30.23513,-26.97875,-20.68477,9.04099,56.67977,59.751,58.76903,57.09629,55.10167,52.86233,
2025-03-20,8.9,21.1,14.679167,50.5,4.895833,266.791667,879.0,3,46.16,42.01791,40.29125,40.02245,41.74,52.16318,60.52534,54.32377,3.0955,-18.41758,-27.64697,-31.65,-30.0,-32.88938,-32.36247,-30.0077,-29.60306,-9.35556,42.59771,47.7,46.42248,44.50559,43.54862,42.70133,
2025-03-21,9.8,20.5,14.420833,65.25,6.3,262.166667,866.0,4,34.3083,33.9526,34.06164,34.03453,35.63368,43.62529,59.98442,55.36614,18.54976,-9.25305,-18.0,-23.60235,-24.31806,-25.43311,-27.44044,-26.99842,-23.77878,-7.06339,37.65697,40.18327,39.58131,39.16,37.94953,37.60082,
2025-03-22,10.7,20.2,14.858333,71.083333,5.983333,259.083333,856.0,5,33.05207,32.23775,31.23714,35.29507,35.7968,36.48564,42.95871,32.42498,-5.82224,-15.51838,-26.31297,-31.48013,-32.92194,-34.39789,-37.31025,-34.61375,-33.5808,-10.0,33.18771,36.53749,35.30268,34.76226,34.12881,33.37847,
2025-03-23,11.1,19.5,14.679167,80.041667,5.1,246.541667,849.0,6,34.46083,34.58495,34.62811,34.80294,37.29943,38.65439,45.74383,34.56689,-0.56116,-20.46592,-33.86503,-32.63281,-33.67595,-35.31756,-36.08332,-32.52687,-29.69,-6.0,46.03,50.94334,48.58939,47.4676,47.02099,46.48896,
2025-03-24,11.6,22.4,15.533333,81.333333,5.395833,263.208333,858.0,0,37.5589,37.41679,37.11625,37.10282,37.48606,46.08838,54.59286,47.31231,13.73999,-6.14195,-11.15693,-12.28631,-13.3506,-12.93942,-11.45458,-12.35205,-2.87459,22.31956,51.55566,59.90784,55.01178,50.65139,49.42718,41.0,
2025-03-25,11.9,20.8,14.4875,86.583333,7.004167,244.833333,864.0,1,41.44059,40.23561,37.30742,35.33575,35.60144,45.18602,51.097,41.02853,12.08719,-4.26052,-5.79111,-7.29168,-7.92353,-7.01422,-6.2577,-5.15265,4.85714,30.11621,49.65507,55.95598,48.92422,44.60785,40.2206,37.44829,
2025-03-26,12.5,16.5,14.041667,83.291667,6.033333,158.333333,549.0,2,30.81544,30.71856,30.60515,30.54155,31.00799,35.34222,44.8,41.42385,16.58077,-2.72165,-7.18716,-9.73713,-10.71235,-10.8788,-12.10213,-10.77367,-8.30204,-0.98653,28.38851,32.15245,31.16174,30.77906,29.53722,27.97589,
2025-03-27,10.6,16.3,13.741667,86.5,7.391667,241.333333,823.0,3,21.12311,20.26477,20.01498,19.91572,19.96888,23.24112,33.96474,28.71765,7.85328,-5.90912,-12.7093,-16.23796,-18.23345,-19.47807,-20.0,-20.00537,-16.87853,-3.12707,21.31851,25.32955,24.65467,23.90386,23.77817,21.55179,
2025-03-28,12.1,18.5,14.6375,79.666667,10.154167,251.708333,841.0,4,16.1159,14.38937,13.96818,13.02719,14.15686,17.79298,25.3288,23.05603,16.57868,-1.27,-7.12789,-13.94372,-18.5108,-19.39033,-21.64685,-20.48048,-19.36466,-3.62824,16.48064,20.10302,20.44248,19.62509,18.80206,16.42631,
2025-03-29,10.9,18.1,14.1,79.375,7.241667,272.25,887.0,5,19.44,14.7537,12.97602,13.27582,13.13609,13.30438,18.80928,10.03698,-8.18901,-19.83,-30.39617,-34.73129,-36.92577,-39.41538,-39.31296,-36.26322,-33.01055,-13.44172,15.79236,16.92622,17.89639,18.77842,18.01337,18.52758,
2025-03-30,11.2,16.0,13.4,75.208333,5.041667,151.916667,734.0,6,25.17572,24.49646,23.76894,21.27186,20.51364,21.10149,23.95672,16.65091,-5.7937,-16.6064,-27.96069,-31.07967,-31.23792,-32.2664,-31.17762,-30.86079,-31.43247,-10.38799,19.63033,23.50557,23.87045,21.89394,21.45995,20.73928,
2025-03-31,13.3,17.9,14.6625,86.125,11.808333,142.208333,561.0,0,27.35952,27.19308,27.16913,26.93069,27.38852,31.769,35.68828,32.07341,24.4216,13.36124,1.61254,-3.73186,-5.08771,-6.17446,-7.96138,-5.27098,-2.11217,7.60962,27.76639,28.87953,28.75456,29.0229,28.89095,28.12637,
2025-04-01,10.7,15.6,13.3,73.291667,19.416667,240.791667,815.0,1,24.12878,23.82513,24.02728,24.94362,25.01464,27.91262,33.96582,28.4365,7.52609,-5.29329,-11.57919,-11.46397,-9.99836,-9.74295,-9.05032,-9.60963,-9.69081,-2.10458,24.34875,24.41622,26.01114,25.25256,25.24039,24.8549,
2025-04-02,8.6,15.4,12.4,66.541667,13.0625,275.125,911.0,2,36.72445,36.66905,33.80831,33.92283,33.461,36.85998,39.6866,32.7254,4.38701,-5.80702,-11.81176,-11.22691,-12.33808,-13.7134,-15.83438,-14.28348,-10.51217,0.0,35.29802,36.93133,38.88134,38.09137,38.0149,37.32456,
2025-04-03,8.9,17.8,12.670833,68.583333,7.720833,266.791667,919.0,3,33.08181,31.20846,31.41543,31.42729,32.38407,34.22934,47.59748,31.09009,2.54111,-9.80735,-11.91655,-10.03217,-9.81261,-8.89714,-8.18725,-9.54298,-8.31598,5.09228,35.12283,39.10762,39.9197,39.36581,35.82032,35.33934,
2025-04-04,8.6,18.4,13.520833,64.791667,7.670833,282.833333,910.0,4,40.94405,39.80301,39.83516,39.00841,39.95925,45.05273,57.85217,46.11391,4.4935,-8.64293,-11.22055,-9.54924,-10.16349,-9.66189,-9.64049,-9.88082,-9.7872,-2.2609,41.72577,43.37101,42.94088,42.6222,41.99277,41.507,
2025-04-05,9.8,23.2,16.5625,40.791667,9.329167,296.0,938.0,5,47.11165,43.54921,43.2606,41.91485,42.02067,42.26652,50.3578,32.88768,-15.53596,-24.61761,-27.41858,-22.28076,-22.77328,-23.89347,-24.38522,-22.52663,-25.7826,-11.8085,39.47963,41.46618,41.24618,41.19604,40.10763,40.55989,
2025-04-06,12.6,24.0,16.733333,43.833333,8.15,298.625,943.0,6,35.52072,36.21838,36.44315,37.75604,37.17587,38.98235,45.24338,28.60803,-15.66957,-18.37792,-20.68897,-20.86079,-20.84817,-21.00931,-21.59996,-20.35233,-20.93728,-9.146,35.37554,42.39225,41.0328,38.60006,37.19148,35.97857,
2025-04-07,10.2,21.2,14.795833,72.625,5.258333,292.208333,928.0,0,30.94158,30.90318,30.85765,30.83443,33.44612,34.44276,44.79965,31.40622,-9.39102,-15.56024,-15.08734,-13.9969,-13.04923,-12.8906,-14.78952,-14.02568,-13.21559,-4.09496,33.41888,44.53948,38.6378,34.81864,34.18289,32.70192,
2025-04-08,11.0,20.2,15.166667,75.625,4.7125,285.875,907.0,1,34.6995,34.01285,33.71835,33.50396,33.92671,37.19632,43.42429,30.34756,-10.20072,-13.54593,-14.42903,-14.54499,-13.52469,-14.1747,-14.28438,-14.04257,-12.89094,-2.44307,35.22283,42.70059,38.76244,36.35629,35.97262,35.20101,
2025-04-09,11.2,21.5,15.329167,78.166667,4.3375,290.125,924.0,2,34.31026,33.51161,32.63572,33.55398,33.59975,39.25994,48.58976,29.41573,-9.80009,-10.8077,-10.94632,-11.38331,-9.58952,-9.72594,-9.99734,-9.37712,-8.13348,11.26382,45.60372,52.15353,47.63047,47.75004,45.78789,42.92082,
2025-04-10,11.8,21.0,15.1375,80.75,4.220833,275.541667,889.0,3,43.32351,42.74047,39.16116,38.24,39.09776,41.6336,48.76519,29.97,-3.5543,-7.89352,-6.54001,-5.43949,-6.19287,-5.52051,-6.79294,-2.28858,-0.67238,18.42794,40.04998,43.96826,42.5308,41.32703,41.01983,38.4,
2025-04-11,11.9,22.6,15.841667,80.041667,4.829167,286.333333,931.0,4,28.96419,29.46373,28.45202,28.43401,28.88595,33.89781,47.07936,24.38896,-7.21206,-10.40205,-7.00149,-3.81402,-2.53986,-2.43869,-2.45903,-2.15032,-1.08,12.7244,37.71067,40.13692,38.6262,37.16,36.04027,35.51021,
2025-04-12,13.1,20.4,15.5875,83.458333,6.358333,274.5,906.0,5,29.30548,27.29519,23.81817,22.8491,23.22397,23.25342,25.20926,8.42786,-8.12119,-13.51727,-12.6309,-12.9935,-12.50633,-14.2122,-11.33958,-10.60728,-10.3756,-2.90256,33.50827,34.99181,35.1229,35.25563,33.88072,33.60387,
2025-04-13,13.1,19.4,15.304167,80.25,6.920833,273.958333,937.0,6,36.30835,34.55033,29.9054,29.49692,29.31746,35.14854,35.40106,12.2109,-6.06847,-11.57917,-10.77858,-10.51096,-10.66322,-11.2065,-10.46929,-10.42184,-8.42466,0.00248,39.70174,42.962,42.88575,40.21056,39.73965,38.86315,
2025-04-14,11.4,18.0,13.95,81.333333,6.3,244.041667,884.0,0,39.79616,38.85759,38.77135,38.4276,38.80106,46.36129,52.7463,35.27913,12.1673,7.96668,6.24857,5.06917,4.92278,4.01992,6.28682,8.01509,13.08543,30.49023,44.48643,51.96459,47.89071,44.40446,42.39741,40.9309,
2025-04-15,10.7,16.9,13.641667,75.916667,6.870833,243.75,816.0,1,37.11905,36.44006,36.52519,35.8528,36.04844,41.8143,49.29172,34.20168,10.47348,4.28236,4.13963,3.91912,3.60221,3.98145,4.20031,4.31319,5.55354,21.69602,41.95713,45.21479,42.82222,41.76287,39.65265,38.99,
2025-04-16,10.6,17.4,14.529167,69.0,7.483333,232.166667,760.0,2,33.02361,33.97875,33.29328,32.69371,33.0754,34.77089,40.42204,24.33912,9.72761,3.88458,0.96186,-1.13867,-2.25779,-4.27712,-5.29522,-4.67482,-1.18605,3.82711,33.98286,35.61405,35.06126,34.77034,33.1265,32.03247,
2025-04-17,11.8,16.4,14.270833,77.458333,7.65,109.583333,367.0,3,28.22237,28.33502,27.72858,27.6401,27.92823,31.71657,36.4355,20.81347,2.27699,-1.66906,0.83808,-1.20164,-2.54752,-2.33013,-2.94574,-2.01699,-5.40241,0.60114,28.7078,32.17342,32.62572,32.39973,29.85991,29.85716,
2025-04-18,12.2,14.9,13.458333,75.5,9.8375,185.541667,648.0,4,31.06056,29.63794,28.17431,27.86523,27.74648,31.9471,35.64534,20.1781,4.68018,-2.84662,-5.09965,-6.50836,-6.88043,-6.8921,-7.3591,-6.80525,-7.36131,-4.6278,29.51177,34.25034,34.55465,34.30557,32.67076,32.59546,
2025-04-19,9.9,17.9,14.1,74.875,7.895833,311.208333,962.0,5,32.62768,31.84079,29.88617,30.06013,31.65045,33.29873,36.24248,9.55804,-12.28504,-19.9523,-20.99042,-20.42161,-21.47963,-23.1145,-22.08508,-20.83226,-18.18973,-9.75107,19.66229,30.07153,30.31106,30.31802,29.29659,29.00439,
2025-04-20,10.7,18.5,14.404167,80.666667,7.054167,306.375,943.0,6,31.58829,30.40209,29.14519,28.72986,29.35093,31.99208,32.42389,7.48692,-15.12403,-23.21064,-24.50727,-22.95437,-23.27424,-24.08403,-23.93968,-22.56529,-19.83428,-10.90999,26.91901,36.26114,38.58851,33.87987,31.95647,31.15896,
2025-04-21,11.4,17.9,14.345833,81.916667,7.2125,307.375,950.0,0,29.29628,29.53673,29.33598,29.42873,29.89,35.5843,43.23732,26.63931,-9.57023,-13.18604,-7.96664,-5.86085,-5.84003,-5.95544,-6.33973,-8.0178,-7.58497,1.84755,37.36465,47.73456,45.05114,40.79506,37.33922,36.14072,
2025-04-22,12.6,16.9,14.416667,79.125,7.370833,282.708333,935.0,1,45.27226,39.1099,38.64126,38.58035,39.04166,45.85034,48.0269,20.53766,-8.63373,-11.28284,-9.87326,-10.4859,-8.81469,-7.84518,-8.61561,-8.63983,-8.28646,2.87284,43.42588,49.95981,47.04993,44.78854,43.65497,42.68393,
2025-04-23,13.1,16.9,14.416667,75.541667,7.545833,210.333333,626.0,2,45.52288,44.06508,41.33269,41.09756,41.79108,47.43398,50.25834,23.99747,-12.29477,-15.57393,-13.75584,-13.54252,-12.67405,-11.37579,-12.08219,-12.64763,-11.71425,-7.34272,40.88613,47.53803,48.23566,43.95968,42.57067,42.17441,
2025-04-24,12.0,17.7,14.375,73.833333,7.8125,239.833333,936.0,3,38.81252,38.32544,35.67312,35.64245,35.97604,41.38538,45.68924,21.74335,-3.57119,-9.52478,-7.86768,-7.09146,-4.70592,-4.45445,-4.7061,-4.7414,-3.29314,6.29733,42.82171,45.44872,45.28016,43.96,42.13987,41.31926,
2025-04-25,12.4,15.9,13.804167,71.958333,10.304167,251.25,889.0,4,37.17082,37.97848,35.07439,34.88197,34.78992,37.99806,42.66257,28.89947,5.47874,-0.84962,-6.18462,-5.86799,-5.78234,-5.01254,-5.48605,-5.5854,-4.26317,-1.84623,38.27397,41.12466,40.93704,39.9739,38.61071,38.05618,
2025-04-26,10.9,14.6,12.666667,72.833333,10.258333,214.875,855.0,5,37.67546,38.90592,33.42292,33.4687,33.64495,35.04521,40.74816,18.67044,4.67697,1.35741,0.38723,-1.20608,-3.34677,-2.75749,-4.2,-2.64183,-1.35838,4.0,35.75995,38.67057,38.59965,38.03426,37.50369,36.81955,
2025-04-27,9.6,15.5,12.733333,78.208333,7.3375,245.041667,756.0,6,33.21906,32.94123,32.52,32.73252,31.9463,33.27325,30.32995,-0.05859,-13.8644,-24.36487,-24.78513,-24.58267,-25.87421,-25.02896,-24.94215,-24.56957,-24.38386,-12.35215,21.96138,34.34446,39.63589,36.58043,33.97,33.69448,
2025-04-28,11.1,17.8,14.075,80.5,5.9875,276.416667,894.0,0,30.1788,30.07826,30.11145,30.18847,34.60484,36.99746,38.97698,11.67153,-0.43296,-2.82802,-3.97793,-5.61837,-6.32427,-6.50948,-7.91072,-7.49085,-6.66278,-0.31913,32.66803,43.38064,42.02664,40.19472,39.1851,38.70847,
2025-04-29,10.8,19.5,14.779167,82.958333,5.945833,311.375,962.0,1,42.64992,40.41601,38.64398,38.68883,41.2176,45.76121,47.84128,15.7,-3.88641,-6.79745,-8.64224,-9.54702,-10.11197,-9.73323,-10.57473,-9.84721,-10.15991,-2.70817,36.19889,39.31899,39.85121,37.63781,35.99187,34.98785,
2025-04-30,12.8,19.1,14.908333,81.625,7.333333,272.791667,960.0,2,33.67516,33.51061,33.34969,33.36216,36.51,39.44215,40.84053,17.69609,6.33282,3.56847,2.26394,2.46561,2.01017,2.02669,1.2804,1.71044,2.48367,13.51269,40.37382,44.47135,43.57149,41.00204,40.19798,39.67632,
2025-05-01,12.2,18.5,15.058333,79.125,7.7,286.958333,942.0,3,38.47003,33.85202,33.61306,33.81012,34.26334,40.01407,40.22098,29.11778,11.76696,6.13747,6.71895,7.07424,6.54544,6.39395,6.09148,6.66614,8.94686,24.85378,39.46057,44.83565,44.42531,41.26,39.7096,38.71764,
2025-05-02,12.7,18.0,14.9875,82.416667,7.15,281.541667,938.0,4,37.93283,37.1339,33.31986,33.09793,33.27987,39.2523,39.64926,25.20251,8.82353,3.45529,1.43433,1.4293,0.40462,-0.44236,-0.11747,1.29833,1.51937,12.37631,36.27991,38.985,40.43827,37.48752,35.92152,35.24137,
2025-05-03,13.9,18.6,15.4125,80.333333,7.320833,174.666667,684.0,5,32.47501,33.07805,33.17964,31.93977,32.27631,34.98361,32.56291,11.16227,-0.67995,-4.75551,-3.04677,-3.29577,-2.68148,-5.88346,-6.05068,-3.12368,-2.25061,7.93134,31.14986,33.71757,33.67781,33.92378,32.64,32.37811,
2025-05-04,13.1,16.5,14.541667,80.375,6.020833,202.541667,718.0,6,30.59857,30.25548,29.9549,29.37272,29.34181,30.35824,26.59167,14.54988,0.24797,-3.27542,-6.14329,-6.56758,-6.82204,-6.65269,-6.77956,-6.32339,-0.87051,9.74464,28.76676,32.96859,34.11062,34.6943,34.69542,34.56245,
2025-05-05,13.4,19.4,15.9625,74.791667,6.7,248.0,844.0,0,34.23683,34.32077,34.16477,34.08,34.39285,40.34319,40.96142,38.66336,24.34065,17.38188,17.88483,18.27108,17.78989,17.8028,16.90336,18.0,14.73535,27.87227,38.98484,43.20069,43.2494,42.36022,39.60587,39.52808,
2025-05-06,14.1,18.1,15.616667,78.166667,6.433333,165.791667,622.0,1,41.28861,39.10212,38.69429,38.76476,39.80141,46.14229,45.19222,36.55244,15.17575,5.40467,6.2627,6.8357,6.66993,6.21357,5.81014,5.30383,5.2381,15.11013,39.05783,44.41636,45.93284,44.63281,43.54977,43.33123,
2025-05-07,12.8,18.5,15.629167,79.791667,8.4875,306.041667,969.0,2,44.21829,42.72205,41.47709,41.06775,41.64371,46.93441,47.84754,38.19065,16.00561,8.29781,7.21703,7.64125,7.42804,6.91913,6.01,7.48216,8.45088,17.93847,40.13222,46.71375,49.99252,45.99302,41.79481,42.22439,
2025-05-08,13.0,20.7,16.575,80.583333,5.4875,325.166667,970.0,3,42.79975,42.16922,41.24004,41.44795,41.97894,48.94936,49.81576,28.54264,15.18027,7.97509,11.04929,11.80754,11.42751,10.91923,12.43135,12.92616,14.80807,31.54614,51.46653,63.1647,61.6618,53.43149,49.81432,49.60582,
2025-05-09,13.9,24.5,18.85,71.625,5.575,323.041667,960.0,4,58.90609,55.0,49.53799,48.00645,51.70653,56.12917,51.30734,25.41095,12.95058,11.62764,15.0,15.23885,15.0,15.48043,15.16946,17.00392,26.57091,40.5309,63.07917,76.55565,69.0702,65.6895,63.16871,61.99853,
2025-05-10,15.8,27.3,21.05,64.541667,6.625,327.458333,968.0,5,51.9583,51.67008,50.0,50.10495,49.79369,51.86086,49.68927,22.85154,13.59937,12.80395,13.60447,15.43341,17.31811,16.77166,17.06782,18.03642,26.56095,41.02311,60.53364,78.54277,71.64671,65.6305,59.63547,54.01532,
2025-05-11,15.8,25.1,20.016667,69.208333,5.0625,325.958333,983.0,6,46.27119,43.79484,41.65124,42.35896,40.79171,42.32341,38.45313,18.02916,2.26352,0.84398,2.42515,2.2086,2.72867,2.63279,3.38425,5.74572,7.21752,24.51087,43.58037,57.23099,57.79,51.40825,43.42703,42.2392,
2025-05-12,14.6,21.1,17.0375,75.875,12.604167,290.083333,941.0,0,43.02693,40.42404,37.78655,37.71,39.91727,43.62655,43.86372,27.61738,14.95685,12.47452,11.53412,11.58933,12.90276,11.46314,12.46621,12.88194,12.83881,26.01414,45.39781,49.97538,47.55949,44.15528,46.08167,46.42959,
2025-05-13,13.4,19.0,15.883333,66.458333,11.733333,330.625,980.0,1,32.92392,32.79995,34.30318,33.34687,36.25149,38.89949,39.17401,10.63809,-9.28542,-11.12783,-10.0,-8.82327,-9.21139,-9.79924,-9.82662,-9.47806,-9.82,-8.35423,24.31912,40.1217,42.05006,38.89523,36.42436,36.49757,
2025-05-14,12.4,19.8,16.0375,75.333333,7.233333,330.875,981.0,2,32.05054,31.38794,28.28311,27.32511,28.73375,32.77869,33.00105,2.82909,-12.00475,-14.07441,-11.26151,-10.69314,-9.93867,-10.16022,-9.46429,-9.89277,-10.7175,-10.61059,23.25477,38.65468,39.0377,38.82045,38.26863,37.98849,
2025-05-15,13.3,20.5,16.329167,79.375,7.654167,325.208333,981.0,3,40.27364,39.0043,37.43644,37.37161,38.55334,43.86953,43.90064,17.8,-5.58987,-8.19504,-12.84,-4.59423,-13.38,-5.12062,-4.76445,-12.53,-10.0,-4.39129,32.72543,38.09183,38.24632,38.36544,36.62116,35.69908,
2025-05-16,13.9,19.9,16.079167,78.416667,7.629167,283.791667,967.0,4,34.7679,35.12579,33.92694,32.39505,34.23148,35.5,36.59215,6.66247,-4.82383,-6.04404,-4.30602,-3.92541,-4.48405,-4.30456,-5.52074,-4.93463,-2.44832,2.41698,32.39129,34.09321,34.36332,33.77875,33.19591,32.93492,
2025-05-17,14.1,17.3,15.675,77.541667,10.329167,152.5,470.0,5,31.26327,30.44241,27.25436,26.87765,25.93521,29.42401,23.3766,-5.05153,-11.26633,-13.24178,-12.27458,-12.24591,-11.89549,-11.83919,-12.27602,-11.94087,-12.41316,-10.09976,8.41455,25.10991,26.06585,24.7034,24.46515,24.21116,
2025-05-18,12.9,19.5,16.05,79.041667,7.816667,292.083333,935.0,6,22.79649,22.89319,22.80855,22.78992,23.08363,23.27365,14.66488,-11.84999,-24.86639,-26.84604,-24.90017,-24.86683,-24.7884,-25.25158,-25.01899,-24.77779,-23.15087,-15.08364,10.08,26.488,28.07265,28.15268,25.49167,25.22486,
2025-05-19,12.9,22.1,17.1875,78.833333,6.108333,330.416667,985.0,0,24.85714,23.43271,23.68712,23.40344,25.0,28.02837,27.36245,-2.4362,-10.13061,-11.10991,-8.58453,-8.15337,-8.57041,-10.4272,-9.25377,-9.67414,-9.21821,-0.34832,28.57206,34.74572,37.05473,34.12518,33.6866,33.39551,
2025-05-20,13.9,24.5,18.920833,72.25,5.7,335.375,984.0,1,29.13372,27.18463,25.98384,26.01028,28.40099,30.30585,26.94329,-1.75107,-7.1255,-7.14568,-3.79689,-3.46666,-3.28853,-4.39448,-3.85977,-5.0,-2.39965,8.87512,32.86185,45.86168,46.50693,43.30765,34.92517,34.45604,
2025-05-21,14.3,25.5,19.420833,70.041667,5.508333,342.083333,997.0,2,44.17371,41.79,38.71926,38.16413,40.93796,42.95201,36.27138,6.63349,1.67834,1.17506,4.36353,4.09265,3.91868,3.95686,5.68803,6.38384,7.58739,25.47946,43.7289,57.88752,55.70298,51.76095,43.05075,40.95857,
2025-05-22,15.4,24.1,19.116667,78.333333,5.883333,337.125,995.0,3,38.05018,34.77323,33.91917,33.33,33.90137,37.39,34.23816,7.33435,-5.45021,-6.77153,-3.09201,-4.51152,-3.02123,-3.61,-3.0085,-3.25205,2.75891,20.55528,38.48286,44.95861,45.17766,42.04162,38.00409,37.02771,
2025-05-23,15.8,22.0,18.020833,76.833333,7.183333,334.5,981.0,4,31.62392,30.21142,30.5904,29.51845,30.57022,31.53947,30.19,10.49879,-6.78218,-5.67166,-4.32065,-4.68992,-4.96648,-4.92547,-3.29548,-5.0,-5.81285,8.77527,33.88301,39.14659,41.25719,39.70178,37.16582,37.0133,
2025-05-24,14.9,20.5,17.366667,75.291667,8.225,297.708333,962.0,5,34.11486,31.48784,28.99,27.76185,27.48266,28.62803,23.12243,-6.26829,-20.67017,-24.02728,-19.64436,-19.24617,-17.7747,-18.10924,-18.20623,-18.26,-20.6339,-11.89997,20.39951,32.0486,32.67379,31.59192,31.24258,31.09208,
2025-05-25,15.4,20.8,17.3,74.5,7.670833,286.791667,952.0,6,35.59,35.55497,31.68144,30.68464,30.48735,30.5593,20.21807,-10.76287,-22.05405,-22.86288,-16.36118,-16.47172,-17.1288,-16.98757,-17.09221,-18.45241,-18.21126,-14.83992,15.91826,27.07542,28.87877,27.88235,27.64543,28.23197,
2025-05-26,14.6,20.5,16.979167,79.0,6.508333,274.0,969.0,0,31.94509,29.24277,28.14656,26.83998,27.4587,26.0,17.61801,-13.92906,-27.30835,-29.26676,-20.75472,-20.88,-20.76845,-20.81159,-20.72298,-20.88,-17.16,-10.17966,23.53231,32.37707,34.66833,32.38988,31.96003,32.00304,
2025-05-27,14.4,21.4,17.679167,77.666667,8.141667,301.625,981.0,1,34.85598,34.70209,33.37497,33.70789,35.01615,36.30021,32.66903,16.02,-3.1377,-5.05118,-2.54,-1.50112,-3.05629,-4.36023,-2.2291,-0.98422,-0.17356,13.53005,37.39216,46.53199,49.49775,45.18359,39.70326,39.03409,
2025-05-28,15.1,20.1,16.829167,78.916667,7.908333,248.291667,790.0,2,44.52584,44.29756,42.85421,40.64156,43.91871,44.94645,46.13035,22.01173,10.0,9.48723,10.91654,9.95056,10.53134,10.39947,12.92581,13.8161,17.23954,26.0746,41.63382,48.90635,49.53634,44.20297,37.23633,37.79549,
2025-05-29,15.1,20.4,17.441667,77.458333,6.9625,304.833333,972.0,3,36.69989,37.29364,35.4132,35.41939,37.39167,39.72,37.58097,21.00928,10.76233,10.782,12.56,12.06413,11.75529,11.96042,11.71277,15.31343,14.8322,28.0734,46.14943,55.88242,57.55008,52.02072,46.4899,45.15256,
2025-05-30,15.5,25.0,19.2875,77.5,7.058333,319.833333,946.0,4,48.38696,44.99983,45.00505,46.84723,48.83296,53.19975,41.60744,25.2893,16.47449,16.92885,19.26781,19.28939,18.20785,17.2005,16.40515,20.24499,23.20708,38.95391,60.43503,75.2792,78.15,66.14383,60.5373,56.93506,
2025-05-31,16.0,23.2,18.95,82.541667,5.820833,317.833333,945.0,5,47.89467,46.07932,43.77822,41.53629,43.85063,45.75669,37.35687,23.89994,24.95998,24.71831,25.63639,24.59558,26.17605,24.02908,27.75663,33.30046,38.14934,42.40098,53.60481,65.4275,60.81588,51.06701,47.7962,44.21308,
2025-06-01,16.5,22.8,18.395833,82.375,7.825,238.041667,740.0,6,37.25251,37.01459,36.48273,36.61761,34.09849,32.55608,31.53725,23.7207,23.0078,22.10245,23.93494,23.43504,24.38548,23.85843,24.20244,26.21193,31.71789,37.43101,43.65102,46.05487,46.07014,44.93,43.34682,42.8777,
2025-06-02,15.4,20.9,17.733333,79.166667,7.958333,304.833333,909.0,0,37.81548,40.66685,36.84035,36.83648,40.80392,40.93783,40.78781,18.84863,9.81133,5.10849,7.667,4.61161,4.68192,4.11405,3.85706,7.61253,9.37398,21.58103,38.75793,48.91279,50.96455,45.33531,38.37645,37.97741,
2025-06-03,15.9,20.2,17.3,82.208333,8.7625,240.833333,799.0,1,41.01883,40.77191,39.82924,36.65,39.88316,41.33509,41.66434,19.293,16.29302,15.06577,16.02,14.33948,14.56218,14.49777,15.0133,16.21808,20.64905,27.51192,41.61086,51.44294,50.42798,46.43698,40.61602,40.60838,
2025-06-04,15.2,18.3,16.55,87.0,7.645833,224.75,739.0,2,36.5569,36.73817,34.4109,33.60534,34.30966,37.0955,36.74564,20.32007,14.21743,8.10154,9.89324,8.39137,9.5572,6.96239,6.86191,9.73135,11.5934,17.60531,36.44361,48.07162,48.63373,44.6483,40.01698,39.50893,
2025-06-05,15.7,18.1,16.716667,84.166667,8.408333,218.541667,801.0,3,42.87796,41.39232,38.00572,37.79091,43.00676,43.43151,42.34776,23.0409,16.02,15.6857,15.82941,14.9047,15.33987,15.60617,15.73648,18.56957,21.0545,31.60331,43.18435,51.31852,54.16151,49.76858,43.98188,44.07522,
2025-06-06,14.8,18.8,16.795833,84.666667,8.966667,275.041667,947.0,4,37.44269,37.11738,36.30055,35.80281,36.823,37.95762,37.83967,22.65286,18.06653,13.53507,17.21668,16.99576,16.02,13.28189,16.02,16.02,21.42903,30.84158,40.24304,48.18283,49.36621,45.27778,40.86329,40.37085,
2025-06-07,14.7,18.6,16.679167,83.041667,10.091667,316.416667,958.0,5,35.08723,35.16399,34.71054,35.0521,37.05052,36.35105,31.69283,10.11881,6.61461,4.94354,5.51869,3.48744,4.59968,2.3317,2.4225,3.14992,7.71352,22.10829,39.55157,48.29224,49.05436,45.09859,38.35927,38.17462,
2025-06-08,14.3,19.2,16.5375,86.583333,7.145833,266.208333,932.0,6,40.28596,40.05892,39.07249,38.02031,37.80527,37.31749,26.74071,2.46,-3.92922,-6.20003,-2.50066,-1.35563,-1.64176,-0.74266,-0.68326,1.87,7.56,25.55768,41.24135,50.19839,49.34936,45.7929,43.67504,43.25903,
2025-06-09,14.8,20.6,16.941667,85.416667,6.25,283.625,933.0,0,39.93354,38.81115,39.75,39.02247,40.22103,40.21554,38.05635,24.90222,20.33654,19.23692,19.7096,18.81159,18.33517,19.14163,17.64625,19.06722,24.21326,34.99715,48.58458,60.27508,60.92636,53.37921,47.34129,42.76169,
2025-06-10,14.8,21.8,17.625,85.291667,7.1,296.541667,961.0,1,36.94743,35.72905,33.97737,33.79501,35.18202,39.06364,39.33841,24.87,19.73687,18.98798,19.90931,19.70322,18.76369,17.94,18.1,21.92664,25.67722,37.58245,48.19514,61.92042,61.94293,51.15055,47.19017,40.60643,
2025-06-11,14.9,21.2,17.55,83.333333,5.604167,322.041667,961.0,2,35.14139,36.71513,36.38501,36.23576,37.22657,37.99749,36.35892,17.81911,10.00672,7.75941,10.21608,10.59,9.88058,9.04298,8.95,10.26271,13.64793,27.55,39.43984,52.55156,55.70071,48.31377,39.2344,38.70045,
2025-06-12,16.1,21.8,18.279167,79.958333,6.533333,310.666667,970.0,3,36.54935,35.34923,33.77196,32.02746,33.54943,34.19082,29.77808,10.79257,-0.24457,-0.13932,0.56587,0.28048,0.41571,0.68436,0.21947,2.73447,7.74432,24.65814,37.38944,47.00753,48.05832,43.79511,38.33603,38.17129,
2025-06-13,16.4,21.6,18.366667,79.083333,6.7375,322.333333,984.0,4,34.1319,34.70794,32.82962,32.6392,33.72528,34.35383,33.51237,10.41054,2.02,-0.33181,3.21306,4.59811,4.87834,3.43624,3.81186,3.81129,4.13195,15.61,35.3016,40.67284,41.54392,40.32842,38.9986,38.86173,
2025-06-14,15.9,23.5,18.645833,80.916667,6.7125,301.916667,987.0,5,33.22863,32.57277,30.06968,29.40716,29.81746,29.61571,22.53531,-1.01816,-6.8039,-6.98066,-3.25894,-2.77014,-2.80766,-3.08435,-3.18655,-2.91532,-1.36758,15.61,36.13262,43.35529,46.47279,40.32102,36.0492,35.46145,
2025-06-15,15.4,24.6,19.225,77.458333,6.25,330.125,993.0,6,33.3986,33.63627,30.06493,29.16598,30.30363,29.72918,20.74223,0.11967,-9.8005,-10.62706,-3.02903,-3.08765,-2.99393,-1.77603,-1.73868,-0.1572,8.99,25.69572,37.48615,47.41317,49.21104,44.91356,37.72949,36.66933,
2025-06-16,16.1,24.8,19.904167,75.041667,5.979167,348.0,1001.0,0,35.24594,32.78725,31.92873,30.65291,31.69966,33.19168,30.31254,9.95591,1.7465,2.69945,7.91607,8.85034,8.16695,8.08985,8.25611,13.86183,18.58112,29.55916,40.24782,50.35763,54.24675,48.1179,40.37926,39.86691,
2025-06-17,15.7,24.8,20.754167,68.5,5.291667,348.166667,1008.0,1,36.57436,35.15872,30.40425,28.96074,30.68497,33.27,30.94,13.00414,7.29767,8.32604,14.20478,14.32448,14.16355,14.02107,13.03873,16.62183,20.13874,27.83101,40.62788,54.24968,55.74383,46.18,40.0,38.43569,
2025-06-18,16.6,24.5,20.233333,73.458333,6.8875,338.875,991.0,2,40.62776,38.19345,34.88328,34.71888,36.03383,39.3406,32.77575,19.73734,14.3768,16.81462,19.35859,19.81298,19.84734,19.25533,20.09308,23.26,29.21512,38.20266,46.5893,61.19195,58.20189,50.41579,45.07056,41.95384,
2025-06-19,17.4,23.3,19.258333,79.583333,7.491667,310.791667,964.0,3,46.14165,43.78639,36.90906,35.01764,36.58653,39.09988,34.632,20.30383,16.58248,16.88409,18.9934,17.48621,18.21615,19.51147,17.48644,20.03041,24.01772,31.71448,41.33142,56.5098,55.41,46.7301,39.40616,38.38512,
2025-06-20,16.0,22.6,18.554167,78.291667,6.566667,315.583333,970.0,4,33.30223,32.68624,33.37382,32.46536,33.65449,33.85659,32.41188,3.05979,-2.81968,-2.94855,-0.63101,-2.99584,-1.06634,-0.4701,-0.74336,-0.17026,3.88902,13.45996,34.28098,40.08238,44.41958,40.19882,38.14475,38.33264,
2025-06-21,16.4,22.9,18.8375,71.0,8.995833,300.083333,958.0,5,34.87814,34.56382,31.82137,33.81202,33.97737,31.80567,20.84,-10.64956,-18.52756,-18.49286,-14.73739,-14.04061,-13.17319,-12.81148,-12.10814,-13.22578,-10.34072,-2.7872,22.01991,37.9806,39.79434,38.94176,35.96291,36.33096,
2025-06-22,14.9,23.0,18.920833,74.333333,7.6125,343.583333,995.0,6,41.16233,39.3473,37.82777,36.86899,38.49013,36.18565,20.36053,-6.10551,-15.88825,-16.07795,-12.4899,-12.11908,-13.08668,-12.81,-11.9354,-10.53455,-10.75756,4.0819,32.68289,41.91784,46.09144,44.56711,38.80322,38.39516,
2025-06-23,16.3,22.7,18.675,74.666667,8.9,330.5,981.0,0,39.58569,39.94535,40.17546,40.20066,41.86579,43.9751,37.21153,17.20148,6.19435,3.6743,6.74574,6.68882,6.98616,2.67,2.48942,3.9116,7.17967,11.40124,36.15596,45.28855,48.72751,46.21634,41.19049,41.32357,
2025-06-24,15.9,20.9,17.85,78.125,7.8125,289.125,946.0,1,40.99898,41.54742,39.2684,37.40751,38.35798,41.42421,34.95279,16.02,7.52933,5.5848,10.2024,10.39227,10.9019,10.89903,9.62153,8.37,9.81991,13.41234,36.60165,44.14667,46.05355,43.92541,39.12724,38.93745,
2025-06-25,16.6,22.0,18.433333,79.583333,7.883333,311.791667,978.0,2,39.82051,38.96846,36.1126,34.64413,36.1101,39.63436,36.53835,20.20838,14.92031,14.61435,18.13382,17.69995,17.58617,18.43487,16.27735,16.4892,21.05885,26.19615,40.2111,51.67321,53.10317,46.67846,42.04276,41.23166,
2025-06-26,16.3,22.2,18.554167,81.666667,7.216667,298.458333,973.0,3,39.83448,37.14578,35.48276,34.54674,36.98285,40.32386,33.80215,21.94015,16.9882,15.64,20.09549,20.23733,20.53352,19.9389,17.64649,17.75869,19.86585,29.53014,40.69549,49.56944,49.74771,46.03582,43.12863,42.64674,
2025-06-27,15.6,23.6,18.941667,79.833333,6.141667,339.125,983.0,4,43.24035,42.21436,41.73503,40.4239,41.74967,44.81922,37.4751,24.94164,18.4981,17.74803,20.78292,20.48837,19.9458,17.50252,16.55068,20.73186,22.50162,30.1698,43.88111,56.35224,54.71153,48.67869,44.37729,44.05534,
2025-06-28,15.1,23.0,18.658333,80.333333,6.641667,345.0,995.0,5,44.85418,42.17526,39.65861,40.64497,40.56423,39.19723,34.56884,15.42613,9.6392,9.37396,12.88243,12.67243,10.7,7.7927,7.25073,11.0,18.39727,29.78198,45.07069,54.90896,55.20239,48.33343,45.86508,45.25024,
2025-06-29,15.4,20.9,18.345833,83.208333,8.604167,336.708333,983.0,6,54.85464,49.36429,46.46164,44.83999,43.69709,43.86968,34.60268,20.09795,13.72532,13.78619,16.02,16.51078,14.84218,13.89919,11.07108,18.88701,25.49543,36.21146,51.128,59.01619,58.61137,54.98203,51.79951,51.51749,
2025-06-30,16.2,21.2,18.454167,82.083333,8.720833,340.291667,981.0,0,46.43857,45.25883,44.4814,41.78984,45.13819,43.40859,41.20014,30.07315,26.66303,17.23202,30.07583,30.7186,31.96518,31.58641,32.63234,35.91884,40.67137,44.86064,56.4145,67.36633,68.12323,60.44562,55.0811,51.20155,
2025-07-01,15.7,21.4,18.245833,80.666667,8.170833,343.333333,984.0,1,48.0,47.16337,46.4017,46.24651,45.94131,47.75956,48.20493,33.9655,28.24524,26.74816,29.86891,30.63089,30.98486,30.66532,31.10209,34.14787,39.58908,44.07441,52.61397,63.51072,63.8812,55.99927,51.28528,51.48063,
2025-07-02,15.4,21.0,18.0625,79.5,6.35,332.291667,979.0,2,46.01818,46.36678,45.76453,42.46225,41.50602,44.13153,43.75125,31.5067,25.73731,24.00798,27.12692,27.08021,27.34896,27.24455,27.12998,28.55885,31.49054,38.68802,45.39687,54.57056,55.24198,48.92774,44.32223,44.99061,
2025-07-03,16.5,23.2,19.183333,74.541667,7.954167,324.083333,961.0,3,41.33397,38.71495,37.94549,38.26934,39.16325,41.17491,39.48014,28.92658,22.43304,21.9855,23.71681,23.41433,24.2443,24.15937,24.98478,26.78635,27.43519,36.24381,43.85448,50.04139,49.9889,45.42698,42.29356,40.65707,
2025-07-04,16.8,22.8,19.4125,78.791667,6.858333,333.375,974.0,4,41.69329,39.85688,40.64291,37.23924,38.34262,39.15033,31.61101,13.58471,4.40341,2.85126,8.17835,8.2962,8.63705,8.01556,7.18454,7.5494,10.17396,25.95989,39.37301,43.69935,45.67315,44.37254,41.98601,41.38138,
2025-07-05,15.5,24.8,19.554167,79.333333,6.141667,332.416667,992.0,5,43.23894,40.86687,37.658,36.28633,36.01673,37.04819,34.54531,17.56148,9.57728,8.45328,10.46632,11.19713,11.63303,11.03744,10.79132,16.23393,19.97523,32.8239,44.86756,48.74606,50.18506,48.84261,46.25719,45.59958,
2025-07-06,15.4,23.1,18.891667,80.0,6.183333,340.25,989.0,6,43.42902,42.39846,42.1208,40.79642,37.9805,38.12634,34.16787,16.35762,11.21845,10.0,12.7556,13.86617,14.16964,13.24217,14.98598,22.12769,26.14757,35.72658,47.50683,57.51766,56.99474,53.00671,48.43977,48.01473,
2025-07-07,15.6,21.6,18.4875,80.0,7.029167,317.166667,969.0,0,46.93269,40.59038,40.48151,40.03729,40.68516,46.95045,48.29663,36.39896,33.93673,32.15574,34.13369,35.23923,35.63045,34.57388,35.77182,38.53461,42.19549,46.18851,58.69832,69.78929,66.61973,61.4613,57.48948,53.88504,
2025-07-08,15.6,22.0,19.104167,76.791667,7.304167,334.375,958.0,1,52.55578,47.32676,51.63559,51.45124,51.06609,51.54382,51.87197,35.15903,30.6028,29.57367,32.55499,32.80404,33.63387,35.09493,37.16284,40.46185,44.9788,59.60251,68.20339,78.96835,73.75231,69.40975,60.8696,55.41538,
2025-07-09,16.8,24.5,20.008333,75.541667,5.733333,329.416667,958.0,2,49.29917,47.26153,47.68321,47.48258,47.23428,47.57538,47.21441,36.47196,36.46174,35.99291,36.75892,37.67153,37.47541,37.90526,38.027,42.03197,40.18245,54.62312,65.85,72.84989,68.50425,61.3526,53.3004,50.10774,
2025-07-10,16.0,25.3,20.233333,77.75,5.420833,341.0,989.0,3,45.59035,41.47475,43.08383,41.1198,40.34352,42.13751,39.8145,31.42193,26.4103,27.46325,30.31875,30.23569,29.53659,29.44862,31.26058,40.06968,36.51097,46.02908,56.96109,72.50051,66.64902,57.12088,52.4211,51.19494,
2025-07-11,17.0,24.4,19.8125,78.375,6.920833,322.541667,974.0,4,46.11278,44.89437,44.02226,44.56609,44.93357,46.70946,43.45264,30.37324,28.43971,26.15955,28.13751,28.45874,27.73115,26.87761,25.83475,33.87262,38.49014,42.05,50.09147,67.71655,63.38931,53.9176,47.96979,47.13285,
2025-07-12,17.5,24.0,19.679167,78.583333,7.841667,303.125,967.0,5,44.23728,42.70305,42.04918,41.74045,41.7799,42.48136,37.4268,21.86879,19.39023,18.26908,20.0,20.06864,19.22434,16.58318,17.42422,22.3707,27.78856,32.59264,45.03111,52.26627,51.44161,47.38876,45.69438,44.95809,
2025-07-13,17.1,21.8,18.9625,81.291667,8.6125,302.0,956.0,6,45.42083,45.66553,43.01865,41.61428,40.99822,39.14428,35.82363,23.73983,19.14058,18.7801,20.0,20.0,20.12032,18.71128,20.0,26.05358,32.17296,38.96757,46.91161,59.47794,57.53452,52.85839,45.15953,44.1871,
2025-07-14,16.2,22.0,18.441667,80.625,7.7875,300.166667,956.0,0,46.78875,45.18567,43.96788,43.86854,42.65402,49.15106,49.08414,32.49362,30.39049,27.51154,29.4751,29.59502,29.6658,29.68206,31.29145,35.27541,37.59146,42.10143,51.99339,62.43234,60.12448,55.47964,49.97121,47.66277,
2025-07-15,15.9,23.0,18.725,78.166667,6.629167,305.083333,958.0,1,47.4963,45.79121,44.73232,44.62319,43.26499,50.24277,46.79842,34.6276,30.12108,28.39596,29.10101,29.07623,28.24104,28.60152,28.3564,30.02413,32.10973,43.00485,48.74256,58.15158,54.15601,51.96652,49.58694,49.09154,
2025-07-16,15.6,23.1,18.825,77.333333,6.225,318.666667,956.0,2,47.95307,47.42589,44.95062,45.20638,45.28332,48.45766,47.29529,35.13518,30.8641,29.73211,31.87121,31.1455,31.38468,31.17122,28.90228,28.26442,32.33311,42.90974,48.40396,54.14745,54.00517,53.58579,48.54851,47.67839,
2025-07-17,16.4,22.0,19.0375,81.041667,7.275,318.291667,952.0,3,44.44878,45.33589,42.51487,41.22542,45.96902,47.2401,45.92014,35.04603,33.59525,32.70271,32.29847,32.54419,32.22666,30.17621,29.83924,30.70363,33.44676,40.89757,47.50843,52.213,51.91488,49.88598,48.53834,47.61152,
2025-07-18,17.0,22.0,19.270833,82.375,7.066667,310.208333,933.0,4,47.2713,45.48807,45.22919,43.85376,45.17552,45.27365,44.46436,33.52887,31.18137,28.57555,31.85168,31.27592,31.43076,31.25024,30.67848,31.40626,32.26537,37.94076,46.7648,49.0609,48.11277,47.81403,46.70806,47.1777,
2025-07-19,17.6,22.9,19.641667,81.5,6.975,281.583333,943.0,5,44.55986,42.62464,40.7427,39.12755,40.6823,43.11007,39.61406,23.55386,19.43362,17.9245,20.34068,19.78072,19.27048,18.94,16.8,26.06572,29.41806,35.14681,44.1867,46.76924,46.96945,46.18074,45.08461,44.61437,
2025-07-20,18.0,23.3,19.820833,79.041667,6.754167,269.666667,925.0,6,43.26948,43.01785,41.89387,40.44637,40.18018,40.67508,37.01599,22.45486,17.265,15.88749,17.63925,17.77313,18.08185,17.93153,17.0007,22.97887,29.34966,34.57696,43.45063,45.75479,45.46821,45.21922,43.69919,43.67477,
2025-07-21,18.5,23.8,20.033333,75.875,7.825,261.75,935.0,0,44.06255,41.96231,43.85753,44.88665,46.00676,46.36303,45.15227,31.25455,28.10181,26.49304,28.47988,27.84029,28.31416,28.09611,27.73417,30.20976,29.39224,36.04725,43.53863,48.17053,49.42353,48.16006,44.49747,44.36912,
2025-07-22,18.4,21.6,19.541667,78.75,8.470833,264.916667,939.0,1,42.21145,42.29088,40.89534,40.33585,42.0275,42.66481,41.71169,27.34449,19.70836,18.62546,22.24797,20.21588,20.0,21.52718,22.01566,20.0,22.46622,28.08826,41.342,44.79429,45.29951,44.08532,42.97505,43.15068,
2025-07-23,17.1,21.4,19.079167,78.916667,8.3875,317.125,971.0,2,43.24927,41.7392,38.38783,38.89,41.53049,43.03904,40.81043,25.65314,18.72199,16.79809,21.69195,21.39081,21.72089,21.81347,21.46855,22.5759,23.24107,28.54482,41.59573,43.63773,43.48,43.28996,42.36885,42.50478,
2025-07-24,15.6,22.1,18.920833,81.375,8.225,330.666667,971.0,3,42.86216,42.63732,41.34,39.80161,40.32518,41.37727,39.65874,24.30275,16.64889,14.37968,16.02,14.82794,14.71764,14.41472,14.12679,16.02,17.69475,23.21527,38.48379,41.88398,42.62284,42.20485,40.06455,39.66206,
2025-07-25,15.9,22.5,18.716667,79.375,8.204167,322.0,966.0,4,39.1838,37.24493,36.80847,36.00262,37.11789,37.69287,36.18346,19.07729,12.6079,9.69478,11.73824,11.26278,12.44163,12.50387,11.66679,11.65726,12.90468,19.43536,36.62955,41.06942,40.31255,39.05123,38.33677,38.35875,
2025-07-26,15.3,21.6,18.470833,78.0,7.095833,308.791667,952.0,5,37.9536,36.89584,35.37593,35.2167,35.27293,35.54606,33.34743,10.21325,-1.1394,-4.06335,-0.39097,-0.66989,0.57099,-0.90892,-1.31958,-1.85149,0.14499,10.28974,35.73827,39.09339,39.54595,37.82841,35.72747,36.8623,
2025-07-27,15.4,22.1,18.7,80.166667,7.1875,321.583333,958.0,6,36.70085,36.0,34.98156,33.98352,34.88922,33.68807,30.3131,8.98322,-2.80639,-5.24944,0.54616,0.86463,1.21181,0.57937,0.19772,2.48456,7.04239,21.98391,38.12146,40.90067,41.35746,39.86357,38.03368,38.21159,
2025-07-28,15.7,22.5,18.6875,81.791667,6.270833,306.041667,960.0,0,39.40251,37.97833,37.40993,37.42149,37.69983,39.34595,46.71107,30.35714,22.58928,21.09176,23.57301,23.32118,23.77962,23.51251,24.80861,27.42795,28.76946,35.72523,43.02559,52.65075,50.68547,47.78449,42.25737,40.90788,
2025-07-29,15.9,23.8,18.708333,82.583333,6.420833,317.125,957.0,1,42.6366,40.50924,38.03801,37.82301,39.81235,40.09315,43.99543,27.9194,22.18621,21.05545,23.36241,23.87596,23.44062,23.79065,25.21839,26.53551,26.71296,33.79596,43.05427,54.75279,52.54,45.11972,41.46317,41.48308,
2025-07-30,15.9,24.4,19.145833,82.208333,6.775,303.5,948.0,2,42.48613,40.5604,38.77538,38.54657,39.57805,40.43142,41.96107,26.88825,20.67668,18.79283,20.98323,20.19673,21.4655,21.112,20.30703,21.29679,26.40882,32.16385,43.93382,50.43895,50.24498,45.53482,43.69846,43.10725,
2025-07-31,15.6,24.4,19.35,82.291667,5.795833,318.166667,958.0,3,40.38384,39.84128,38.12601,37.7367,39.1053,39.87334,39.04094,21.62,15.28874,15.51523,14.79121,15.29404,15.07273,14.70281,16.19048,19.39389,21.20196,28.82285,41.67969,45.96945,44.61735,42.567,41.14021,40.54041,
2025-08-01,16.2,24.4,19.445833,80.666667,6.554167,307.666667,960.0,4,42.58143,40.95663,38.76622,38.62013,40.37559,40.94891,43.37981,25.88579,18.40381,17.49966,19.15402,19.79777,19.69011,19.25867,19.46864,20.29439,21.04751,30.40962,41.96271,45.2263,44.67012,42.41302,41.88449,41.24693,
2025-08-02,16.1,23.4,18.9375,83.166667,5.8875,301.75,956.0,5,41.74189,39.32411,39.20372,38.24263,38.73799,38.67221,34.10532,14.01466,6.17871,2.46601,6.2351,6.14824,6.25743,5.99618,6.63989,10.15912,11.62926,22.78897,39.20402,43.80109,45.14421,40.98376,39.37649,39.53905,
2025-08-03,16.0,24.4,19.375,82.0,5.925,314.833333,962.0,6,39.0264,38.34007,35.74742,34.70207,34.35584,32.17352,29.07763,12.00911,0.16915,-2.71233,2.07767,2.88432,3.12632,2.88228,4.57909,6.06555,9.46602,20.75041,38.494,44.27594,43.51197,41.32037,38.30443,38.17527,
2025-08-04,16.9,24.0,19.929167,81.0,6.183333,309.0,952.0,0,35.97909,36.01135,34.36004,34.20515,35.95566,37.82404,37.71571,25.08072,17.17589,17.96453,18.915,19.48325,18.67274,19.39401,19.29623,22.96208,26.61122,33.54743,42.76282,48.39225,47.0405,43.25838,41.75824,41.71519,
2025-08-05,17.5,25.5,20.320833,79.875,5.85,309.875,943.0,1,44.25724,41.28,40.27588,39.1261,39.96045,40.86134,41.45768,28.28263,22.57602,21.42189,23.3097,23.61447,23.5911,24.12443,25.02803,29.82614,35.88742,40.78892,52.89242,60.99427,55.88687,52.60143,48.42212,48.50092,
2025-08-06,16.9,25.8,20.7875,76.958333,5.570833,311.666667,945.0,2,43.31461,42.31012,38.82221,38.11185,40.63279,41.26706,42.4462,31.26005,28.36623,28.11576,28.05462,29.33123,29.83437,29.77989,33.35911,39.52833,41.4115,50.2115,57.53156,66.09444,61.48597,57.33828,47.09455,44.60566,
2025-08-07,16.9,28.0,21.279167,75.625,5.204167,317.5,953.0,3,42.42266,40.41498,38.89263,38.3946,38.01876,38.81185,42.226,32.77222,30.47835,30.77796,28.94343,30.59534,30.46189,31.43667,36.26198,40.2958,46.70449,59.4844,70.41618,78.72,68.52308,62.26232,53.54076,44.67369,
2025-08-08,16.8,26.0,20.629167,79.541667,5.391667,312.25,938.0,4,42.16793,41.4932,40.77372,39.61314,40.17658,41.5747,42.79715,33.30715,31.15428,31.21728,30.7047,31.07686,31.1464,30.58135,31.78415,34.26588,37.38658,45.07469,54.19761,65.5719,58.36506,53.9255,47.89234,43.81535,
2025-08-09,17.6,23.0,19.779167,81.333333,6.6125,307.375,926.0,5,43.17418,42.18885,42.17177,41.58267,41.40559,41.47596,40.37481,26.75171,26.05904,24.11644,24.07718,24.73341,25.20534,23.58981,23.0862,27.56586,27.08,40.83,46.14727,53.32415,50.7,45.17706,43.35273,42.89196,
2025-08-10,17.5,24.4,20.05,81.541667,6.25,286.166667,922.0,6,40.79018,41.05752,24.94,38.05319,37.23166,37.5199,35.77888,24.03352,20.55122,20.48849,22.78926,22.21831,21.19592,21.43497,19.74178,22.43252,28.09639,40.14956,48.41565,56.72044,53.18934,47.65126,44.19981,27.76114,
2025-08-11,17.0,26.4,20.554167,78.791667,5.7875,302.666667,925.0,0,39.58209,40.00288,38.47528,36.70514,39.13414,41.67027,42.31829,32.92968,28.05499,24.8079,25.95925,25.83623,26.47678,26.02823,27.54,30.4595,34.51273,39.74,50.72944,63.78779,58.51944,54.10178,46.53864,45.66618,
2025-08-12,18.2,25.2,20.725,79.916667,6.5875,288.083333,922.0,1,41.26573,41.21972,38.51228,38.05828,38.75813,41.93683,45.35122,34.06448,31.09748,30.75182,30.71027,30.90785,31.31968,31.37347,31.78293,37.46756,40.03,44.78847,52.42169,58.43955,52.2096,49.34205,42.67158,42.88364,
2025-08-13,18.1,23.9,20.058333,82.041667,6.458333,278.583333,922.0,2,39.25845,37.54593,36.90931,36.46466,37.75822,40.74338,42.73059,32.63219,29.56479,27.1,27.19855,27.18976,27.36,28.3672,30.62,32.66706,31.06065,35.66227,43.65266,49.69021,47.32481,45.29287,42.75949,41.36157,
2025-08-14,17.6,24.1,19.929167,80.916667,6.441667,296.208333,932.0,3,42.22911,39.927,40.03141,39.54365,41.83227,42.93652,43.23545,30.76836,22.51306,20.91875,22.88725,24.16568,23.9465,24.15324,25.04047,28.05456,29.43586,33.65,44.39077,47.20012,46.31167,45.13133,43.2904,42.79793,
2025-08-15,17.9,24.5,20.575,74.541667,7.7625,283.625,927.0,4,40.37671,37.22045,35.8951,35.79379,37.48222,41.26922,42.08973,31.45342,22.88,20.71189,22.53331,22.87,22.94965,22.82897,23.04923,24.05434,25.41109,34.6802,41.12221,43.24413,42.74283,41.41748,40.34178,40.12177,
2025-08-16,18.6,24.0,20.425,76.833333,8.0375,267.5,916.0,5,39.89138,39.66637,38.48334,38.30859,38.5698,39.77909,38.38791,24.70025,12.07274,11.09836,12.36883,13.42609,13.37699,12.52059,11.88434,12.71481,13.0,24.57465,37.97657,39.02022,38.95677,38.35347,37.59827,37.18295,
2025-08-17,17.5,24.2,20.25,81.875,7.716667,287.583333,915.0,6,40.26128,42.20024,40.08663,39.1029,39.95947,39.34796,36.9744,19.57263,5.90876,4.04903,6.49454,6.3406,7.21164,6.70143,6.63777,8.63538,12.59014,28.91134,42.68277,43.3874,43.32596,42.98917,42.70858,42.33505,
2025-08-18,17.5,25.5,20.670833,83.166667,6.479167,294.583333,923.0,0,42.19776,41.46847,40.52531,38.84339,39.56348,40.44136,40.5417,28.39919,18.3783,17.18362,18.28499,18.21007,18.91845,19.33,19.5237,22.068,22.05496,35.14513,45.10869,50.28664,48.83777,45.16752,44.14728,43.89972,
2025-08-19,17.5,26.5,21.025,80.791667,5.645833,298.208333,924.0,1,47.44832,43.78735,40.80501,40.23738,40.73833,43.92,47.61726,35.9114,26.43871,24.48126,25.32255,26.74763,26.7645,26.95452,28.65351,34.45508,32.04841,41.33795,52.79545,58.28051,54.00099,52.8431,49.96822,44.5038,
2025-08-20,17.5,27.1,21.7375,76.0,5.333333,298.625,914.0,2,43.0762,40.46168,39.81424,39.66332,40.36568,44.71123,48.0067,36.61356,30.15482,28.74183,31.20601,31.36932,32.48473,34.92996,38.23953,42.85849,44.45685,53.09161,63.95308,64.73492,59.56579,56.62061,51.93405,47.30937,
2025-08-21,18.9,28.8,23.3125,72.25,4.579167,274.166667,883.0,3,50.03065,46.79062,44.28622,44.44048,45.05503,49.54892,52.88054,42.40348,35.93649,33.10849,34.57643,35.78283,38.91753,40.82382,42.3501,52.09312,53.55747,62.29496,90.22,100.22,83.19688,68.23781,62.47955,53.68752,
2025-08-22,20.6,29.9,24.070833,70.541667,4.395833,287.875,897.0,4,61.20342,53.83805,51.66014,50.98761,51.13386,53.26913,60.42953,49.06958,46.79016,48.04627,48.2985,46.41629,46.86749,49.63746,55.67,59.66307,61.56426,71.11147,95.71428,112.58687,87.67549,73.91526,63.2453,61.38459,
2025-08-23,20.2,27.4,23.120833,76.791667,6.783333,267.25,884.0,5,55.77063,51.61622,47.44232,46.41858,46.33143,45.62482,46.79331,43.69196,41.76965,42.45871,44.8758,44.98799,45.0101,45.72178,50.84761,57.00735,57.98305,62.97721,72.92775,83.77043,69.0,65.39081,58.60459,55.69807,
2025-08-24,20.4,26.9,22.9375,77.916667,5.345833,274.458333,883.0,6,53.27846,49.7548,47.67864,44.80354,44.81404,43.18355,43.10284,37.15391,33.64319,31.56436,32.27182,35.95517,36.40478,37.57116,39.7,44.1544,53.15861,59.95911,75.46787,78.11641,66.73988,62.63065,58.0298,55.11404,
2025-08-25,18.9,25.8,22.0375,79.291667,5.579167,286.0,889.0,0,49.87116,45.70877,45.6054,45.84759,46.49059,46.63685,58.04125,47.22278,40.94977,42.72821,42.98646,43.28,45.11328,50.3768,58.28,64.01465,65.2098,67.22673,79.02595,78.91174,69.64149,66.96699,58.78977,56.32691,
2025-08-26,18.9,24.2,21.041667,81.25,5.783333,280.416667,881.0,1,46.25702,44.59982,42.50659,42.88032,41.97232,43.06928,52.60741,43.65948,41.5811,41.70827,39.74437,40.88053,42.48423,43.04117,45.72439,50.03267,48.12778,54.73996,57.81081,63.62558,60.10368,59.14392,53.08444,47.73714,
2025-08-27,17.8,26.8,21.4625,77.166667,6.0125,280.125,896.0,2,43.82082,41.58105,41.1165,40.43274,41.01916,41.77892,45.7519,40.57365,31.55095,30.5702,29.64276,29.63658,30.92928,29.59876,33.40934,36.06704,39.187,44.9478,50.30786,50.9672,49.53279,50.02372,48.52507,46.58069,
2025-08-28,18.9,27.5,22.508333,71.791667,5.129167,202.0,644.0,3,42.73493,41.32939,40.82353,40.76271,40.95289,41.1291,47.46518,42.45835,41.5121,41.01181,40.43984,39.66322,39.25396,39.48485,40.30887,47.71344,48.24844,48.42935,54.55923,55.12965,53.94376,54.48012,52.17002,45.24211,
2025-08-29,18.4,28.4,22.5375,70.25,5.641667,285.875,896.0,4,40.90611,39.04175,37.27533,36.98265,38.82719,39.37742,42.16955,35.66823,22.14289,21.09432,20.71989,20.67796,22.36682,22.49503,23.30608,24.96783,27.3432,38.82451,54.27203,54.96199,52.10004,52.31347,50.78358,46.82669,
2025-08-30,19.0,27.2,22.504167,73.166667,4.8,285.916667,897.0,5,41.06778,41.03786,37.9883,39.69674,41.0055,41.65448,42.70461,30.03531,22.43802,21.92853,22.27905,24.32942,23.99766,22.96611,23.0,27.54808,32.70795,41.01659,49.62821,59.62025,49.67691,50.20721,48.41989,48.05397,
2025-08-31,19.4,27.1,22.516667,77.208333,5.433333,279.833333,882.0,6,44.78109,43.84679,40.29554,40.22864,39.64912,38.99323,39.58572,29.53409,21.57754,21.38124,21.92385,23.55989,24.62969,25.12347,28.57137,34.11098,39.22629,45.18912,53.78327,65.18687,53.19875,53.49188,51.96966,47.78666,
2025-09-01,19.2,26.6,22.395833,77.541667,5.904167,275.5,884.0,0,44.45862,40.92851,39.32543,40.09653,40.08084,40.51609,40.05149,31.10031,26.25057,25.0191,25.52826,28.82783,28.6792,30.86217,31.79413,36.47074,42.2257,53.30063,59.37527,64.82575,59.47209,56.4921,56.18795,52.7922,
2025-09-02,20.0,26.1,23.020833,78.0,7.625,246.75,739.0,1,61.94301,55.60224,54.87858,54.88449,55.36788,56.06842,63.6296,56.2744,54.77574,54.08,54.47236,54.96232,54.96724,54.83383,60.64698,64.05241,64.74456,69.78297,85.82555,88.93071,79.06544,79.90051,76.73578,73.39228,
2025-09-03,20.0,28.2,23.270833,74.333333,6.033333,275.333333,873.0,2,67.20115,64.3834,58.3418,54.99754,55.14562,54.80804,65.64528,54.77087,45.2202,44.29845,41.80624,42.4641,44.21167,44.38049,50.07013,57.22436,58.40655,65.25055,86.90274,86.14363,72.93947,71.18101,67.51551,64.35622,
2025-09-04,19.4,26.0,22.1,80.0,6.345833,274.375,879.0,3,53.75509,47.95618,46.78532,46.56366,46.6466,46.50969,57.93283,46.14836,37.53142,34.79215,33.71796,34.95555,35.3907,35.82834,37.1989,40.57603,45.0,51.70137,58.57913,63.41953,58.09221,57.86504,53.21663,49.3653,
2025-09-05,17.8,25.5,20.9875,82.0,5.691667,279.458333,890.0,4,44.70219,43.29774,41.57962,41.39939,41.421,46.27291,51.94227,41.39376,31.32751,28.24112,27.68077,29.24,29.97468,30.34405,29.90616,30.97791,34.90906,46.56629,48.63,52.15828,50.71156,51.71738,50.81123,51.13345,
2025-09-06,17.0,25.0,20.816667,80.375,5.4375,275.541667,882.0,5,47.86187,45.36687,43.97815,43.21338,43.89567,43.96592,48.50078,36.64423,18.90736,16.81678,17.39385,17.60776,16.1143,17.66134,18.5732,20.9167,31.36038,45.20852,52.81547,54.40471,49.96257,50.10926,47.84343,48.11424,
2025-09-07,17.6,26.0,21.75,73.666667,5.6625,272.833333,873.0,6,45.75555,45.3137,43.7843,42.9,39.84375,44.3673,43.84835,26.9063,14.35009,10.38609,8.73374,11.30607,13.10241,13.63051,12.99443,21.45263,28.37948,41.81513,46.64627,49.57455,46.99401,47.02825,47.1539,46.67127,
2025-09-08,17.9,24.9,21.0,79.625,7.325,276.666667,883.0,0,42.22746,41.45047,40.32377,40.48642,41.55222,43.6781,49.48223,40.69011,21.79517,21.51065,22.4349,23.50361,24.11353,24.48259,24.98012,26.75493,29.59758,42.47151,48.0247,57.10751,51.61638,51.42523,48.80595,46.79623,
2025-09-09,18.1,25.5,20.954167,79.291667,8.370833,262.458333,863.0,1,32.47191,43.42965,41.11007,40.73143,42.5903,42.89339,49.16094,40.25419,18.81797,14.3481,18.16381,18.92669,18.93244,18.74628,17.72072,21.18522,24.23891,39.92326,45.02411,47.15691,39.76,45.49965,44.2391,43.29975,
2025-09-10,18.5,24.5,21.029167,75.833333,8.758333,252.875,847.0,2,40.74284,39.47996,37.78795,37.57591,39.81778,39.35201,46.6467,39.02369,14.16806,10.95905,9.8458,10.54897,12.22483,12.10431,10.56987,12.78,15.99668,36.46007,45.42366,47.84042,47.30992,46.35587,44.24412,43.33095,
2025-09-11,17.6,23.5,20.333333,81.25,7.058333,245.958333,825.0,3,41.42527,40.05862,38.51184,38.4388,40.13701,40.83896,47.5973,40.94902,13.58027,7.23556,7.36408,7.87,10.33325,10.95795,9.63232,9.59383,5.06207,34.16697,45.88627,47.08,46.06028,45.5097,43.35567,42.69855,
2025-09-12,18.0,25.4,20.629167,80.375,7.383333,239.25,844.0,4,42.81875,39.92063,39.26779,39.12527,39.01499,40.75722,46.58088,39.08127,11.28294,6.6955,9.44384,9.89624,10.8415,10.0738,9.0,8.66399,11.86001,35.92294,43.08687,43.87395,42.48834,42.34793,41.2604,40.31055,
2025-09-13,18.5,24.5,20.591667,81.5,7.35,233.125,845.0,5,41.34816,39.7512,39.08,38.82116,39.42187,40.22159,42.57361,31.44214,3.28037,0.1433,3.93906,4.07086,4.66352,5.74123,4.64074,5.0,10.71406,37.3796,44.94034,44.36336,44.05499,43.55447,42.08614,42.37579,
2025-09-14,18.3,25.0,20.5,82.5,5.7,226.625,850.0,6,43.32807,41.21242,39.55,39.05021,42.02959,40.81882,40.0,25.36449,5.99042,1.73584,5.30549,4.54575,4.24507,4.85809,4.61544,6.09591,17.0,36.39977,47.12516,48.91,47.11652,46.57146,45.97543,45.59593,
2025-09-15,18.0,25.9,20.795833,84.166667,5.2,248.333333,852.0,0,46.11001,42.16265,41.96175,41.45858,45.60874,47.57988,51.21615,39.97503,21.74154,20.82454,22.22497,23.0947,23.34551,23.10479,23.00114,27.27398,32.76891,51.86574,60.95705,61.06751,57.43597,56.73031,55.66402,52.71336,
2025-09-16,17.9,25.6,21.275,81.625,5.770833,227.833333,792.0,1,51.88287,49.85956,47.27151,46.95619,47.54079,49.91065,57.20047,47.10467,25.77354,22.61076,21.21993,21.77107,20.82024,22.13986,25.51042,28.88431,39.29282,58.42347,74.49508,69.1887,63.36329,63.55912,60.60369,53.71123,
2025-09-17,19.9,25.4,21.954167,79.041667,6.108333,181.208333,733.0,2,49.81754,47.93629,45.33338,45.04144,45.53977,47.36989,53.19151,48.94753,34.88108,29.85986,32.15663,32.87088,32.9437,32.49762,37.06268,42.33178,51.72132,63.38527,64.69487,58.17287,55.5325,58.33859,56.67553,49.78249,
2025-09-18,19.9,25.5,21.6875,89.5,4.933333,187.75,643.0,3,55.96991,51.40068,50.28029,50.18946,50.56357,50.8486,57.95477,57.83179,51.84019,51.10165,50.36307,49.96429,49.22886,49.46185,50.35435,50.56174,54.53979,58.37202,59.24074,59.8346,59.73104,58.80973,55.88823,53.08334,
2025-09-19,19.5,25.2,21.1875,90.083333,5.320833,221.208333,772.0,4,49.21161,48.23634,45.40593,44.9631,46.57307,47.67473,54.84214,48.67034,35.36484,28.75895,31.90241,31.14268,30.84104,30.94419,30.68802,31.32559,33.80095,48.80016,52.43079,52.2662,51.76621,51.18035,49.14757,48.61778,
2025-09-20,18.7,23.9,20.641667,91.416667,4.9875,235.958333,805.0,5,45.23819,44.76736,43.85341,43.95516,43.83383,43.91181,45.40129,37.82086,24.6282,20.48791,22.28725,22.50829,21.6153,22.50265,22.12753,23.72173,28.23058,45.48492,50.30255,50.08,48.00658,48.11693,46.17511,46.08,
2025-09-21,17.7,24.2,20.266667,89.25,4.479167,185.666667,744.0,6,49.27925,48.25523,45.84971,43.93718,43.83,42.00055,43.65497,34.84434,28.13163,25.66135,28.69579,28.40959,28.5115,28.67787,28.27157,30.74949,36.92359,47.89112,48.72494,49.28809,48.07513,48.00446,48.28217,47.91147,
2025-09-22,18.0,26.2,20.7125,86.958333,4.845833,228.416667,806.0,0,45.17749,44.56497,40.65866,40.64146,41.30689,43.14042,50.78564,43.06143,24.78054,19.51,18.58509,31.96183,30.93381,31.41218,29.20149,33.57374,31.41906,50.5699,57.32013,59.54591,56.09624,56.39406,53.66167,48.48508,
2025-09-23,18.0,27.1,21.7,82.166667,5.4625,199.75,731.0,1,48.24308,49.08,44.76277,44.57086,45.06615,48.73623,54.9509,46.66406,34.46029,28.89405,31.0675,29.04515,32.18552,29.64591,32.79878,33.86355,43.79858,63.04947,73.9687,67.58019,66.67249,66.34405,65.7712,61.23839,
2025-09-24,20.1,25.0,21.908333,82.791667,8.454167,227.75,775.0,2,40.0,46.51142,42.75371,41.79058,43.06116,46.66837,52.4711,46.65648,36.21367,33.45114,34.55837,33.8761,32.19,32.74317,34.45869,33.36959,36.16004,52.0905,56.60888,55.24007,55.45464,54.80419,52.90968,51.66367,
2025-09-25,18.0,23.9,20.375,85.291667,6.625,220.916667,779.0,3,47.23348,46.2371,44.59306,42.72065,43.75394,46.86104,49.77131,42.66431,22.37109,16.08708,17.27176,16.72463,16.88,16.54156,15.43598,13.152,19.87,42.91065,46.74959,46.37112,45.61008,45.23313,44.05908,43.68554,
2025-09-26,18.8,23.5,20.304167,81.25,7.6375,135.0,470.0,4,38.35249,36.55796,36.87292,35.87116,37.09886,39.36865,45.84681,41.25505,18.1201,16.82028,16.49816,16.1934,15.48569,15.53147,13.2865,14.1207,24.50396,42.26568,45.6783,44.24995,44.0278,44.92137,43.81241,44.4472,
2025-09-27,18.5,24.0,20.65,77.541667,5.4875,152.25,581.0,5,45.89485,45.49328,42.9476,42.61831,43.08,44.78314,46.40002,38.79652,23.94249,21.62951,22.46874,20.86402,21.60085,21.62926,21.35319,23.51527,29.78933,42.53642,43.43323,43.62167,44.6696,44.01453,43.45511,42.88968,
2025-09-28,17.9,23.5,20.620833,75.541667,6.133333,151.458333,601.0,6,45.57832,44.42479,42.10598,41.84183,42.79081,41.5895,39.82754,31.96551,12.67382,9.13,10.26866,11.56226,9.11,9.27112,9.2486,8.0,12.87075,38.66463,44.63302,45.0345,44.97913,45.27122,45.28481,45.01768,
2025-09-29,17.5,22.9,20.045833,78.333333,8.3,216.75,749.0,0,45.27151,44.88255,42.02967,42.16038,44.0,46.6481,50.82781,41.40211,24.59455,23.82167,23.08978,23.04402,22.263,22.71371,23.01138,23.27967,27.86461,43.51592,45.31461,45.30451,44.7896,45.1846,44.09069,44.14979,
2025-09-30,17.1,22.2,19.5125,78.208333,7.4,206.666667,734.0,1,39.9,39.61824,36.48424,36.15408,36.54859,39.9001,45.35122,38.52394,11.83849,4.31718,5.03825,4.1509,4.86932,4.63893,3.46,3.16679,5.57334,33.11768,39.4077,39.54161,39.26994,40.08,38.24687,37.89718,
2025-10-01,18.0,23.4,19.854167,81.833333,7.304167,206.625,750.0,2,36.96703,36.38145,35.58983,35.12589,36.2215,36.36381,44.10818,34.15896,8.07097,5.11983,5.63304,4.24048,4.38,4.59126,3.3195,2.95971,4.50483,36.87338,41.66019,40.88833,40.47562,40.91186,39.64727,39.0784,
2025-10-02,16.0,23.9,19.529167,80.75,5.5625,213.583333,737.0,3,48.42571,46.92075,43.10097,43.11596,43.35027,45.46091,51.7166,38.4763,7.26,3.95025,3.53592,3.13799,3.31071,3.08145,2.93627,3.0567,6.3593,40.65546,42.73602,42.35821,42.01949,42.52942,41.7843,41.21892,
2025-10-03,17.9,22.8,20.016667,79.666667,7.95,192.125,734.0,4,42.21322,39.82335,37.46782,37.03808,38.98624,39.65126,45.17129,35.38717,0.60043,-4.0,-5.13375,-4.69868,-4.93602,-4.92573,-6.64544,-6.05221,-3.15076,30.32716,35.47423,34.72602,34.68595,34.8734,34.03351,35.01295,
2025-10-04,14.9,24.1,18.995833,73.0,6.504167,212.541667,741.0,5,31.76588,31.99998,31.48889,31.85256,31.70744,33.11422,34.8721,24.12934,-7.2958,-11.09736,-9.17477,-9.35266,-8.96416,-9.20885,-9.41688,-10.01734,-6.50625,25.75457,37.66217,39.13211,38.86633,39.62553,39.48479,39.47373,
2025-10-05,15.4,23.6,18.933333,78.916667,5.645833,210.458333,739.0,6,44.47,44.22283,44.006,43.64006,43.27091,44.26533,44.09091,26.74,-6.29913,-15.21209,-12.79202,-11.48362,-13.22084,-12.22121,-12.15075,-12.73107,-0.7,35.94324,44.49886,46.47273,45.8914,46.59462,45.85755,45.90447,
2025-10-06,14.8,22.8,18.466667,83.625,5.0625,206.208333,736.0,0,46.67299,45.58163,43.75238,42.76292,42.26116,45.05983,50.4993,46.12052,11.09045,6.76338,8.11559,7.92401,8.14906,4.3252,4.75762,6.63051,16.13796,46.17762,49.96809,49.03148,47.23866,46.54629,46.1455,45.44535,
2025-10-07,16.1,21.5,18.308333,85.083333,5.945833,183.541667,706.0,1,44.87088,43.01287,41.54808,41.68998,42.11082,45.21931,51.40195,45.28114,17.03197,14.34081,13.85577,14.63626,12.8626,13.84,13.26685,13.664,27.12072,46.55773,51.10315,50.0,49.60795,50.48363,49.18219,47.16067,
2025-10-08,15.4,20.9,18.0375,81.833333,7.104167,196.458333,714.0,2,44.72323,40.91038,40.5432,40.39846,40.30724,43.1003,51.52936,47.89418,23.8982,16.98783,17.55039,17.86972,18.46272,18.7797,19.54918,19.36597,27.02915,47.38707,50.00657,50.06497,49.06632,48.90775,47.20553,46.62415,
2025-10-09,14.1,23.5,18.633333,75.958333,5.508333,202.958333,692.0,3,47.66956,43.0931,43.07722,43.09295,43.3408,46.50519,55.57204,52.06916,34.00067,26.84164,29.52374,29.36875,30.20374,30.40086,30.96701,31.98695,42.5571,50.2025,51.94481,51.02587,50.75001,52.108,50.35368,48.75251,
2025-10-10,17.3,25.4,20.883333,69.791667,4.504167,180.958333,672.0,4,46.51637,46.7344,44.60681,42.87395,42.51893,44.09347,52.01808,49.85012,39.69566,32.15202,35.17935,34.49117,35.0127,34.26937,35.25371,35.70794,42.70712,51.16648,52.02578,51.39894,49.72671,49.26586,48.9933,46.56713,
2025-10-11,15.1,24.8,20.258333,66.25,5.308333,205.5,728.0,5,39.98336,36.6686,36.75505,36.29385,35.83615,36.2568,43.3374,35.94971,2.57891,-8.81885,-4.82538,-3.95873,-3.36221,-3.56091,-3.91641,-4.32746,-2.42539,38.55779,41.65331,40.56957,40.24861,40.42128,38.50803,38.11102,
2025-10-12,14.8,23.1,18.333333,77.75,6.5125,195.708333,727.0,6,37.65436,35.85671,34.87296,33.57405,32.85987,34.00977,37.70238,33.04264,-0.92617,-8.07537,-4.91706,-3.84115,-3.69726,-3.99084,-5.435,-4.42406,6.82756,43.86301,45.45845,45.22196,44.71201,44.58064,44.61513,43.97771,
2025-10-13,15.4,21.0,17.804167,75.75,12.204167,160.291667,579.0,0,43.78162,40.54107,40.25095,39.83739,40.13729,41.44762,48.08395,37.56251,13.80616,7.22004,6.62943,7.72538,7.69408,8.2764,8.09061,8.69724,13.74472,37.53317,40.56428,39.42634,39.6196,39.21622,39.1723,38.92209,
2025-10-14,13.1,17.8,15.908333,77.708333,12.670833,80.291667,503.0,1,43.28657,41.54239,41.9054,41.87221,42.20803,45.93341,52.35698,50.26104,33.30649,28.37838,27.44966,26.91,27.36031,26.9987,26.00423,25.66272,27.45781,45.662,50.30932,47.75662,45.72466,45.89265,44.18987,42.87316,
2025-10-15,11.6,18.4,15.070833,76.416667,6.670833,191.5,694.0,2,44.55056,42.0388,42.11568,42.06149,42.28026,47.20968,55.46232,51.68125,13.37824,0.72175,1.40481,0.60202,-0.51494,-0.53814,-1.07429,-1.27402,2.76324,40.34487,46.26865,45.42628,45.15298,45.18627,44.53962,43.20602,
2025-10-16,10.8,21.3,15.858333,73.458333,4.641667,193.583333,700.0,3,43.46221,43.27069,43.24596,43.17305,43.36417,46.24216,52.65408,49.8701,16.14612,-1.3301,-0.05399,-0.46625,0.18,-0.05305,-2.50919,-2.53822,13.39812,45.14115,46.55253,46.73443,46.4566,46.26836,45.05383,44.68281,
2025-10-17,12.0,23.0,17.241667,71.083333,6.679167,192.708333,700.0,4,48.12579,42.74494,41.36914,41.07059,41.41312,47.92013,53.52465,46.43318,5.93937,-3.84061,-2.55505,-1.37268,-1.62587,-0.73521,-1.45915,-2.28826,11.73325,46.24727,48.4916,49.06948,48.12974,48.53365,48.09368,47.47513,
2025-10-18,14.4,24.9,18.541667,68.291667,6.533333,190.083333,691.0,5,44.54147,43.43651,42.1783,41.30438,41.25397,42.44809,44.87567,39.70463,6.16,-3.58,-2.63878,-1.28829,-1.69305,-1.80274,-1.18714,-0.66371,15.50086,44.38706,47.55535,46.20662,44.36356,44.39164,43.43427,43.08791,
2025-10-19,14.9,24.5,18.520833,74.0,5.891667,187.416667,689.0,6,42.24789,38.83702,36.84774,36.81626,35.97595,36.85536,40.92,30.82,3.00956,-6.33836,-5.54492,-2.44742,-2.59207,-2.52987,-2.03929,-0.27859,15.47043,39.73265,40.89202,39.96287,38.991,38.68977,38.19006,37.36344,
2025-10-20,13.4,24.4,17.795833,80.041667,5.879167,181.833333,686.0,0,33.69842,32.96827,32.82914,32.72819,33.42232,38.76172,51.94616,49.15129,19.5825,10.47092,11.53051,11.78831,12.16604,12.4074,12.2309,13.22665,28.95531,51.1033,55.14936,51.18221,50.5854,50.07052,48.65431,47.58503,
2025-10-21,12.4,23.0,16.875,85.166667,5.708333,171.583333,638.0,1,44.94993,42.43357,42.18939,42.09367,42.36923,46.97099,53.54811,50.97119,24.65374,15.76729,14.53411,14.02224,14.34001,15.91487,16.07293,18.91237,37.36027,52.79186,51.51686,49.585,49.29834,49.26896,47.8781,45.4143,
2025-10-22,14.4,20.3,17.041667,84.666667,7.6125,165.0,646.0,2,44.53071,40.11132,39.25782,39.10392,39.36362,42.03381,48.74227,45.42507,25.35637,12.5367,11.51885,11.5508,12.24207,11.11531,8.30449,11.16053,20.2804,43.18248,46.15639,44.87,42.8544,42.9568,41.88875,41.076,
2025-10-23,13.1,21.8,16.858333,84.791667,6.383333,163.708333,647.0,3,42.57274,40.96272,41.01571,40.77692,40.93613,45.17048,53.00505,50.24159,20.7576,10.23661,9.8517,10.30676,10.49654,10.00007,10.41018,8.2714,22.34366,48.47744,48.61575,48.85783,48.25885,48.16301,46.84205,46.81439,
2025-10-24,14.2,22.8,17.15,89.083333,6.225,164.75,652.0,4,53.15089,47.19851,46.5026,46.41447,46.44627,49.97487,57.05055,53.70559,29.01312,13.7074,14.71801,15.36642,15.1983,15.71221,15.6,15.52231,30.06717,48.71889,48.70066,46.34652,45.78619,46.43705,45.09385,44.95253,
2025-10-25,14.9,19.8,16.725,90.875,5.016667,136.375,591.0,5,42.96672,40.87683,40.95716,40.61334,40.83107,42.80599,48.44364,42.25437,14.83594,-4.44786,-1.66841,-1.33192,-1.04674,-2.51457,-1.04625,-0.63627,17.60405,39.7015,40.52343,40.31081,40.35312,39.9197,38.95563,35.58154,
2025-10-26,12.9,19.8,16.329167,89.875,4.6375,160.083333,626.0,6,36.26561,35.98015,35.80605,35.8131,35.69899,36.12396,40.14375,34.09043,-0.99567,-13.70011,-13.50248,-15.85509,-13.64881,-14.59317,-13.96526,-16.13594,5.0474,39.35251,40.7177,40.40616,40.24852,40.46017,40.00208,39.78572,
2025-10-27,14.4,21.3,16.4875,90.583333,5.616667,141.0,597.0,0,38.70467,38.10376,37.9534,37.74763,38.12005,40.29513,48.66008,42.50244,11.7822,8.50248,6.78684,7.88643,8.26599,8.75263,8.40432,7.44894,30.67414,49.4441,49.60245,49.25246,48.54791,48.86961,46.96336,44.77827,
2025-10-28,13.6,27.4,18.620833,78.583333,5.345833,176.75,662.0,1,49.43536,45.11256,44.89687,44.99775,44.83922,46.24323,56.42166,55.18308,20.81069,11.20718,12.99186,14.00965,13.89946,14.16622,14.48768,16.00397,35.12419,54.25686,55.3345,55.50138,54.49554,53.99984,52.22267,50.21917,
2025-10-29,15.4,30.6,20.870833,50.041667,7.158333,178.833333,666.0,2,50.50951,47.49491,45.77601,45.52708,45.21347,45.72529,55.29956,54.48735,25.47952,17.34089,17.54615,20.25693,20.15098,20.98157,21.42849,22.93879,41.51687,60.21043,62.70027,59.33646,59.31594,58.73,54.07624,51.49907,
2025-10-30,15.5,28.0,20.15,51.75,5.841667,176.666667,659.0,3,47.88243,46.90556,45.13521,45.19999,45.26322,50.28174,53.98827,52.88648,25.86272,17.43727,16.87937,17.31618,19.6469,20.41327,20.68559,21.87434,38.75395,55.01538,54.77271,53.70726,52.96081,52.61246,50.50086,49.92154,
2025-10-31,15.4,22.5,17.870833,86.458333,4.804167,157.875,637.0,4,42.54807,41.53563,41.85881,41.84527,42.00186,46.30502,50.39553,48.52675,25.86,9.0,12.22212,13.94205,13.87793,14.47907,12.75322,12.08078,33.48772,49.73857,49.20411,48.9099,48.49469,49.09523,48.0626,47.59329,
2025-11-01,13.7,20.6,16.5875,90.208333,4.770833,150.666667,621.0,5,52.0695,48.73,46.39944,44.9296,44.38025,44.79506,49.40641,45.26972,16.73427,4.44263,-0.09586,3.78398,3.57924,2.93223,-0.45943,-0.68525,27.99895,49.23205,49.92739,49.36095,49.0126,48.69897,48.20983,47.41571,
2025-11-02,14.7,20.5,16.848,89.48,4.652,146.88,613.0,6,50.80462,51.93484,45.97836,44.36971,45.60817,43.76412,38.5795,10.48256,0.42748,1.05183,1.01883,1.76426,1.79802,0.97626,6.25229,35.5644,53.76387,53.04519,51.96603,52.12705,50.73412,51.66992,50.52711,46.59293,49.87178
2025-11-03,14.1,21.1,16.575,86.833333,3.795833,148.0,610.0,0,48.45166,48.2692,48.53638,48.45513,50.4752,54.86717,59.27243,42.23332,27.87724,22.85905,26.24763,28.00963,26.29796,26.16467,26.30427,43.45357,55.11935,57.45176,54.93618,54.53186,54.08413,53.89531,50.8257,48.63459,
2025-11-04,12.9,20.8,15.9375,87.875,4.345833,155.5,625.0,1,48.54387,48.489,47.72418,48.11691,51.5183,51.81169,55.77104,35.74,21.14389,19.60527,18.96671,18.55843,18.60549,18.43242,19.0484,35.84739,57.25902,59.85105,57.40344,57.23523,57.00671,55.89383,53.87435,51.52214,
2025-11-05,13.7,19.5,16.429167,79.0,6.629167,125.166667,483.0,2,45.81803,45.02748,44.45536,42.79986,44.19921,45.98293,52.01718,26.23072,22.40171,22.49097,22.16153,22.49732,22.37153,22.10193,23.43086,34.92191,49.63122,49.02638,48.88158,48.49869,48.31982,48.08561,45.96073,44.51427,
2025-11-06,12.1,21.4,16.475,80.208333,5.108333,162.291667,620.0,3,32.0,31.8,31.8,32.0,32.0,24.99,20.0,1.25,-4.0,-4.0,-4.3,-18.01,6.71377,6.07526,7.70479,20.75811,44.93034,46.86052,44.58725,44.20527,43.94618,44.25961,43.03409,43.38094,
2025-11-07,14.1,22.5,17.233333,79.833333,5.866667,153.458333,615.0,4,40.72366,40.54798,39.03065,38.85956,40.74917,43.11869,46.03673,26.77618,8.46496,7.46723,7.03165,6.71553,7.28921,7.08609,7.01038,31.79522,46.8156,45.4824,46.13442,46.97343,47.60794,47.90067,46.83666,46.93126,
2025-11-08,15.1,24.0,18.433333,85.083333,4.641667,146.541667,608.0,5,46.34938,45.73065,44.94405,44.64193,45.42842,44.97893,45.64606,6.62113,-0.81066,-3.83684,-2.79322,-2.78131,-3.25315,-3.45036,-3.28119,23.02881,45.78535,48.37682,47.23429,47.5737,48.12648,47.95274,47.32523,47.38718,
2025-11-09,14.1,24.0,17.433333,80.208333,4.795833,156.541667,610.0,6,44.66358,44.76164,42.63997,44.13611,40.51993,43.16001,36.7569,12.23319,-6.05387,-8.42525,-8.37367,-8.08623,-7.62277,-6.74519,-3.60808,30.13322,49.64034,47.69961,47.5891,46.78515,46.84438,46.98938,46.69171,44.36935,
2025-11-10,14.0,23.4,17.691667,74.833333,5.466667,156.041667,620.0,0,46.43886,45.88973,44.99055,44.95825,44.70941,46.04622,52.8539,28.69021,19.59644,14.9,16.78442,20.11355,19.76702,20.30933,21.73844,46.9242,55.14563,54.1075,51.09657,51.89413,52.20687,52.00594,49.17581,47.79024,
2025-11-11,14.5,20.7,16.891667,85.75,6.520833,128.416667,568.0,1,46.5868,45.42572,44.21213,44.52838,44.65513,47.36129,53.75611,39.37915,30.36201,33.90885,33.81998,34.65855,38.1469,37.35328,44.33298,54.19516,56.97031,56.54221,57.14694,56.24189,56.21,55.51,51.06736,49.44537,
2025-11-12,14.2,20.2,16.575,87.958333,4.2,81.5,456.0,2,48.21468,45.84552,45.35971,44.85878,46.08,47.54427,55.87847,48.83741,44.99591,45.44909,44.73026,44.67237,43.7632,43.78378,44.66856,54.59482,58.94352,57.10572,55.22969,54.64102,50.41914,52.86349,47.83135,45.28247,
2025-11-13,13.9,22.8,17.9,79.75,5.183333,118.041667,496.0,3,47.38298,46.58336,42.67777,41.99364,42.64474,45.90161,49.22795,37.7418,28.40843,27.14326,26.54029,26.75337,27.27,27.12385,29.65066,48.14372,51.12781,52.84746,50.33551,49.85879,49.84603,49.80858,47.24763,45.97085,
2025-11-14,15.6,17.5,16.625,91.333333,9.816667,23.958333,110.0,4,42.79339,42.10781,41.86374,41.55244,41.99791,42.32875,50.55977,44.53252,46.81616,48.46718,47.10992,47.40793,44.74221,46.94,48.91747,54.477,54.9925,55.16293,54.56083,52.90634,52.52214,51.48558,46.06435,46.45096,
2025-11-15,13.4,16.8,15.158333,93.708333,8.854167,14.916667,64.0,5,44.85385,42.6926,41.63337,41.29709,41.06706,41.56676,42.67492,42.11224,43.76002,44.6204,43.1057,43.66109,43.93857,45.17825,47.95883,50.05227,50.64856,50.49395,49.37858,49.06696,49.29633,47.34,45.08,43.73797,
2025-11-16,12.1,16.7,13.95,89.5,7.129167,66.333333,514.0,6,43.88685,42.76956,38.34069,36.58897,37.89058,38.87632,40.84484,29.52205,28.03776,28.1348,27.8492,27.58445,24.554,25.88914,26.98479,36.69534,43.7138,47.09,46.94166,47.26229,46.31684,45.95433,43.83538,39.62788,
2025-11-17,12.0,16.7,14.55,87.958333,9.854167,53.916667,324.0,0,40.01975,39.74217,40.14817,40.53045,40.82235,43.26341,48.28862,40.99348,38.34,39.82597,39.91043,39.52004,39.89698,40.03483,42.47576,50.07768,51.16244,51.57882,50.69915,50.45709,50.39711,50.16692,46.3134,43.68543,
2025-11-18,9.2,15.1,12.004167,81.125,3.725,127.208333,538.0,1,44.96326,43.6329,42.95854,43.45504,46.26375,48.55941,52.90868,51.43659,46.7365,42.29946,41.69088,40.53788,39.34804,40.03076,41.18021,51.12795,55.46823,54.68088,54.11427,54.06218,53.38852,53.63685,52.08633,49.56789,
2025-11-19,8.8,15.9,12.275,80.333333,5.5625,137.041667,576.0,2,45.5939,45.8834,44.00174,44.35891,46.81359,49.58027,53.97953,50.19543,40.08008,35.51002,34.95556,34.81904,32.68543,32.8872,34.16423,48.48681,56.09557,56.75741,54.84135,56.0631,56.32633,56.0588,53.82232,50.22272,
2025-11-20,9.2,16.4,12.275,87.291667,10.2,83.666667,369.0,3,49.19098,48.85419,46.0716,46.02113,46.2632,49.16951,55.48402,44.18081,36.54705,35.90803,35.96199,36.84692,36.87817,36.64893,39.4717,51.06524,53.87978,53.50381,53.14335,53.41202,52.82264,52.64628,51.3794,48.57722,
2025-11-21,11.2,17.6,13.754167,83.0,9.7375,112.375,543.0,4,47.43152,47.30292,46.09735,45.76273,46.14616,51.52838,55.56016,54.07899,51.12916,47.70547,45.36267,45.11296,43.49788,44.0289,45.94908,50.46738,54.20633,55.22697,53.87851,53.94627,53.79009,53.50902,51.24104,48.25582,
2025-11-22,11.2,19.8,15.220833,71.541667,4.804167,115.0,546.0,5,46.97353,46.40766,45.582,45.98584,44.56116,47.03854,48.94972,46.85842,40.37782,37.4509,35.37812,33.18807,32.84619,32.35941,36.18823,44.45653,50.97662,51.2378,49.40706,50.50298,51.46664,52.44325,51.24684,50.16084,
2025-11-23,10.8,19.5,14.954167,81.791667,5.8875,146.291667,574.0,6,47.61544,47.34271,46.52334,44.7325,46.62244,45.67,46.547,27.51059,5.636,3.83242,1.54169,1.82012,1.21728,-0.50422,1.16524,25.38814,46.84194,46.79632,46.68888,47.1162,46.56463,47.48287,46.11844,46.15507,
2025-11-24,12.8,18.6,15.0875,88.0,4.983333,123.708333,509.0,0,43.40569,43.68974,43.07182,43.09523,43.12642,43.49637,52.00065,43.54146,24.42781,22.94663,22.15162,21.87725,21.71166,20.24332,23.03899,45.05845,51.56427,52.10288,51.16736,51.15651,50.97946,51.20357,50.11706,48.00969,
2025-11-25,9.4,21.1,14.679167,79.0,5.441667,148.916667,588.0,1,48.58848,48.62746,47.65145,47.82547,48.0409,55.09977,58.90791,46.44,29.69736,27.8609,27.38077,25.52334,24.0101,23.30775,28.99473,50.86583,59.39763,60.44384,58.99172,58.90671,59.14941,59.2452,56.99508,56.40451,
2025-11-26,10.8,23.1,16.104167,69.0,7.5875,150.583333,593.0,2,55.52875,53.37446,51.02131,51.13118,51.08906,56.7,61.16664,47.64598,30.41247,28.04222,29.0645,28.61615,29.0806,28.74222,30.22526,48.36926,55.77591,55.36292,55.22401,55.02173,55.72499,55.6777,54.5675,52.48912,
2025-11-27,11.6,22.5,15.866667,70.583333,5.6625,124.166667,551.0,3,56.79303,54.35618,51.14631,50.4407,50.12473,47.45483,51.08582,46.77039,40.82253,41.28212,40.74182,40.33495,40.03408,40.80427,41.77175,51.3052,53.77199,52.49743,51.01274,50.835,50.6451,51.54047,50.48291,48.40485,
2025-11-28,11.4,20.0,14.958333,77.791667,5.404167,145.208333,574.0,4,54.59271,53.74997,52.64653,48.75334,48.59688,48.74392,54.39155,39.09192,16.5674,16.02,15.78476,15.91256,15.37774,14.5055,15.37109,34.98894,48.31859,48.98886,48.35614,48.49996,48.67299,48.44328,47.70108,47.69791,
2025-11-29,11.1,18.8,13.895833,86.041667,4.4875,136.916667,565.0,5,46.98875,44.85877,45.9129,47.12525,47.16726,45.03555,47.66688,39.38898,25.43799,25.46752,25.04838,24.87418,23.75059,21.26,24.47921,48.10687,51.48066,51.70983,51.10553,51.22196,51.56892,52.06591,50.73641,50.62741,
2025-11-30,10.7,16.7,13.170833,92.0,5.208333,89.291667,403.0,6,49.01009,48.15009,45.32125,45.47977,45.73344,45.7097,47.14196,29.98015,11.6291,11.12687,11.0,11.30206,10.27369,9.84526,10.82872,29.72596,47.07538,47.96321,48.07395,48.1518,48.25526,48.31506,47.96522,47.86624,
2025-12-01,9.6,18.5,13.366667,85.083333,5.204167,137.125,563.0,0,56.53057,53.49635,53.83932,53.78162,54.53623,55.22021,63.83991,53.02475,31.00947,30.37381,30.10986,29.9592,28.25208,25.21756,30.05875,50.56064,57.33309,58.29495,57.27398,57.58408,57.39467,57.99079,56.73505,56.20543,
2025-12-02,7.6,17.4,12.566667,76.333333,5.4,133.625,532.0,1,56.08532,53.82969,52.32171,52.36564,52.54656,59.44926,63.33598,51.38949,34.63304,33.36371,33.0496,32.80904,32.42108,30.06962,33.94568,51.08773,57.15635,57.41435,57.30606,58.06533,57.38193,57.93062,56.51057,53.43019,
2025-12-03,10.3,18.2,13.679167,83.875,6.345833,134.5,545.0,2,51.63005,50.90896,50.34996,50.73668,51.31464,57.283,63.07811,59.11468,40.33356,38.87782,38.08058,37.89184,36.67227,33.59794,38.41071,53.65921,58.47389,57.25389,58.43114,58.10491,58.2659,58.27456,57.18416,56.5751,
2025-12-04,8.1,19.6,13.175,56.625,6.291667,142.125,566.0,3,53.50201,50.31596,49.3699,49.38799,51.02021,54.81089,59.10808,53.59765,35.74524,34.9649,34.42219,33.27527,32.05783,30.00691,33.96297,49.93604,56.59131,57.12908,56.77594,56.89982,57.81575,57.30412,56.21358,55.56155,
2025-12-05,6.8,18.8,12.441667,59.041667,4.85,139.25,555.0,4,51.43464,49.89545,49.49909,49.52935,50.07606,53.03986,58.86747,51.97498,34.61743,33.58623,33.44649,33.30374,31.87474,30.79559,33.59064,45.70766,53.2553,53.13163,52.79754,53.27865,52.66197,53.30051,52.2423,51.89486,
2025-12-06,8.6,19.0,13.329167,68.541667,5.179167,138.0,553.0,5,48.05634,47.95481,44.78094,43.87238,42.35853,44.76337,48.13715,42.62323,23.14461,22.15066,21.30187,21.57787,19.85566,15.8,20.61216,38.50578,49.5591,50.22657,50.37152,50.186,50.4364,50.37811,49.4048,49.00718,
2025-12-07,8.6,19.8,13.683333,70.083333,4.0,137.0,548.0,6,51.42107,50.20547,50.07683,49.03789,46.16088,48.33594,51.01325,40.84319,23.78114,23.78618,23.14472,20.0,18.3821,15.35751,22.14128,45.66729,52.28055,52.06277,51.83496,52.01074,52.32352,51.98078,51.44806,50.81358,
2025-12-08,9.4,22.6,14.883333,66.5,5.320833,138.625,555.0,0,48.71255,49.62509,48.44744,47.97494,49.34834,50.88626,58.45183,54.36228,35.8175,33.62409,33.20983,33.21087,33.79031,32.89409,34.35741,52.10353,56.8516,56.63026,56.36654,56.05189,56.13136,56.22497,55.21384,53.42163,
2025-12-09,10.9,24.9,16.416667,49.166667,6.233333,138.916667,556.0,1,47.32214,44.68679,44.02488,43.21011,44.23718,47.80724,52.12425,46.48319,34.72568,33.25,33.56371,33.65829,32.38073,32.60694,34.26555,49.36056,53.83875,51.40901,51.6987,51.364,51.45733,51.40193,49.56414,46.86325,
2025-12-10,11.0,24.0,15.991667,51.833333,5.833333,139.0,557.0,2,44.37296,42.03,40.007,39.36719,40.26525,44.55966,46.74766,39.64582,29.33992,29.05402,28.83333,28.79015,28.72406,28.46722,28.67246,41.0595,46.43741,47.45857,47.30805,47.41727,47.08261,45.99112,45.17542,43.16981,
2025-12-11,10.9,24.3,16.3625,57.333333,4.954167,137.333333,550.0,3,37.56712,36.56431,35.57582,35.43,36.73,39.78652,43.6649,38.71346,28.66065,28.5375,28.13466,27.57566,27.5977,28.72388,28.50954,41.23234,47.90726,47.85646,46.73293,46.60378,46.98109,46.72215,45.86136,44.88693,
2025-12-12,10.4,21.2,14.979167,80.083333,5.25,133.125,549.0,4,45.10611,43.04439,41.40038,40.91251,41.80774,46.01041,49.81644,43.33,33.02186,33.19077,33.13896,32.76806,32.42507,31.62044,30.54405,40.0,46.62985,46.55533,46.51217,46.32508,46.37647,46.02038,45.54793,45.15072,
2025-12-13,11.8,17.1,13.75,91.875,4.625,117.583333,510.0,5,40.81722,40.96295,37.37322,35.83387,37.57958,39.13942,41.42805,37.0,30.25843,28.26807,29.35626,29.87126,29.32192,28.94333,29.07147,40.17021,43.24144,43.32091,43.16914,42.86165,43.10328,43.27087,42.3547,42.29069,
2025-12-14,11.8,17.6,13.7875,90.666667,3.529167,118.583333,509.0,6,39.61234,38.40505,36.73084,36.84069,35.62262,35.54751,37.65169,35.87329,29.97097,29.26036,28.5361,28.59903,28.53776,27.51541,26.79927,33.19762,42.62311,42.97278,43.61832,43.7823,43.17967,42.76691,42.29996,42.19084,
2025-12-15,10.7,18.1,13.1375,91.666667,5.1,127.333333,531.0,0,36.49823,36.29,35.5546,35.3496,35.90627,39.46389,41.71907,40.50229,28.09772,27.801,28.11922,27.11919,27.82093,27.12345,27.53763,37.45443,44.70045,44.31001,43.65562,44.57481,44.77041,43.9925,42.65832,41.18196,
2025-12-16,10.1,18.5,13.325,88.0,4.933333,121.25,522.0,1,39.12279,38.4843,35.73082,35.65,36.38453,39.1821,43.32251,40.78226,29.34986,28.44273,27.65413,27.65049,26.96452,26.64698,26.5,35.99848,40.46353,40.78351,40.50703,40.5739,40.7584,40.14823,39.41601,37.50123,
2025-12-17,11.6,20.0,15.0375,83.166667,7.708333,110.541667,508.0,2,33.90662,33.04125,31.30737,31.18063,31.35719,34.6,39.06117,36.75304,27.59033,25.45917,25.64469,25.44904,23.87589,22.39496,23.79704,31.79239,33.17747,38.05739,37.83217,37.94244,38.16583,37.66119,36.67887,35.67027,
2025-12-18,10.6,21.0,14.395833,80.416667,6.3125,130.833333,530.0,3,34.91399,34.86972,34.23682,34.63302,36.08,38.15215,42.1599,40.8606,31.32014,30.63597,30.47381,30.07368,29.50496,28.95246,29.84768,36.50969,39.34274,39.75559,39.1046,39.18043,39.21327,39.02649,37.98623,35.51284,
2025-12-19,9.7,19.4,14.195833,88.291667,5.529167,130.541667,534.0,4,30.99676,30.08651,29.33814,29.30259,30.2378,32.56642,36.61808,35.17842,28.75447,28.97763,28.40758,28.64761,26.67601,25.28098,26.78787,32.87512,36.16087,36.30725,36.56221,36.0762,36.40117,36.45231,34.98959,32.65271,
2025-12-20,12.6,17.4,14.35,91.291667,6.166667,93.416667,436.0,5,26.89508,26.94484,25.96755,25.89442,26.31727,28.02636,31.7074,28.30421,24.87375,25.2281,24.56962,25.05164,24.15932,24.7633,23.85747,31.8983,36.52244,36.8637,36.33546,36.21187,36.2989,36.25927,35.15,34.92782,
2025-12-21,11.2,16.4,13.479167,94.833333,4.7875,112.833333,497.0,6,32.05094,31.84709,28.9609,28.206,29.15,31.68206,30.10909,26.48398,25.80167,25.81711,25.12,24.60676,24.49262,23.57524,25.44406,31.56923,34.43486,34.76936,34.60234,34.95915,34.51355,34.19693,33.92932,32.99234,
2025-12-22,11.0,16.6,13.766667,93.958333,3.8125,98.041667,424.0,0,31.77953,31.1,30.76099,30.59106,31.45412,34.20315,38.12492,37.99476,32.62341,31.28365,30.83315,30.94846,30.44597,30.09081,30.94635,39.75021,41.64271,41.75021,41.57828,40.82939,41.29114,40.77797,36.81044,34.29225,
2025-12-23,14.1,16.5,15.275,88.0,11.325,39.625,266.0,1,31.67614,30.68182,30.0,29.94489,30.21928,32.41311,34.67999,34.24505,33.03482,33.2492,31.91879,31.08635,31.05319,30.94732,31.88078,34.29014,37.02484,36.54096,36.82428,36.37019,35.99352,35.24417,32.30622,31.65904,
2025-12-24,12.8,17.5,15.2625,92.208333,15.520833,14.875,102.0,2,28.2976,27.74342,27.51855,27.48844,27.76369,28.35421,31.44334,31.56458,34.2794,34.06655,33.66629,32.79667,31.3771,31.36502,32.68292,34.43855,34.57871,34.82665,33.6265,32.4538,30.89396,30.87536,29.4196,28.65477,
2025-12-25,12.0,18.0,14.8875,86.333333,12.3375,92.875,356.0,3,25.74782,25.55105,25.25164,25.05495,25.32889,25.07435,25.43392,23.90538,18.25142,17.37614,17.17098,16.85931,16.32816,15.42221,16.32403,21.70179,29.36839,30.08347,29.7171,29.35,29.55334,29.72019,29.58873,29.16805,
2025-12-26,13.1,16.2,14.579167,90.708333,7.3625,41.5,321.0,4,26.35971,27.73294,25.81717,25.79668,27.32859,28.03087,30.08,29.10656,28.2779,26.08,23.58536,23.52973,23.44025,23.82857,23.75999,31.14105,32.36096,32.36468,32.4026,31.79986,32.10885,32.52157,31.02165,27.88409,
2025-12-27,8.1,15.4,11.6625,82.083333,4.091667,128.416667,537.0,5,18.18335,18.0053,17.58568,17.43549,17.75044,18.07435,20.22362,18.33145,5.24924,1.98748,3.16894,2.19611,0.40431,-0.69809,0.42104,3.9271,29.20715,29.67162,29.68856,29.88133,29.40251,29.72321,28.48,28.09306,
2025-12-28,6.1,17.7,11.283333,76.666667,5.870833,138.25,553.0,6,28.42411,27.60052,27.17786,26.66877,26.81493,26.57596,27.09012,22.40656,7.35605,3.84322,3.40497,3.46789,0.57583,-0.62335,3.0288,15.39271,31.44721,32.29471,32.14672,32.13053,32.38162,32.27412,31.80343,31.72479,
2025-12-29,6.4,19.9,12.591667,66.5,5.658333,140.958333,562.0,0,30.52143,30.01643,29.69573,28.82205,30.05575,31.31593,35.47035,31.32406,25.57719,18.34903,18.18842,16.85088,15.16625,13.37375,18.07443,26.76933,37.57546,37.57775,37.69159,37.73835,37.61737,37.51824,36.33023,35.22648,
2025-12-30,11.0,18.4,14.133333,63.208333,10.725,53.583333,370.0,1,34.52025,32.80185,32.47286,32.20394,34.1941,38.16333,41.77699,39.2358,34.12838,29.32937,28.85931,29.05439,28.49984,28.87736,30.08,37.47482,38.27277,38.57067,38.44401,38.10118,38.44697,38.31162,37.57506,34.75327,
2025-12-31,14.1,16.3,15.225,78.458333,10.2875,14.791667,69.0,2,36.52656,36.60804,36.20471,36.08,36.08,38.8917,40.69261,42.56963,43.37698,43.85007,43.42246,43.7883,43.03539,43.48855,42.86542,42.65896,44.03905,44.43364,44.01605,43.72415,40.22513,39.08392,36.77782,37.07846,
2026-01-01,12.9,17.3,14.925,93.333333,7.404167,59.291667,369.0,3,37.86711,37.24,34.73451,34.45181,35.92718,34.90727,37.9361,35.21596,32.12377,32.03836,31.99252,29.90699,28.69103,28.45158,28.84334,32.66406,35.68,36.72132,36.30809,36.57998,36.75504,36.31973,35.8804,34.25541,
2026-01-02,12.4,17.5,14.970833,90.125,7.195833,60.958333,277.0,4,34.41689,34.40922,34.0743,34.45705,35.34313,34.45209,35.23583,33.74154,30.59984,28.53938,26.71789,26.46808,25.05105,24.39453,25.99108,32.25583,38.63058,39.16229,38.92207,38.72274,38.44375,38.45089,37.41252,37.24863,
2026-01-03,13.1,16.9,14.925,95.0,8.4875,31.541667,211.0,5,32.63254,30.736,30.04605,29.87061,29.50311,30.75459,34.4704,32.02685,31.47176,31.32,30.34374,29.93249,29.15836,28.93227,29.85236,33.77996,36.19962,36.72921,36.73603,36.48104,35.8058,35.58429,34.70985,30.96699,
2026-01-04,12.4,15.4,13.695833,93.541667,5.270833,43.041667,186.0,6,26.32248,25.52316,24.89718,24.70741,24.49058,25.82653,25.93951,25.60809,22.50953,22.70234,22.05134,21.90954,21.81749,21.77624,21.9806,28.59821,31.85265,32.39104,32.17474,32.43434,32.4185,32.16506,32.0003,29.40658,
2026-01-05,10.1,16.2,13.054167,90.208333,6.25,96.375,430.0,0,30.03409,29.32072,28.01871,28.08,29.05757,31.60614,35.6241,35.81917,32.34828,27.63461,27.52553,27.99472,27.74689,27.60163,29.642,36.42667,39.27842,39.96831,40.55003,39.74187,40.01889,39.89603,38.54854,37.14479,
2026-01-06,10.6,17.5,13.5375,84.5,5.483333,100.958333,465.0,1,30.21836,29.84998,29.39629,29.35235,29.51941,32.82818,37.40034,37.04659,33.06903,30.84918,28.48318,27.54775,25.69117,24.56268,24.64074,29.04854,35.46706,35.94746,35.82473,35.90837,35.94499,35.83222,34.69366,32.98924,
2026-01-07,9.7,17.4,13.208333,76.5,7.645833,133.5,539.0,2,29.87141,28.79485,27.46,27.08,27.36865,30.44518,35.17153,35.40633,29.09006,24.04152,23.43144,22.56404,21.19496,19.47255,19.61107,23.49513,29.86125,30.22599,30.29108,30.08857,30.0201,29.96685,29.06411,25.52688,
2026-01-08,7.8,15.1,12.079167,59.708333,13.383333,133.708333,518.0,3,25.84,22.96879,22.20412,22.26479,22.47066,26.81462,29.99437,28.34576,18.49872,10.0758,8.52072,8.79926,5.88495,2.83587,4.20371,10.35529,33.13543,33.62761,33.64413,33.64032,33.83829,34.56691,33.36773,33.25959,
2026-01-09,6.1,15.9,10.391667,60.291667,4.341667,146.833333,578.0,4,37.32208,35.64674,35.25564,35.38466,35.66633,40.58678,48.09124,41.02016,25.42536,13.09332,13.22268,12.61306,10.73636,8.77887,8.91489,15.8237,36.64129,36.7877,37.62498,37.70571,38.03573,39.40678,37.42363,36.88366,
2026-01-10,4.7,17.8,10.6,66.375,5.341667,147.583333,580.0,5,35.05467,33.73396,32.32456,31.65559,31.94891,33.49673,36.89872,34.19042,15.91848,4.92399,6.36069,6.38735,4.41422,1.35756,1.70838,16.02,34.79718,35.62835,35.37122,35.21465,35.12555,35.28353,34.30752,34.02145,
2026-01-11,7.1,19.8,12.345833,62.416667,6.325,149.0,583.0,6,35.48,34.55364,33.43965,33.6714,31.30846,34.61371,34.3932,30.93096,9.09683,1.87256,1.82,1.73733,-0.36188,-0.3763,0.05973,8.00748,30.75448,34.21759,34.07514,34.30802,34.34861,34.40339,34.51415,34.18217,
2026-01-12,7.6,19.7,12.754167,64.5,5.995833,146.958333,578.0,0,35.70763,34.67947,34.78224,34.69434,35.28237,36.97292,43.36604,41.46389,21.6158,14.21212,13.24882,13.4758,11.74021,9.1,10.93034,14.87275,36.89278,37.48462,37.12615,37.05339,37.12642,37.92496,36.97471,36.44675,
2026-01-13,7.8,22.5,13.429167,66.791667,6.1375,147.916667,578.0,1,33.95328,32.97194,32.96841,32.82297,33.17842,36.82301,40.48911,37.48858,15.72046,9.08011,9.52775,9.711,9.07193,8.37457,6.15251,12.36,34.82625,38.52866,34.1983,34.76701,34.8047,35.01753,33.86869,32.16775,
2026-01-14,9.5,22.8,14.629167,70.0,6.666667,147.125,577.0,2,28.75306,28.12014,28.04806,28.01334,28.1418,31.67457,36.98512,34.97105,11.85418,7.60212,7.38689,8.20133,7.69125,4.47346,4.5,13.36061,34.26127,35.5214,34.68041,34.49334,34.45457,33.7308,32.80207,32.39365,
2026-01-15,10.9,23.5,15.795833,64.541667,5.8375,148.125,578.0,3,30.26144,27.31248,27.0436,26.78609,26.79961,30.48,33.50495,32.54579,7.64711,3.83603,5.37846,5.02984,4.87437,4.29257,3.48199,11.46648,31.3269,31.51457,31.94629,31.50297,31.55707,31.52866,30.49412,29.74736,
2026-01-16,9.3,22.0,14.695833,68.75,6.104167,151.708333,591.0,4,27.96141,27.34267,26.21847,26.2628,26.26672,28.9217,32.17275,30.31,7.74066,3.26867,3.86484,4.33629,3.95675,2.93,2.87874,9.13422,30.17334,31.00478,30.48632,30.46056,30.43774,30.71888,29.8679,29.71076,
2026-01-17,9.1,21.8,14.579167,61.166667,6.354167,146.916667,583.0,5,27.66084,26.5271,25.64287,25.75,25.5551,26.58664,31.27081,26.3725,5.65006,0.73977,0.38,1.4567,2.0529,0.0,0.77206,6.24877,27.87211,29.33111,29.3992,29.05609,29.16862,29.12433,28.15048,27.42161,
2026-01-18,10.1,21.7,14.6,59.75,6.029167,134.416667,558.0,6,26.61872,25.03011,25.01748,24.65693,23.82564,25.53019,26.39241,24.1073,13.06302,9.49182,8.10287,8.99775,8.0613,6.0,6.51059,13.04955,28.72666,28.98389,28.91261,28.78144,28.61064,28.88692,28.52287,28.14189,
2026-01-19,10.8,21.5,14.633333,66.416667,5.383333,152.25,595.0,0,29.36134,28.92216,28.41334,28.28151,28.31474,28.11989,34.70148,33.99553,19.73871,15.77642,15.4019,16.00434,15.42541,14.31342,13.97798,21.04773,33.10561,33.27928,32.99247,32.98485,32.99109,33.24778,32.39165,32.61899,
2026-01-20,9.6,22.5,14.5125,64.958333,6.083333,152.791667,596.0,1,34.73441,32.71701,31.83573,31.61562,31.78335,34.88196,38.48242,38.21756,24.79546,21.20941,21.34516,22.13652,21.51106,21.47248,19.27716,24.89797,35.5489,36.19366,35.57759,35.69502,35.77706,35.89823,34.32712,31.9539,
2026-01-21,9.4,16.9,13.095833,87.291667,3.475,84.833333,355.0,2,33.90763,33.23909,33.37511,33.38134,34.02337,36.64719,39.35265,39.89589,37.95756,35.64532,35.36801,34.81786,34.87442,34.7767,35.31504,38.39587,40.92373,41.53229,41.48464,41.26205,41.49882,41.39762,37.13789,34.40373,
2026-01-22,12.4,16.6,14.091667,90.5,3.8875,84.625,393.0,3,42.00747,39.56657,39.86816,39.52348,40.18278,43.14785,48.24701,48.02924,42.96204,39.24915,38.41137,37.59331,37.3663,37.06852,36.75039,38.55725,46.07058,46.69038,46.4702,45.89432,45.41114,44.35436,41.14854,38.90772,
2026-01-23,12.0,17.0,14.154167,91.916667,4.841667,115.25,517.0,4,47.98576,44.94144,45.14701,44.2938,44.2642,45.40511,54.7691,54.88453,44.85359,40.52828,40.41925,40.21256,40.2284,37.84312,36.80986,40.28428,48.30989,51.56169,51.18861,51.2286,51.66147,53.22605,48.21978,45.5716,
2026-01-24,11.7,16.6,14.166667,83.375,4.779167,115.083333,450.0,5,54.55946,52.72394,53.49968,52.39995,55.0604,56.90498,60.99361,59.12906,40.62103,35.5091,34.72728,33.96515,31.39406,27.71146,27.30232,34.79719,57.46689,60.17961,60.22258,59.82296,59.37454,59.62964,58.94139,57.82171,
2026-01-25,6.7,17.8,12.179167,67.5,5.75,143.666667,596.0,6,89.13361,79.16783,87.3196,78.08121,87.43325,81.34851,90.74648,70.14453,46.31702,43.45975,43.19399,42.94732,41.24533,42.08564,44.39199,59.21,85.68683,85.75779,86.02437,85.26516,85.80991,85.19836,84.61109,84.02495,
2026-01-26,8.9,21.0,13.954167,53.291667,6.170833,154.458333,567.0,0,94.5324,98.54123,93.47,94.02,95.52,105.24498,104.35793,106.21403,80.9957,62.40689,54.70086,53.48247,48.70435,44.512,43.07049,55.14616,86.4649,90.71885,90.79204,90.85174,90.53431,90.99082,90.36097,89.20028,
2026-01-27,6.6,20.1,12.808333,48.125,6.866667,170.125,651.0,1,72.91463,69.07458,68.50819,68.33636,68.9766,80.62791,83.00708,78.83817,46.14171,35.10014,33.62092,32.89551,32.38581,30.54735,30.89813,35.26386,67.97729,72.54,70.73782,70.13712,70.15,69.69384,68.33767,68.57821,
2026-01-28,8.4,20.8,13.720833,49.041667,4.55,145.375,573.0,2,51.72528,52.33113,52.07043,54.61756,50.82743,58.26702,57.54582,60.15059,41.94292,33.35352,31.9398,30.61984,28.47902,28.57639,26.56059,30.72629,48.80603,51.54957,51.13411,51.79131,51.74253,51.27238,50.05911,49.46145,
2026-01-29,9.3,24.6,16.2125,33.541667,7.7625,170.375,644.0,3,38.79,35.5174,35.59244,35.52926,35.4637,36.44973,44.30891,43.01576,25.77697,14.88152,15.03163,15.02886,14.76,10.82735,10.08,15.0,37.29962,40.96085,41.35533,41.5061,41.5518,41.38331,39.46014,35.86,
2026-01-30,11.1,26.4,17.745833,32.958333,7.345833,169.958333,643.0,4,36.45705,36.16712,33.61123,33.61848,33.51154,36.68835,42.01233,36.93178,23.60069,17.5288,19.06088,19.28766,18.7056,15.25937,14.209,19.73543,35.13814,36.99269,36.60078,36.58,36.08544,36.2369,35.14564,34.52929,
2026-01-31,12.3,27.3,18.725,36.083333,7.158333,171.125,646.0,5,32.71552,32.7469,33.27546,32.70776,33.77212,35.09076,37.83718,32.94073,14.8488,6.10371,6.62628,7.39925,6.72176,2.69511,5.70753,8.52268,33.44022,33.69925,33.67872,33.91434,33.76873,34.0438,33.56265,34.09845,
2026-02-01,12.3,24.0,17.204167,47.833333,7.679167,170.458333,648.0,6,37.3277,34.9975,33.73326,34.73194,32.3,31.34473,31.54828,27.60987,11.34326,10.00376,10.66636,11.92135,11.95068,11.83314,12.00883,17.84112,30.82774,31.69757,31.43929,31.16058,31.38412,31.50291,31.0005,31.26227,
2026-02-02,12.2,23.0,16.283333,69.291667,5.558333,172.541667,648.0,0,31.55676,30.4139,30.656,30.37631,30.66412,35.08217,38.99343,37.40277,21.98122,12.68144,12.64757,12.46282,12.45833,9.48712,10.80115,14.83824,33.94257,34.42248,34.19265,34.46772,35.28143,34.95181,34.16841,34.12191,
2026-02-03,9.0,22.2,14.929167,77.791667,5.141667,176.208333,661.0,1,32.94881,30.61974,30.06832,30.02325,30.13388,34.78997,38.28012,33.22061,16.31826,5.90566,7.14196,7.32681,6.84541,3.42928,2.2791,7.93,33.59406,37.60214,36.15626,35.68244,35.35972,35.54759,34.02048,33.20073,
2026-02-04,11.4,27.3,18.45,42.958333,7.275,180.625,674.0,2,34.3126,31.69265,31.36539,31.09268,31.22309,35.34224,38.67283,31.1193,15.67581,7.72326,9.45764,9.5332,9.50309,9.52456,8.58054,8.657,32.56509,33.8736,33.4703,33.38363,33.01642,33.11521,32.68673,31.84304,
2026-02-05,12.1,26.9,18.533333,40.583333,7.791667,149.25,557.0,3,30.0815,28.86928,28.2869,28.13323,28.20626,29.35268,33.66782,31.95855,21.26192,17.79157,20.48688,21.07662,21.1719,21.26056,21.6609,26.9304,34.54455,34.76441,34.97573,34.73996,34.94738,34.94,34.05848,30.25284,
2026-02-06,13.8,19.8,16.379167,80.333333,5.704167,149.458333,572.0,4,32.62,31.52537,31.06384,30.93536,30.91503,33.58744,37.36357,35.01,28.83568,26.35818,26.10731,25.70997,25.68934,25.11291,24.23286,25.9126,32.08,32.79174,32.84946,32.39856,32.8931,32.70952,32.0893,31.35818,
2026-02-07,10.6,20.5,15.629167,75.416667,7.05,166.458333,657.0,5,32.51805,31.69747,30.15129,30.09079,30.33293,30.92767,33.83375,27.94273,5.81515,0.0463,-0.31636,0.37995,-0.27467,-0.38538,-0.46401,1.27,24.9101,30.41548,30.53357,30.64602,30.47068,30.64803,30.52576,30.35388,
2026-02-08,11.6,26.0,17.708333,52.0,6.979167,184.375,681.0,6,32.04455,31.34185,30.81557,30.65776,30.30166,30.9961,31.79658,22.29959,-1.19917,-4.09342,-4.04585,-4.16974,-4.18378,-5.16262,-4.37678,-1.63548,24.2489,29.23111,29.25286,29.58659,29.47981,29.42424,29.58075,28.84489,
2026-02-09,11.9,23.2,16.5125,63.666667,5.554167,147.291667,642.0,0,27.64139,27.30866,27.01035,27.30742,27.27537,29.23975,32.78845,29.74274,17.22588,16.93407,16.69815,16.69135,16.57658,17.12948,16.73854,19.57276,34.99884,36.32719,36.56219,36.4997,36.47309,36.48574,35.05304,34.99155,
2026-02-10,14.6,18.0,15.8375,85.458333,12.370833,62.75,249.0,1,32.61986,32.32007,32.32078,32.18785,32.01853,33.47141,38.75071,36.07317,32.94981,31.0713,30.08247,29.5623,29.32488,28.87517,29.63266,32.12652,36.12008,36.50371,36.26847,36.19015,36.35645,35.95349,33.75086,30.99915,
2026-02-11,12.4,16.9,14.995833,77.375,8.425,135.958333,521.0,2,36.45443,34.27049,33.96329,33.91939,34.02449,34.54933,40.71524,40.78947,35.34532,31.51616,30.69528,29.74206,29.16018,28.03647,27.65067,28.80743,34.25719,37.1191,37.24318,36.88545,36.85109,36.99569,36.03749,35.8056,
2026-02-12,9.0,17.0,13.325,78.916667,6.370833,180.875,684.0,3,35.27756,33.79471,33.4666,33.43981,33.69158,37.7692,40.50076,36.19897,24.4955,17.34316,16.81176,16.70486,15.94159,14.54636,16.05785,18.37843,32.2323,35.81966,35.60009,35.36368,35.63919,35.62179,34.71848,34.23947,
2026-02-13,7.9,19.5,13.595833,70.583333,5.241667,193.291667,706.0,4,33.88792,33.46559,33.47394,33.55614,34.23418,36.81257,40.84009,39.11892,22.25049,13.02393,11.79412,11.43713,10.14789,5.19739,5.01494,10.0222,30.15526,35.16556,34.8012,34.95178,35.23537,35.30249,34.98524,34.9041,
2026-02-14,10.4,18.9,14.2125,80.291667,7.120833,177.791667,662.0,5,39.75446,39.45429,37.13347,36.90993,34.50024,33.54124,37.59878,27.55993,4.72988,0.28054,0.40968,0.49601,0.42175,-0.40911,-0.31413,2.52525,29.03518,34.01945,33.92905,33.8275,33.7924,34.0295,33.29345,33.19313,
2026-02-15,10.9,17.5,13.970833,73.041667,5.320833,104.625,421.0,6,34.45636,34.27777,34.35263,31.98629,32.26539,31.23418,31.0193,27.65796,20.49,13.4999,12.93015,12.46164,11.83938,11.95532,10.20203,13.56099,27.4924,31.6453,31.73849,31.64858,31.83551,31.81233,31.73822,31.23401,
2026-02-16,10.4,13.8,12.65,80.458333,14.854167,40.916667,279.0,0,32.23111,31.56317,31.70533,31.55878,31.36074,32.15004,35.61876,35.05597,33.24563,33.53759,33.47461,32.18898,31.74572,32.42046,33.06766,34.53052,36.81281,38.10162,37.91292,37.88077,37.87541,37.62322,35.46291,33.00815,
2026-02-17,9.1,14.7,12.170833,77.666667,13.075,145.625,627.0,1,31.88239,30.81817,29.92351,29.82524,29.8374,31.78328,35.96487,30.64,19.6552,16.0,15.35006,15.2285,15.30325,15.36525,15.3118,16.59842,31.49864,33.69694,33.65238,33.43888,33.30648,33.33607,31.17744,30.63893,
2026-02-18,10.8,13.9,12.070833,62.083333,20.075,192.708333,705.0,2,31.92738,29.88974,29.24864,29.34826,29.54134,34.01594,37.69121,33.0543,15.12891,8.84128,8.61609,8.13094,8.73511,8.84345,4.6885,9.41296,27.06805,34.20132,34.45034,34.3675,34.25155,34.24071,33.77407,32.65263,
2026-02-19,8.1,13.6,10.8125,74.958333,14.625,64.041667,345.0,3,31.2061,33.74217,31.82335,31.42416,31.7794,34.77161,39.39309,33.11872,27.09111,28.91,28.94033,26.62997,25.48093,25.27502,23.85403,27.75322,28.9136,36.6846,37.08063,36.67807,36.74273,36.99556,35.41897,34.43089,
2026-02-20,4.2,14.1,9.516667,66.75,6.608333,179.833333,753.0,4,34.00076,31.18206,30.79786,31.02,31.40792,35.8047,38.83678,35.88388,19.36776,11.91812,9.69813,9.19517,8.98872,8.23459,7.24907,9.86466,25.99747,37.02119,37.02625,36.88668,36.74662,37.04757,36.30544,35.91622,
2026-02-21,5.2,18.6,11.633333,66.625,5.775,208.75,745.0,5,38.70091,37.85079,35.81939,35.88129,35.81998,35.80893,39.53989,23.63144,-2.91105,-8.55492,-8.15285,-9.59574,-7.99607,-9.4002,-8.29485,-6.739,20.58163,35.43285,35.54603,35.29114,35.05524,35.16805,34.21302,34.24956,
2026-02-22,7.6,18.7,12.795833,73.333333,5.883333,212.166667,747.0,6,34.32,34.01956,33.02104,33.38434,33.35651,33.84109,34.06731,21.27081,-2.08,-6.66441,-6.90262,-6.81975,-8.15184,-8.93311,-7.9901,-6.61545,16.07125,34.08797,34.39617,34.46299,34.36196,34.45749,34.06026,33.73321,
2026-02-23,9.3,21.1,14.5125,70.791667,6.454167,210.083333,754.0,0,33.42664,33.36701,33.11658,32.16447,32.30636,34.62842,38.46968,26.61021,10.88253,-0.12467,0.54815,1.4169,1.27977,0.0,0.85213,3.03507,24.23347,34.14027,36.15171,34.08887,34.22334,35.393,33.82056,30.66746,
2026-02-24,11.9,21.4,15.3,77.041667,4.379167,200.25,724.0,1,27.93673,27.84955,25.88455,25.79134,25.84978,28.25853,31.48676,22.39608,-0.66,-4.40387,-4.07522,-4.44,-3.89662,-4.45486,-4.83947,-3.58794,17.3828,29.36637,29.72566,30.2199,29.46332,29.26434,27.7534,26.87461,
2026-02-25,11.3,21.2,15.4,82.583333,4.479167,204.083333,736.0,2,24.1673,23.71645,21.90927,21.7774,21.78767,23.81,27.10551,9.76696,-2.66972,-6.68745,-6.62003,-6.64166,-6.68238,-7.36501,-6.65032,-6.44188,10.19972,25.2781,25.55039,25.51939,25.375,25.33078,24.65541,23.8744,
2026-02-26,12.4,21.5,17.25,79.791667,6.620833,209.166667,735.0,3,22.53992,20.96492,19.88043,19.58323,19.76553,22.69272,25.03333,8.98,-1.98042,-3.53344,-3.72873,-3.94083,-3.90535,-3.60869,-3.20917,-3.44768,12.14936,27.38805,27.3416,26.84402,26.72358,27.11689,26.61227,25.7655,
2026-02-27,14.9,27.0,20.004167,67.458333,6.666667,216.083333,760.0,4,24.66315,24.59009,24.12517,24.02257,24.55165,24.82845,30.4409,13.8,3.25952,2.364,2.32831,2.73677,2.81982,2.98073,2.61762,5.92,23.2673,30.68272,30.43923,30.28385,30.31184,30.26554,29.49835,29.41707,
2026-02-28,16.0,26.0,19.783333,67.166667,5.9625,213.583333,767.0,5,27.77593,27.66841,27.05772,25.63,24.45485,25.03,25.45353,15.08837,-0.44953,-2.89397,-3.38578,-3.43128,-3.69349,-3.48397,-3.49204,-1.95891,16.51793,27.16662,26.94681,26.56,26.41694,26.4445,25.77535,25.08305,
2026-03-01,13.8,23.3,17.495833,75.666667,5.9875,210.25,762.0,6,24.22953,24.50985,24.24523,24.08,24.16835,23.13738,18.51917,0.98239,-9.62666,-9.56517,-9.59088,-9.42007,-9.34767,-9.36772,-8.72335,-5.28974,11.27974,24.02426,24.01353,23.96685,23.59471,23.60503,23.62851,23.2393,
2026-03-02,13.8,19.6,16.116667,80.041667,5.270833,212.958333,761.0,0,27.74091,27.07691,26.12636,23.80772,23.8122,15.57979,28.39669,9.0,-4.62054,-7.37112,-7.04435,-7.0062,-8.26067,-7.62474,-7.6336,-7.12093,1.37889,19.16156,18.94238,19.3,19.80406,18.88067,18.64,11.73661,
2026-03-03,12.6,20.5,15.5625,80.791667,6.229167,215.458333,774.0,1,27.33276,25.75536,26.48258,26.66594,25.78059,24.08984,32.53567,11.90084,-4.25643,-5.55391,-5.91156,-5.09343,-4.77579,-4.71282,-5.96683,-4.33708,15.73203,31.08198,31.65748,31.0,30.87876,30.922,28.56656,24.22752,
2026-03-04,12.2,19.7,14.941667,86.041667,5.3875,194.875,753.0,2,24.10752,23.76456,23.58448,23.04513,23.73268,26.77,30.21033,15.68012,-3.49782,-4.65308,-5.0467,-4.93845,-4.85011,-5.12158,-7.60502,-5.87,3.95241,22.8529,23.45803,23.04303,22.84535,19.632,21.579,21.397,
2026-03-05,13.0,24.4,17.804167,40.541667,17.0875,235.875,812.0,3,22.15066,21.75867,21.41013,21.43672,21.72516,23.39343,24.76785,4.34483,-6.28151,-9.60745,-9.53313,-8.51031,-8.0,-8.03391,-9.89708,-10.42527,-1.05412,21.66989,22.27951,22.23638,22.26258,22.45,21.19736,20.87904,
2026-03-06,11.6,22.5,16.395833,37.291667,7.554167,233.0,757.0,4,22.15015,21.86152,21.70394,20.78592,20.15553,22.27708,25.5782,5.62895,-6.75605,-9.27412,-9.39334,-9.30159,-10.32,-10.21417,-9.98177,-8.97283,0.0,23.99568,24.71248,24.59493,24.4525,24.75288,23.98177,23.77558,
2026-03-07,13.4,25.2,19.245833,18.375,13.841667,244.333333,831.0,5,20.69514,20.5951,20.44761,18.81314,17.55609,18.86792,19.06495,-1.03188,-13.0,-13.33,-12.841,-12.96902,-13.07607,-13.09445,-13.13411,-12.67042,-1.77061,20.39639,20.83878,20.84632,20.76621,20.71715,20.16829,19.59302,
2026-03-08,14.3,29.8,22.278261,17.521739,6.973913,256.869565,838.0,6,27.15628,26.59225,,24.97012,26.1407,25.90927,21.68724,18.87959,-0.55656,-10.06021,-12.71958,-12.75174,-13.19978,-13.0424,-13.20751,-12.26388,-9.10257,1.01209,24.26161,24.33871,24.2572,23.88816,24.20244,24.16562,
2026-03-09,13.6,20.6,16.670833,72.041667,9.004167,231.0,797.0,0,29.0949,28.68946,27.89219,27.83906,27.5437,28.1777,35.62129,33.73627,11.08,-9.59519,-12.34,-12.4,-9.89,-11.68,-12.17,-11.74,-3.57376,11.58495,29.69724,30.78705,30.03486,21.37,28.85505,28.9342,
2026-03-10,13.1,18.4,15.045833,83.791667,5.445833,201.666667,719.0,1,25.90739,25.98369,26.01315,26.08,26.05304,26.40867,32.75969,35.82992,10.0,-14.3,-15.78,-16.97,-15.34,-15.67,-18.13,-17.62,-7.59282,-0.51268,26.81671,26.7795,26.78263,18.09,25.57704,25.5463,
2026-03-11,10.5,20.1,14.829167,80.541667,6.0,234.75,819.0,2,25.2893,25.22965,25.19727,25.19898,25.30158,27.17049,32.19276,32.66277,8.51157,-6.67808,-7.01363,-6.61849,-6.21058,-6.31126,-6.37052,-6.28003,-4.87788,4.71511,29.91582,31.9239,29.5565,29.43331,28.21822,28.03799,
2026-03-12,12.7,26.9,19.354167,58.75,6.091667,247.916667,837.0,3,29.20214,28.91902,27.33665,26.74466,27.3153,29.19399,32.55548,30.53631,7.53991,-4.47523,-4.9066,-5.0,-4.63037,-4.24913,-3.91379,-4.34185,-0.02956,16.40815,35.00367,36.23,33.02775,33.0482,31.07328,30.28544,
2026-03-13,14.9,30.0,20.958333,38.416667,6.379167,225.875,808.0,4,26.10607,25.72584,25.05899,24.64769,24.55695,25.2679,30.48866,31.62091,5.36909,-1.72923,-0.33022,-0.24845,0.29745,0.54305,0.92861,0.64359,4.25882,23.98278,33.41881,31.09299,30.39906,30.577,29.48751,28.37848,
2026-03-14,13.8,24.6,18.608333,65.291667,6.366667,251.083333,847.0,5,24.29039,22.89408,21.29383,19.90415,17.84801,17.64861,22.41382,21.01781,-2.99428,-11.80381,-13.09439,-13.06298,-13.10372,-13.2773,-13.04497,-12.98989,-12.42725,-0.46487,21.41423,21.72026,21.55029,21.63797,20.39816,20.48137,
2026-03-15,13.8,22.8,17.304167,79.208333,5.404167,231.875,829.0,6,26.97521,27.30202,24.68035,25.19604,26.99678,26.87585,24.34815,23.97725,-3.25551,-10.85782,-11.14019,-11.00451,-11.05734,-11.24812,-11.21775,-10.69,-6.57379,14.68911,35.13655,35.13892,34.88033,34.96419,34.78934,34.81737,
2026-03-16,13.9,22.2,17.245833,82.583333,4.204167,232.541667,788.0,0,36.90852,33.78035,33.74372,32.28705,32.24126,31.2298,38.38773,36.91848,10.16878,-0.70394,-1.36378,-0.46673,-0.77725,-0.79471,-1.00979,-0.28716,5.27991,28.01652,40.96256,40.74244,38.10432,37.06633,36.58866,36.30978,
2026-03-17,14.6,31.9,22.2125,46.833333,6.141667,254.458333,846.0,1,32.40109,31.47557,29.66295,29.27124,27.9335,32.60063,34.88352,29.52098,6.43745,-0.15754,-2.0,-0.51721,-0.1883,0.70863,1.41982,4.21072,12.7696,32.16917,45.48196,42.89484,40.76764,40.21524,39.1478,38.17075,
2026-03-18,17.2,28.0,21.816667,55.5,6.266667,255.583333,846.0,2,33.08346,34.79824,30.69311,33.10077,29.92278,35.76501,35.13945,32.71589,10.74062,4.90507,2.6473,3.32628,5.62782,6.56773,7.31165,12.97703,19.40779,33.53744,47.3046,48.30725,39.5443,39.25704,37.41108,36.53,
2026-03-19,15.7,28.8,20.6625,67.666667,5.370833,252.583333,853.0,3,31.17104,28.35307,27.38354,27.37,27.7344,28.0853,34.52046,32.47584,9.17841,3.85368,3.91092,6.45043,5.84548,6.38323,6.02484,9.11,15.42735,38.4472,55.64426,56.65939,45.6412,44.15661,43.59246,40.99311,
2026-03-20,15.9,28.0,20.1125,73.5,4.920833,252.125,848.0,4,45.69857,42.00894,33.78675,33.56814,33.90024,36.3319,42.14301,33.44933,8.87214,4.61171,5.77267,7.39809,7.98358,9.2397,8.67,13.8307,20.0,39.48264,59.80218,56.89878,51.5052,43.12227,39.91862,35.27168,
2026-03-21,15.7,23.6,18.208333,83.958333,5.4875,239.0,869.0,5,32.39814,30.03433,28.19772,26.39596,26.02169,28.04819,32.07558,24.3882,1.03392,-1.13011,-1.44583,-1.36256,-1.53563,-1.84278,-2.91126,-1.51812,-0.11853,25.06144,41.40995,39.48791,31.03661,30.63172,28.74886,27.53326,
2026-03-22,15.6,22.9,18.154167,81.125,4.691667,245.833333,848.0,6,27.52628,24.81175,22.7778,22.3442,22.35192,24.99283,24.86957,18.32317,-0.97134,-3.29989,-3.25936,-3.39264,-3.7605,-3.95066,-3.55776,-3.55187,-3.15458,12.01233,37.67527,34.61538,34.89129,31.05587,30.29394,29.3114,
2026-03-23,14.4,23.1,17.816667,83.125,5.379167,246.958333,851.0,0,25.8,25.16432,24.96345,25.14272,25.5,28.66876,32.4613,31.62744,1.41435,-1.52601,-2.27613,-2.15938,-1.8786,-1.8178,-2.01103,-1.74925,-0.0458,9.63984,41.03977,40.67238,36.07008,36.23838,34.70647,32.48801,
2026-03-24,15.0,22.1,17.779167,82.458333,5.445833,253.041667,856.0,1,26.83443,26.18212,25.83091,26.24737,26.2245,29.89304,35.04038,28.69179,5.11873,1.2067,0.76559,0.80453,0.76388,0.2665,0.44476,0.6272,3.42351,18.54781,39.55068,38.11474,31.27536,30.23,27.29356,26.75208,
2026-03-25,14.2,19.8,16.725,86.791667,5.8,250.458333,864.0,2,22.21257,20.23402,20.13526,20.08685,20.13725,22.00682,29.43072,27.8733,2.78548,0.20008,0.04514,-0.07963,-0.19929,-0.11762,-0.20136,-0.36828,-0.07948,9.13081,26.77566,27.8,26.53438,25.62764,22.27437,20.76971,
2026-03-26,13.9,23.3,17.175,81.416667,6.241667,253.625,879.0,3,21.32917,19.31005,18.92065,18.86133,19.23368,23.2313,28.20441,27.132,3.61664,0.24527,0.33091,0.14015,0.07617,0.19772,-0.00405,0.10474,2.30844,17.12283,31.32097,31.17724,30.54542,29.85338,27.41153,26.51094,
2026-03-27,13.6,23.1,17.3,82.5,4.620833,246.083333,883.0,4,32.1616,28.43181,25.13,24.82574,25.0,28.76441,33.89412,28.31175,8.78513,3.84835,3.53318,4.05381,3.87615,4.21919,4.2964,4.55651,6.40761,24.55512,35.13379,35.556,31.1657,31.03776,27.75283,27.49773,
2026-03-28,13.6,20.8,16.95,80.375,4.4875,229.625,762.0,5,29.3205,28.06049,25.7092,24.61288,22.46872,23.4115,31.01243,24.5808,5.18597,-0.29102,-0.54101,-0.42118,-0.50835,-0.55558,-0.43433,-0.03628,6.28046,22.77403,32.61723,34.8216,31.10715,31.07266,27.38102,26.893,
2026-03-29,13.2,23.0,17.5625,79.0,5.25,274.833333,896.0,6,24.09583,23.93867,23.12965,22.85621,22.34693,22.66193,23.69353,17.05519,0.39516,-4.20993,-5.20475,-4.30964,-4.32453,-4.4192,-4.3785,-4.04516,-1.51549,10.58755,27.67909,27.6193,27.90647,26.88603,26.36459,26.00874,
2026-03-30,13.4,22.3,17.1375,79.708333,5.425,224.791667,759.0,0,22.24272,21.66543,21.37867,21.393,21.89602,27.06016,32.81088,30.86644,20.0,10.06817,10.72735,9.99844,10.99018,9.47299,11.29454,11.32659,11.80413,22.03916,30.35626,33.55082,29.27242,28.67434,25.49753,25.31248,
2026-03-31,16.0,20.9,17.9875,81.291667,6.595833,101.375,466.0,1,27.99026,23.96078,22.0838,21.74,21.74947,25.56819,31.48181,32.06813,30.39998,28.63866,26.94108,25.12728,24.0853,23.90458,23.24866,23.94721,24.3845,29.95675,31.16185,31.13585,30.79554,30.24056,25.20067,24.11252,
2026-04-01,14.5,18.7,16.6125,83.75,8.866667,272.75,888.0,2,25.88002,25.81561,25.78159,24.28959,25.81448,28.51074,33.22653,28.56383,7.45554,-8.70035,-10.20802,-9.66716,-10.17,-10.11689,-9.24325,-9.14049,-9.99431,0.23437,21.44449,23.48719,23.72272,23.43166,23.22458,22.8043,
2026-04-02,14.1,20.0,16.329167,79.125,6.6625,220.25,738.0,3,24.70192,23.97383,24.49506,23.75582,24.25347,25.0712,30.26,20.25318,-2.833,-11.11202,-10.55157,-8.97935,-9.68833,-9.94796,-9.95679,-9.99971,-8.67731,-2.87975,19.14618,19.54746,19.03952,22.04947,20.21508,19.91115,
2026-04-03,12.6,22.8,17.6,75.083333,5.320833,259.333333,864.0,4,22.4915,22.88278,23.20552,23.31221,23.43689,24.85587,30.45498,19.59258,-7.50203,-12.26787,-12.0,-11.16805,-10.86244,-10.43683,-10.30391,-10.06074,-7.6256,0.60125,24.49948,28.45632,27.88068,26.88889,26.19805,26.32807,
2026-04-04,11.9,28.4,19.945833,39.833333,7.075,298.375,946.0,5,23.91121,23.06748,27.6,23.07888,29.46313,29.51364,27.80735,14.13337,-10.09083,-13.50222,-11.89,-11.74414,-11.41979,-11.32707,-11.62475,-11.38149,-8.579,6.57236,28.90421,29.42807,29.03536,29.04921,28.18674,27.81993,
2026-04-05,14.3,24.6,19.141667,49.166667,6.479167,280.375,930.0,6,26.01369,25.39654,24.72024,21.9,22.08523,24.73033,25.8,9.24455,-12.44282,-14.72011,-14.03147,-13.07655,-13.28833,-12.65403,-12.94227,-13.77546,-10.41586,7.27668,28.31172,28.66526,27.79871,24.0,27.53473,27.37443,
2026-04-06,15.9,24.5,18.225,75.375,6.266667,269.166667,902.0,0,28.27977,25.04231,24.53836,23.93939,24.27469,26.70874,30.89219,28.34353,11.11784,0.06801,-2.33606,-3.40543,-2.80342,-2.65765,-2.41362,-3.93803,-2.98195,5.77453,25.72035,27.89498,26.52125,25.13722,24.87323,23.80598,
2026-04-07,14.2,22.2,17.333333,80.083333,5.929167,270.791667,913.0,1,19.5452,18.46039,18.40003,18.22306,18.43399,21.7529,23.53919,7.37,-15.67845,-17.59886,-13.94399,-13.65665,-12.94971,-13.36067,-13.55142,-13.45185,-14.04368,-8.37716,19.91066,20.76635,21.47412,20.62677,20.52691,19.49657,
2026-04-08,14.1,23.1,17.795833,80.166667,5.5875,280.041667,926.0,2,20.95686,19.77173,19.97109,20.35976,20.60063,21.50001,24.67463,9.69604,-12.0198,-15.31818,-11.83642,-11.63286,-10.37126,-9.89076,-10.65872,-10.77917,-14.43652,-5.73894,21.8118,22.71648,22.47774,21.92306,21.31053,20.58794,
2026-04-09,15.6,23.0,18.2375,81.916667,6.508333,236.041667,863.0,3,24.44701,22.82449,21.06962,20.85096,21.7543,24.94969,25.97999,13.98579,-5.77911,-14.44053,-7.89936,-1.7492,-2.27055,-3.4003,-2.04086,1.8565,7.52416,19.31347,28.42334,30.0,28.35012,27.96151,27.41666,26.97852,
2026-04-10,16.3,19.8,17.454167,79.75,8.0125,249.625,890.0,4,32.10649,29.19965,29.17292,29.16988,29.3599,34.26301,36.34218,28.44233,-2.63593,-8.57591,-4.88954,-4.47622,-3.59307,-4.8443,-3.50993,-2.28889,-1.34951,6.04749,28.05251,28.39197,28.03624,27.90424,27.2089,27.05639,
2026-04-11,13.9,19.9,16.845833,75.375,8.016667,280.208333,895.0,5,25.3438,25.25253,23.56205,22.61688,23.39134,23.74534,28.09616,8.72988,-11.83317,-13.36584,-11.82986,-11.68769,-12.41827,-12.02291,-11.17639,-11.78147,-10.5911,-2.03773,21.90348,22.89906,22.5717,22.49479,21.97794,21.98013,
2026-04-12,14.1,17.6,15.7625,72.583333,10.95,225.083333,850.0,6,20.57999,19.92263,20.17,19.39782,19.47498,19.96044,20.40694,10.5666,-1.23834,-5.7511,-5.35328,-5.87087,-4.71046,-4.52802,-4.47558,-4.49536,-4.28891,-1.03456,18.67096,19.40389,18.53708,18.61523,18.76631,18.6297,
2026-04-13,12.6,17.5,14.979167,70.625,8.9,263.166667,872.0,0,19.17279,19.1572,19.26322,19.29932,19.52804,23.02431,24.05142,14.99459,-6.33789,-8.25611,-7.03128,-7.38276,-7.33873,-7.57822,-7.19503,-7.36819,-7.8499,-3.42669,15.77853,18.90079,18.60889,18.53457,18.08807,17.96962,
2026-04-14,11.5,20.1,15.4625,74.875,7.8625,299.958333,938.0,1,15.81787,15.62951,15.8185,15.77047,16.51257,18.85833,21.48143,9.38127,-11.01287,-13.94001,-11.86983,-12.19208,-11.71203,-11.71115,-12.19792,-11.81928,-12.1412,-8.44108,11.22,18.60184,18.66051,18.32129,16.59392,16.4727,
2026-04-15,11.8,20.3,15.875,77.0,6.879167,300.625,935.0,2,19.0585,18.82882,18.93189,18.77025,19.04956,22.1756,25.32229,12.06713,-6.82744,-10.61589,-9.99988,-10.30961,-9.75057,-9.56773,-9.55904,-9.7574,-9.66249,-3.63367,17.21292,17.96723,17.85594,17.50294,17.22832,17.0184,
2026-04-16,13.4,20.8,16.516667,77.583333,6.425,253.208333,803.0,3,19.04012,18.32625,18.27304,18.19836,19.07074,19.03018,22.97306,14.48257,0.84355,-1.97456,-4.96136,-7.12244,-7.8239,-8.90787,-12.27377,-12.03,-7.9012,-4.19801,10.03128,14.9666,14.80364,14.76078,14.53793,14.33211,
2026-04-17,13.7,21.8,17.366667,72.833333,7.5375,289.0,938.0,4,19.51105,19.44682,19.60816,19.62306,19.86241,23.3468,25.58243,9.14892,-10.26776,-13.22344,-12.10042,-12.56,-11.61696,-11.82464,-11.63657,-11.67712,-11.82693,-5.21617,24.88408,26.85521,27.33315,26.93334,26.55499,26.43857,
2026-04-18,13.6,23.7,18.133333,68.75,7.391667,307.083333,956.0,5,30.55837,30.49867,30.2315,29.79237,29.92533,30.41345,30.50889,0.27589,-16.7,-18.20867,-13.23669,-12.37878,-11.84909,-11.74901,-11.28502,-12.12801,-12.72324,-2.99115,28.43983,29.81378,28.90486,28.87441,28.31829,27.90015,
2026-04-19,14.4,21.5,17.525,73.541667,6.270833,304.083333,948.0,6,31.01802,30.16701,28.78418,28.55107,28.22605,27.99415,26.35369,12.99,-4.94335,-10.33839,-9.32313,-7.34404,-7.10684,-6.76712,-6.76646,-6.82717,-7.83943,-2.73218,23.47502,24.94235,24.04785,24.1845,24.33318,24.15876,
2026-04-20,12.0,20.1,16.145833,75.083333,7.5875,309.083333,953.0,0,32.75324,30.35377,32.36439,31.58466,32.93477,34.2188,35.54593,15.8242,-6.29998,-8.66846,-7.86232,-9.58459,-7.94516,-7.94793,-7.44249,-8.14033,-8.40746,-0.28314,29.18705,30.30369,30.32574,29.8939,28.69261,28.66517,
2026-04-21,12.4,18.9,16.033333,75.625,9.7,163.25,503.0,1,27.40851,25.52488,25.58148,24.90598,25.59962,25.67665,27.82822,15.19979,-1.77702,-3.46667,-4.27314,-4.6182,-4.39114,-4.31874,-4.13373,-5.10214,-6.15121,-0.23415,24.5163,25.16326,25.45807,25.96034,24.98479,24.48667,
2026-04-22,12.3,18.6,15.941667,67.166667,10.15,298.916667,941.0,2,20.37537,19.56783,18.56249,18.6525,18.81502,17.36137,17.73885,-1.86466,-11.08659,-16.21086,-18.47228,-18.35887,-16.32522,-15.94988,-15.06193,-14.7183,-16.0,-13.38615,6.00177,14.21441,13.72512,14.11856,14.55387,15.03013,
2026-04-23,11.8,22.4,16.7,67.666667,8.05,302.875,954.0,3,12.3185,12.54681,12.51036,11.64928,12.57091,14.26568,13.59678,-5.26191,-13.05184,-11.73183,-11.03033,-10.30983,-10.28227,-10.56364,-10.19951,-10.33849,-10.64611,-8.00524,8.36354,13.66373,13.93957,14.13494,15.09805,13.98071,
2026-04-24,13.8,22.2,17.320833,70.0,9.0125,305.375,946.0,4,19.66025,19.6177,18.93142,17.36673,18.99146,20.75154,19.38021,3.7,-8.11898,-10.02521,-9.63144,-10.81835,-9.86593,-9.46248,-9.60874,-9.17,-8.28713,-5.92431,15.21186,19.77893,19.65189,19.80238,18.9562,18.67186,
2026-04-25,13.2,17.3,14.945833,73.708333,10.091667,124.75,494.0,5,20.33767,20.2,19.31754,18.8735,19.24323,19.04883,18.74519,13.2318,-0.22861,-2.398,-1.26563,-2.23942,-1.9463,-1.63366,-1.12164,-0.56296,-0.2253,5.37,16.70557,17.68637,17.46858,17.41399,17.57421,17.29253,
2026-04-26,12.5,16.9,14.816667,67.458333,14.316667,284.375,928.0,6,19.67011,18.36968,18.33631,18.53046,18.34631,17.92718,15.79372,-3.84024,-11.26297,-12.86909,-11.68386,-10.93287,-9.92252,-9.87958,-9.81589,-9.84447,-9.7983,-8.9898,6.64486,12.94041,12.84393,12.82805,12.86298,12.7028,
2026-04-27,13.3,17.9,15.583333,59.916667,10.958333,305.25,932.0,0,21.2569,20.49418,18.32,17.31369,18.6035,20.82372,21.10729,3.01334,-12.08886,-17.35308,-18.4458,-16.88029,-17.74887,-17.48546,-15.37741,-14.78654,-15.31854,-12.83382,11.43456,14.32024,14.19816,14.22322,15.36493,16.16849,
2026-04-28,11.8,20.5,15.85,64.541667,7.495833,320.083333,974.0,1,19.86245,20.1765,20.43465,19.98923,20.8751,22.31184,22.1882,3.15079,-9.78772,-14.16517,-12.22013,-10.85221,-11.04221,-11.16652,-10.27635,-10.36511,-10.19877,-3.67082,20.26373,21.80782,21.30449,21.85651,22.35756,22.09967,
2026-04-29,11.9,20.5,16.191667,73.166667,7.129167,320.958333,968.0,2,21.82089,21.14,21.01735,20.70694,21.17048,21.9197,22.27265,4.30976,-8.24129,-10.3363,-9.22164,-7.64944,-7.69011,-7.97304,-7.28402,-7.8369,-7.64503,-5.37954,19.56581,20.82706,21.83348,21.05916,19.46885,19.42655,
2026-04-30,13.3,20.9,16.533333,79.5,7.841667,298.708333,953.0,3,20.48946,19.27461,18.80466,18.79423,18.87486,21.36344,19.7229,0.97666,-9.59648,-10.5659,-8.90404,-8.56278,-8.36213,-8.92311,-8.25693,-8.54577,-9.72479,-8.64637,15.07824,19.01195,18.91107,18.74537,17.87156,17.731,
2026-05-01,14.8,21.0,17.079167,78.083333,9.204167,282.5,953.0,4,22.81184,22.09666,18.55339,18.72269,21.767,23.0351,23.54039,4.61307,-8.2946,-10.88,-6.7767,-7.02883,-7.42666,-7.30698,-7.11438,-6.45595,-6.08344,1.99772,27.72381,30.4499,28.8568,28.73203,28.12124,27.85168,
2026-05-02,13.9,19.1,16.2375,80.5,7.066667,278.25,932.0,5,38.36296,38.54737,36.87321,36.76275,35.77532,36.93253,31.5,8.62623,-4.58223,-4.88626,-3.6963,-3.99596,-3.94708,-3.99856,-4.44119,-3.5363,0.0,11.62714,35.8563,38.01853,38.30256,37.70073,37.03544,36.88173,
2026-05-03,14.6,17.1,15.495833,74.541667,9.525,170.125,600.0,6,37.89047,38.65295,36.05053,38.93155,31.50999,38.11,30.21266,6.35412,-0.88512,-2.49127,-3.44318,-3.71985,-3.80258,-3.87051,-3.84721,-4.56724,-3.62924,-0.25691,27.3786,30.85942,31.00739,31.00847,30.85801,30.58454,
2026-05-04,13.7,18.5,15.741667,70.583333,11.691667,258.958333,848.0,0,29.07016,28.12186,27.72104,27.30561,27.52751,28.19936,34.93,22.5628,10.00479,5.24097,4.96447,4.52542,4.53672,4.31877,5.12005,4.97619,5.66221,15.49999,29.53347,32.53278,32.50667,32.07562,31.57581,31.03344,
2026-05-05,13.1,17.5,15.395833,73.916667,9.15,287.708333,850.0,1,25.25,25.69153,25.03,24.41776,25.20547,26.03526,24.03621,8.03848,-2.20359,-3.42117,-4.47436,-5.13651,-5.09444,-5.16512,-5.17543,-5.32073,-5.50014,-4.89444,14.52168,22.04102,22.06612,21.68728,23.79722,23.77565,
2026-05-06,12.9,20.2,16.2125,74.541667,8.15,318.25,957.0,2,15.91987,17.86,17.71,13.41,14.29,15.01,16.52084,-3.96,-17.17,-17.17,-17.17,-17.17,-17.17,-17.17,-20.06,-20.0,-20.05,-17.17,1.93,25.64935,25.32249,25.50506,24.88526,24.62762,
2026-05-07,13.4,20.5,16.65,80.166667,6.7,319.333333,963.0,3,29.63082,29.5576,29.43497,29.60021,31.5723,34.16003,36.7802,-4.33065,-16.36071,-16.86338,-13.21279,-14.36462,-13.59928,-14.57763,-15.32954,-15.25498,-15.0,-12.7143,22.13725,28.56907,29.30431,28.98735,27.81911,27.54458,
